{
"type": "FeatureCollection",
"name": "banks",
"crs": { "type": "name", "properties": { "name": "urn:ogc:def:crs:OGC:1.3:CRS84" } },
"features": [
{"type":"Feature","properties":{"osm_id":"255181645","code":2601,"fclass":"bank","name":"NSB"},"geometry":{"type":"Point","coordinates":[80.065837,6.7175215]}},
{"type":"Feature","properties":{"osm_id":"256181183","code":2601,"fclass":"bank","name":"Commercial Bank of Ceylon"},"geometry":{"type":"Point","coordinates":[79.8849608,6.8663027]}},
{"type":"Feature","properties":{"osm_id":"256542592","code":2601,"fclass":"bank","name":"NSB"},"geometry":{"type":"Point","coordinates":[79.9242797,6.8010035]}},
{"type":"Feature","properties":{"osm_id":"617156572","code":2601,"fclass":"bank","name":"NTB Head Office"},"geometry":{"type":"Point","coordinates":[79.8568591,6.9206501]}},
{"type":"Feature","properties":{"osm_id":"617200588","code":2601,"fclass":"bank","name":"HNB"},"geometry":{"type":"Point","coordinates":[79.9300388,6.907695]}},
{"type":"Feature","properties":{"osm_id":"617763056","code":2601,"fclass":"bank","name":"Seylan Bank"},"geometry":{"type":"Point","coordinates":[79.883922,6.8872978]}},
{"type":"Feature","properties":{"osm_id":"617764934","code":2601,"fclass":"bank","name":null},"geometry":{"type":"Point","coordinates":[79.9353451,6.8771377]}},
{"type":"Feature","properties":{"osm_id":"618555632","code":2601,"fclass":"bank","name":"Bank of Ceylon"},"geometry":{"type":"Point","coordinates":[79.8574626,6.9205318]}},
{"type":"Feature","properties":{"osm_id":"618555936","code":2601,"fclass":"bank","name":"Seylan Townhall"},"geometry":{"type":"Point","coordinates":[79.8645946,6.9167839]}},
{"type":"Feature","properties":{"osm_id":"618555937","code":2601,"fclass":"bank","name":"Seylan Bank"},"geometry":{"type":"Point","coordinates":[79.8760026,6.9165044]}},
{"type":"Feature","properties":{"osm_id":"618555938","code":2601,"fclass":"bank","name":"Sampath Bank"},"geometry":{"type":"Point","coordinates":[79.8757838,6.916414]}},
{"type":"Feature","properties":{"osm_id":"618555964","code":2601,"fclass":"bank","name":"HNB"},"geometry":{"type":"Point","coordinates":[79.8958134,6.909951]}},
{"type":"Feature","properties":{"osm_id":"618754292","code":2601,"fclass":"bank","name":"Commercial Bank of Ceylon"},"geometry":{"type":"Point","coordinates":[79.935075,6.8760097]}},
{"type":"Feature","properties":{"osm_id":"618754293","code":2601,"fclass":"bank","name":"Hatton National Bank"},"geometry":{"type":"Point","coordinates":[79.9360834,6.8756601]}},
{"type":"Feature","properties":{"osm_id":"619128105","code":2601,"fclass":"bank","name":"Commercial Bank of Ceylon"},"geometry":{"type":"Point","coordinates":[79.8918809,6.8745931]}},
{"type":"Feature","properties":{"osm_id":"619198035","code":2601,"fclass":"bank","name":"Seylan Bank"},"geometry":{"type":"Point","coordinates":[79.8636254,6.89037]}},
{"type":"Feature","properties":{"osm_id":"619198043","code":2601,"fclass":"bank","name":"Commercial Bank of Ceylon"},"geometry":{"type":"Point","coordinates":[79.8599119,6.8978477]}},
{"type":"Feature","properties":{"osm_id":"619198049","code":2601,"fclass":"bank","name":"HSBC"},"geometry":{"type":"Point","coordinates":[79.8569663,6.8962721]}},
{"type":"Feature","properties":{"osm_id":"619201714","code":2601,"fclass":"bank","name":"HNB"},"geometry":{"type":"Point","coordinates":[79.8578941,6.8864566]}},
{"type":"Feature","properties":{"osm_id":"619237153","code":2601,"fclass":"bank","name":"CDB"},"geometry":{"type":"Point","coordinates":[79.8609811,6.9320917]}},
{"type":"Feature","properties":{"osm_id":"619265158","code":2601,"fclass":"bank","name":"People's Bank"},"geometry":{"type":"Point","coordinates":[79.847768,6.9301484]}},
{"type":"Feature","properties":{"osm_id":"619300867","code":2601,"fclass":"bank","name":"Sampath Borella"},"geometry":{"type":"Point","coordinates":[79.878604,6.9139085]}},
{"type":"Feature","properties":{"osm_id":"619692917","code":2601,"fclass":"bank","name":"NTB"},"geometry":{"type":"Point","coordinates":[79.9206064,6.8968291]}},
{"type":"Feature","properties":{"osm_id":"619944433","code":2601,"fclass":"bank","name":"HNB"},"geometry":{"type":"Point","coordinates":[79.9232068,6.849679]}},
{"type":"Feature","properties":{"osm_id":"619956275","code":2601,"fclass":"bank","name":"People's Bank"},"geometry":{"type":"Point","coordinates":[79.9078382,6.8587464]}},
{"type":"Feature","properties":{"osm_id":"620391332","code":2601,"fclass":"bank","name":"PABC"},"geometry":{"type":"Point","coordinates":[79.8762298,6.8782036]}},
{"type":"Feature","properties":{"osm_id":"620519820","code":2601,"fclass":"bank","name":"Peoples Bank"},"geometry":{"type":"Point","coordinates":[79.8632296,6.9164951]}},
{"type":"Feature","properties":{"osm_id":"620524462","code":2601,"fclass":"bank","name":"BOC"},"geometry":{"type":"Point","coordinates":[79.9553496,6.9042244]}},
{"type":"Feature","properties":{"osm_id":"620524463","code":2601,"fclass":"bank","name":"Sampath Bank"},"geometry":{"type":"Point","coordinates":[79.9557858,6.9027021]}},
{"type":"Feature","properties":{"osm_id":"620524467","code":2601,"fclass":"bank","name":"Seylan Bank"},"geometry":{"type":"Point","coordinates":[79.9554691,6.9035792]}},
{"type":"Feature","properties":{"osm_id":"620524468","code":2601,"fclass":"bank","name":"HNB"},"geometry":{"type":"Point","coordinates":[79.9573722,6.9033168]}},
{"type":"Feature","properties":{"osm_id":"621053860","code":2601,"fclass":"bank","name":"Vallibel Finance"},"geometry":{"type":"Point","coordinates":[79.9289811,6.8919556]}},
{"type":"Feature","properties":{"osm_id":"621817274","code":2601,"fclass":"bank","name":"BOC"},"geometry":{"type":"Point","coordinates":[79.8769346,6.8964177]}},
{"type":"Feature","properties":{"osm_id":"621835642","code":2601,"fclass":"bank","name":"Nations Trust Bank"},"geometry":{"type":"Point","coordinates":[79.8870233,6.8856549]}},
{"type":"Feature","properties":{"osm_id":"621993731","code":2601,"fclass":"bank","name":"BOC"},"geometry":{"type":"Point","coordinates":[79.8636348,6.8902911]}},
{"type":"Feature","properties":{"osm_id":"621993732","code":2601,"fclass":"bank","name":"People's Bank"},"geometry":{"type":"Point","coordinates":[79.863739,6.8908128]}},
{"type":"Feature","properties":{"osm_id":"621993746","code":2601,"fclass":"bank","name":"NSB"},"geometry":{"type":"Point","coordinates":[79.8595435,6.8799399]}},
{"type":"Feature","properties":{"osm_id":"621999004","code":2601,"fclass":"bank","name":"NSB"},"geometry":{"type":"Point","coordinates":[79.8504217,6.9109249]}},
{"type":"Feature","properties":{"osm_id":"622283706","code":2601,"fclass":"bank","name":"HNB"},"geometry":{"type":"Point","coordinates":[79.8843932,6.8675759]}},
{"type":"Feature","properties":{"osm_id":"622288496","code":2601,"fclass":"bank","name":"HSBC"},"geometry":{"type":"Point","coordinates":[79.8805884,6.8696064]}},
{"type":"Feature","properties":{"osm_id":"625772789","code":2601,"fclass":"bank","name":"Sampath Bank"},"geometry":{"type":"Point","coordinates":[79.8534149,6.919862]}},
{"type":"Feature","properties":{"osm_id":"625772800","code":2601,"fclass":"bank","name":"HNB"},"geometry":{"type":"Point","coordinates":[79.8499767,6.9190752]}},
{"type":"Feature","properties":{"osm_id":"625772804","code":2601,"fclass":"bank","name":"HSBC"},"geometry":{"type":"Point","coordinates":[79.8502073,6.9191472]}},
{"type":"Feature","properties":{"osm_id":"625772809","code":2601,"fclass":"bank","name":"Sampath Bank"},"geometry":{"type":"Point","coordinates":[79.8502368,6.9192084]}},
{"type":"Feature","properties":{"osm_id":"646796924","code":2601,"fclass":"bank","name":"HNB"},"geometry":{"type":"Point","coordinates":[79.8633715,6.9169798]}},
{"type":"Feature","properties":{"osm_id":"652398687","code":2601,"fclass":"bank","name":null},"geometry":{"type":"Point","coordinates":[79.8681916,6.8285195]}},
{"type":"Feature","properties":{"osm_id":"653109309","code":2601,"fclass":"bank","name":"DFCC Vardhana Bank"},"geometry":{"type":"Point","coordinates":[79.8568852,6.914329]}},
{"type":"Feature","properties":{"osm_id":"653129367","code":2601,"fclass":"bank","name":"Peoples Bank"},"geometry":{"type":"Point","coordinates":[79.862033,6.9241529]}},
{"type":"Feature","properties":{"osm_id":"654148506","code":2601,"fclass":"bank","name":"Sampath Bank"},"geometry":{"type":"Point","coordinates":[79.849581,6.932717]}},
{"type":"Feature","properties":{"osm_id":"654148507","code":2601,"fclass":"bank","name":"Peoples Bank"},"geometry":{"type":"Point","coordinates":[79.851595,6.9321759]}},
{"type":"Feature","properties":{"osm_id":"667226835","code":2601,"fclass":"bank","name":"Seylan Bank"},"geometry":{"type":"Point","coordinates":[79.9634489,6.841889]}},
{"type":"Feature","properties":{"osm_id":"667274850","code":2601,"fclass":"bank","name":"Commercial Bank of Ceylon"},"geometry":{"type":"Point","coordinates":[79.8620187,6.8716964]}},
{"type":"Feature","properties":{"osm_id":"667820775","code":2601,"fclass":"bank","name":"Union Bank"},"geometry":{"type":"Point","coordinates":[79.8548777,6.9120486]}},
{"type":"Feature","properties":{"osm_id":"667823928","code":2601,"fclass":"bank","name":"NDB"},"geometry":{"type":"Point","coordinates":[79.8571951,6.9134758]}},
{"type":"Feature","properties":{"osm_id":"669256899","code":2601,"fclass":"bank","name":"NTB Nawam Mawatha"},"geometry":{"type":"Point","coordinates":[79.8507625,6.9192376]}},
{"type":"Feature","properties":{"osm_id":"669256901","code":2601,"fclass":"bank","name":"NDB Nawam Mawatha"},"geometry":{"type":"Point","coordinates":[79.8510816,6.9187318]}},
{"type":"Feature","properties":{"osm_id":"669259900","code":2601,"fclass":"bank","name":"Seylan Kalubowila"},"geometry":{"type":"Point","coordinates":[79.8783191,6.8662933]}},
{"type":"Feature","properties":{"osm_id":"669259901","code":2601,"fclass":"bank","name":"Seylan Bank"},"geometry":{"type":"Point","coordinates":[79.8914505,6.8687559]}},
{"type":"Feature","properties":{"osm_id":"669578813","code":2601,"fclass":"bank","name":"NDB Galle Face"},"geometry":{"type":"Point","coordinates":[79.8483828,6.9200325]}},
{"type":"Feature","properties":{"osm_id":"670253412","code":2601,"fclass":"bank","name":"Food City"},"geometry":{"type":"Point","coordinates":[79.8900792,6.8726463]}},
{"type":"Feature","properties":{"osm_id":"670284900","code":2601,"fclass":"bank","name":"Peoples Bank Pitakotte"},"geometry":{"type":"Point","coordinates":[79.9013969,6.8838984]}},
{"type":"Feature","properties":{"osm_id":"671391783","code":2601,"fclass":"bank","name":"HSBC"},"geometry":{"type":"Point","coordinates":[79.8643424,6.9179391]}},
{"type":"Feature","properties":{"osm_id":"671394300","code":2601,"fclass":"bank","name":"Standard Chartered"},"geometry":{"type":"Point","coordinates":[79.8637765,6.9177412]}},
{"type":"Feature","properties":{"osm_id":"671403036","code":2601,"fclass":"bank","name":"Standard Chartered"},"geometry":{"type":"Point","coordinates":[79.916887,6.9022175]}},
{"type":"Feature","properties":{"osm_id":"672204318","code":2601,"fclass":"bank","name":"N T B"},"geometry":{"type":"Point","coordinates":[79.9239152,6.849309]}},
{"type":"Feature","properties":{"osm_id":"672204323","code":2601,"fclass":"bank","name":"Commercial Bank of Ceylon"},"geometry":{"type":"Point","coordinates":[79.922735,6.8503209]}},
{"type":"Feature","properties":{"osm_id":"675889165","code":2601,"fclass":"bank","name":"State Mortgage Bank"},"geometry":{"type":"Point","coordinates":[79.8502714,6.9098448]}},
{"type":"Feature","properties":{"osm_id":"679754102","code":2601,"fclass":"bank","name":"NTB"},"geometry":{"type":"Point","coordinates":[79.8570736,6.9130892]}},
{"type":"Feature","properties":{"osm_id":"681551838","code":2601,"fclass":"bank","name":"Sampath Bank"},"geometry":{"type":"Point","coordinates":[79.8585347,6.9524294]}},
{"type":"Feature","properties":{"osm_id":"681898661","code":2601,"fclass":"bank","name":null},"geometry":{"type":"Point","coordinates":[79.8679277,6.9250498]}},
{"type":"Feature","properties":{"osm_id":"682652723","code":2601,"fclass":"bank","name":null},"geometry":{"type":"Point","coordinates":[79.8539677,6.9411805]}},
{"type":"Feature","properties":{"osm_id":"682694053","code":2601,"fclass":"bank","name":null},"geometry":{"type":"Point","coordinates":[79.8499659,6.9348436]}},
{"type":"Feature","properties":{"osm_id":"693003891","code":2601,"fclass":"bank","name":"Seylan Bank"},"geometry":{"type":"Point","coordinates":[79.9018174,6.8405863]}},
{"type":"Feature","properties":{"osm_id":"693003893","code":2601,"fclass":"bank","name":"BOC"},"geometry":{"type":"Point","coordinates":[79.9031944,6.8412052]}},
{"type":"Feature","properties":{"osm_id":"693003894","code":2601,"fclass":"bank","name":"HNB"},"geometry":{"type":"Point","coordinates":[79.9024755,6.8410764]}},
{"type":"Feature","properties":{"osm_id":"833928144","code":2601,"fclass":"bank","name":"People's Bank"},"geometry":{"type":"Point","coordinates":[79.9359821,6.8751689]}},
{"type":"Feature","properties":{"osm_id":"833937471","code":2601,"fclass":"bank","name":"Commercial Bank of Ceylon"},"geometry":{"type":"Point","coordinates":[79.9199701,6.9022772]}},
{"type":"Feature","properties":{"osm_id":"833939219","code":2601,"fclass":"bank","name":"People's Bank"},"geometry":{"type":"Point","coordinates":[79.9200881,6.902373]}},
{"type":"Feature","properties":{"osm_id":"833939224","code":2601,"fclass":"bank","name":"BOC"},"geometry":{"type":"Point","coordinates":[79.9154962,6.9021068]}},
{"type":"Feature","properties":{"osm_id":"843506676","code":2601,"fclass":"bank","name":"Seylan Bank Gampaha"},"geometry":{"type":"Point","coordinates":[79.9952521,7.092732]}},
{"type":"Feature","properties":{"osm_id":"843513278","code":2601,"fclass":"bank","name":"N S B Gampaha"},"geometry":{"type":"Point","coordinates":[79.9984882,7.0910032]}},
{"type":"Feature","properties":{"osm_id":"844679664","code":2601,"fclass":"bank","name":"people's Bank Kiribathgoda"},"geometry":{"type":"Point","coordinates":[79.9301811,6.9810403]}},
{"type":"Feature","properties":{"osm_id":"844696554","code":2601,"fclass":"bank","name":null},"geometry":{"type":"Point","coordinates":[79.9169497,6.9725607]}},
{"type":"Feature","properties":{"osm_id":"847618365","code":2601,"fclass":"bank","name":"NDB"},"geometry":{"type":"Point","coordinates":[79.8857438,6.8677228]}},
{"type":"Feature","properties":{"osm_id":"847628016","code":2601,"fclass":"bank","name":"Sampath Bank"},"geometry":{"type":"Point","coordinates":[79.9248165,6.848578]}},
{"type":"Feature","properties":{"osm_id":"904968164","code":2601,"fclass":"bank","name":"Peoples Bank"},"geometry":{"type":"Point","coordinates":[80.006029,6.842796]}},
{"type":"Feature","properties":{"osm_id":"904968178","code":2601,"fclass":"bank","name":"Seylan Bank"},"geometry":{"type":"Point","coordinates":[80.0047891,6.8413449]}},
{"type":"Feature","properties":{"osm_id":"904968181","code":2601,"fclass":"bank","name":"Hatton National Bank"},"geometry":{"type":"Point","coordinates":[80.0048607,6.8416777]}},
{"type":"Feature","properties":{"osm_id":"904968182","code":2601,"fclass":"bank","name":"Bank of Ceylon"},"geometry":{"type":"Point","coordinates":[80.0056882,6.8424045]}},
{"type":"Feature","properties":{"osm_id":"937388082","code":2601,"fclass":"bank","name":"Hatton National Bank"},"geometry":{"type":"Point","coordinates":[79.8521988,6.9118553]}},
{"type":"Feature","properties":{"osm_id":"969844014","code":2601,"fclass":"bank","name":"Commercial Bank of Ceylon"},"geometry":{"type":"Point","coordinates":[79.9534768,6.9046309]}},
{"type":"Feature","properties":{"osm_id":"969844035","code":2601,"fclass":"bank","name":"NSB"},"geometry":{"type":"Point","coordinates":[79.953563,6.9043069]}},
{"type":"Feature","properties":{"osm_id":"1143295795","code":2601,"fclass":"bank","name":"Hatton National Bank"},"geometry":{"type":"Point","coordinates":[79.8870181,6.886443]}},
{"type":"Feature","properties":{"osm_id":"1143295796","code":2601,"fclass":"bank","name":"NDB - Nawala"},"geometry":{"type":"Point","coordinates":[79.8892777,6.8822188]}},
{"type":"Feature","properties":{"osm_id":"1143295797","code":2601,"fclass":"bank","name":"HSBC"},"geometry":{"type":"Point","coordinates":[79.8899282,6.8814759]}},
{"type":"Feature","properties":{"osm_id":"1143295798","code":2601,"fclass":"bank","name":"Commercial Bank of Ceylon"},"geometry":{"type":"Point","coordinates":[79.8902963,6.8811897]}},
{"type":"Feature","properties":{"osm_id":"1143391323","code":2601,"fclass":"bank","name":"Sampath Bank"},"geometry":{"type":"Point","coordinates":[79.8747216,6.893034]}},
{"type":"Feature","properties":{"osm_id":"1143391350","code":2601,"fclass":"bank","name":"Commercial Bank of Ceylon"},"geometry":{"type":"Point","coordinates":[79.8748863,6.8930116]}},
{"type":"Feature","properties":{"osm_id":"1147446356","code":2601,"fclass":"bank","name":"NDB - Horana"},"geometry":{"type":"Point","coordinates":[80.059151,6.71737]}},
{"type":"Feature","properties":{"osm_id":"1153956828","code":2602,"fclass":"atm","name":null},"geometry":{"type":"Point","coordinates":[79.9226507,6.8020414]}},
{"type":"Feature","properties":{"osm_id":"1153956859","code":2601,"fclass":"bank","name":"Peoples Bank"},"geometry":{"type":"Point","coordinates":[79.9257181,6.7999083]}},
{"type":"Feature","properties":{"osm_id":"1194184429","code":2601,"fclass":"bank","name":"Seylan Bank"},"geometry":{"type":"Point","coordinates":[79.9308332,6.8446797]}},
{"type":"Feature","properties":{"osm_id":"1235782058","code":2601,"fclass":"bank","name":"HNB"},"geometry":{"type":"Point","coordinates":[79.862524,6.9403618]}},
{"type":"Feature","properties":{"osm_id":"1235782060","code":2601,"fclass":"bank","name":"Seylan Oldmoor Street"},"geometry":{"type":"Point","coordinates":[79.8619795,6.9400541]}},
{"type":"Feature","properties":{"osm_id":"1235782062","code":2601,"fclass":"bank","name":"Pan Asia  Oldmorr Street"},"geometry":{"type":"Point","coordinates":[79.8622763,6.9399782]}},
{"type":"Feature","properties":{"osm_id":"1235782065","code":2601,"fclass":"bank","name":"Union Bank Oldmoor Street"},"geometry":{"type":"Point","coordinates":[79.8623701,6.9400103]}},
{"type":"Feature","properties":{"osm_id":"1239915532","code":2601,"fclass":"bank","name":"Sampath Bank"},"geometry":{"type":"Point","coordinates":[79.9352946,6.8776177]}},
{"type":"Feature","properties":{"osm_id":"1249816149","code":2601,"fclass":"bank","name":"HNB"},"geometry":{"type":"Point","coordinates":[79.8675555,6.8324776]}},
{"type":"Feature","properties":{"osm_id":"1249848054","code":2601,"fclass":"bank","name":"Commercial Attidiya"},"geometry":{"type":"Point","coordinates":[79.873196,6.8199152]}},
{"type":"Feature","properties":{"osm_id":"1249848075","code":2601,"fclass":"bank","name":"Sampath Bank"},"geometry":{"type":"Point","coordinates":[79.8710449,6.8233451]}},
{"type":"Feature","properties":{"osm_id":"1252592092","code":2601,"fclass":"bank","name":"Commercial Bank of Ceylon"},"geometry":{"type":"Point","coordinates":[79.9267857,6.7987417]}},
{"type":"Feature","properties":{"osm_id":"1261066166","code":2602,"fclass":"atm","name":null},"geometry":{"type":"Point","coordinates":[79.8609967,6.875986]}},
{"type":"Feature","properties":{"osm_id":"1261066167","code":2601,"fclass":"bank","name":"HNB"},"geometry":{"type":"Point","coordinates":[79.8609216,6.8751711]}},
{"type":"Feature","properties":{"osm_id":"1261066168","code":2601,"fclass":"bank","name":"Bank of Ceylon"},"geometry":{"type":"Point","coordinates":[79.8612059,6.8760073]}},
{"type":"Feature","properties":{"osm_id":"1268335756","code":2602,"fclass":"atm","name":null},"geometry":{"type":"Point","coordinates":[79.8507793,7.2069951]}},
{"type":"Feature","properties":{"osm_id":"1268335757","code":2602,"fclass":"atm","name":null},"geometry":{"type":"Point","coordinates":[79.8502322,7.2085172]}},
{"type":"Feature","properties":{"osm_id":"1268336037","code":2601,"fclass":"bank","name":"Commercial Bank Negombo"},"geometry":{"type":"Point","coordinates":[79.8490063,7.210083]}},
{"type":"Feature","properties":{"osm_id":"1268343770","code":2601,"fclass":"bank","name":"Sampath Bank Negombo"},"geometry":{"type":"Point","coordinates":[79.8412456,7.2115268]}},
{"type":"Feature","properties":{"osm_id":"1268343773","code":2601,"fclass":"bank","name":"H N B Negombo"},"geometry":{"type":"Point","coordinates":[79.8393981,7.2087748]}},
{"type":"Feature","properties":{"osm_id":"1268343775","code":2601,"fclass":"bank","name":"Standard Chartered Bank Negombo"},"geometry":{"type":"Point","coordinates":[79.8409077,7.2113299]}},
{"type":"Feature","properties":{"osm_id":"1268343777","code":2601,"fclass":"bank","name":"People's Bank Negombo"},"geometry":{"type":"Point","coordinates":[79.8401813,7.2084714]}},
{"type":"Feature","properties":{"osm_id":"1268343782","code":2601,"fclass":"bank","name":"B O C Negombo"},"geometry":{"type":"Point","coordinates":[79.8413562,7.2101]}},
{"type":"Feature","properties":{"osm_id":"1268344842","code":2601,"fclass":"bank","name":"Seylan Bank Negombo"},"geometry":{"type":"Point","coordinates":[79.8413583,7.210348]}},
{"type":"Feature","properties":{"osm_id":"1274124222","code":2601,"fclass":"bank","name":"Seylan Bank"},"geometry":{"type":"Point","coordinates":[79.8536534,6.9051219]}},
{"type":"Feature","properties":{"osm_id":"1278003873","code":2601,"fclass":"bank","name":"HSBC"},"geometry":{"type":"Point","coordinates":[79.8833917,6.7791246]}},
{"type":"Feature","properties":{"osm_id":"1278086556","code":2601,"fclass":"bank","name":"N S B Ja Ela"},"geometry":{"type":"Point","coordinates":[79.8911993,7.0823067]}},
{"type":"Feature","properties":{"osm_id":"1280138197","code":2602,"fclass":"atm","name":"Sampath Bank"},"geometry":{"type":"Point","coordinates":[79.8638813,6.9019346]}},
{"type":"Feature","properties":{"osm_id":"1292982831","code":2601,"fclass":"bank","name":"N T B Gampaha"},"geometry":{"type":"Point","coordinates":[79.994378,7.0912163]}},
{"type":"Feature","properties":{"osm_id":"1292992410","code":2601,"fclass":"bank","name":"N D B Gampaha"},"geometry":{"type":"Point","coordinates":[79.9985328,7.091227]}},
{"type":"Feature","properties":{"osm_id":"1292992421","code":2601,"fclass":"bank","name":"H N B Gampaha"},"geometry":{"type":"Point","coordinates":[79.9974062,7.0909821]}},
{"type":"Feature","properties":{"osm_id":"1292992519","code":2601,"fclass":"bank","name":"Union Bank Gampaha"},"geometry":{"type":"Point","coordinates":[80.0053134,7.0888048]}},
{"type":"Feature","properties":{"osm_id":"1370691257","code":2601,"fclass":"bank","name":"ICICI Bank"},"geometry":{"type":"Point","coordinates":[79.8524185,6.9124686]}},
{"type":"Feature","properties":{"osm_id":"1370691269","code":2601,"fclass":"bank","name":"Citibank"},"geometry":{"type":"Point","coordinates":[79.8544811,6.9127854]}},
{"type":"Feature","properties":{"osm_id":"1370691272","code":2601,"fclass":"bank","name":"Union Bank"},"geometry":{"type":"Point","coordinates":[79.8546582,6.912583]}},
{"type":"Feature","properties":{"osm_id":"1376685158","code":2601,"fclass":"bank","name":"Hatton National Bank"},"geometry":{"type":"Point","coordinates":[79.8503248,6.937141]}},
{"type":"Feature","properties":{"osm_id":"1376685168","code":2601,"fclass":"bank","name":"Bank of Ceylon"},"geometry":{"type":"Point","coordinates":[79.8501699,6.9370682]}},
{"type":"Feature","properties":{"osm_id":"1376685173","code":2601,"fclass":"bank","name":"Seylan Bank"},"geometry":{"type":"Point","coordinates":[79.852264,6.9380863]}},
{"type":"Feature","properties":{"osm_id":"1376693011","code":2601,"fclass":"bank","name":"HSBC"},"geometry":{"type":"Point","coordinates":[79.8550776,6.9219641]}},
{"type":"Feature","properties":{"osm_id":"1376693021","code":2601,"fclass":"bank","name":"People's Bank"},"geometry":{"type":"Point","coordinates":[79.8566548,6.9211227]}},
{"type":"Feature","properties":{"osm_id":"1376772442","code":2601,"fclass":"bank","name":"HSBC"},"geometry":{"type":"Point","coordinates":[79.8576182,6.9096076]}},
{"type":"Feature","properties":{"osm_id":"1378977881","code":2601,"fclass":"bank","name":"Nations Trust Bank"},"geometry":{"type":"Point","coordinates":[79.8612539,6.8944634]}},
{"type":"Feature","properties":{"osm_id":"1402147291","code":2601,"fclass":"bank","name":"Commercial Bank"},"geometry":{"type":"Point","coordinates":[79.8606653,7.266294]}},
{"type":"Feature","properties":{"osm_id":"1434104011","code":2601,"fclass":"bank","name":"Sampath Bank"},"geometry":{"type":"Point","coordinates":[79.8546608,6.893842]}},
{"type":"Feature","properties":{"osm_id":"1434104012","code":2601,"fclass":"bank","name":"Bank of Ceylon"},"geometry":{"type":"Point","coordinates":[79.8553452,6.8935736]}},
{"type":"Feature","properties":{"osm_id":"1463832546","code":2601,"fclass":"bank","name":"B O C Meegoda"},"geometry":{"type":"Point","coordinates":[80.0468058,6.8440334]}},
{"type":"Feature","properties":{"osm_id":"1472899697","code":2601,"fclass":"bank","name":"Sampath Bank"},"geometry":{"type":"Point","coordinates":[79.9213156,6.8007619]}},
{"type":"Feature","properties":{"osm_id":"1473747581","code":2601,"fclass":"bank","name":"Bank of Ceylon"},"geometry":{"type":"Point","coordinates":[80.012671,6.763495]}},
{"type":"Feature","properties":{"osm_id":"1473747590","code":2601,"fclass":"bank","name":"People's Bank"},"geometry":{"type":"Point","coordinates":[80.0133115,6.7619394]}},
{"type":"Feature","properties":{"osm_id":"1489262118","code":2601,"fclass":"bank","name":"Pan Asia Bank"},"geometry":{"type":"Point","coordinates":[79.9241211,6.8004831]}},
{"type":"Feature","properties":{"osm_id":"1523650726","code":2601,"fclass":"bank","name":"Commercial Bank of Ceylon"},"geometry":{"type":"Point","coordinates":[79.8621163,6.9162609]}},
{"type":"Feature","properties":{"osm_id":"1526697962","code":2602,"fclass":"atm","name":"Sampath Bank"},"geometry":{"type":"Point","coordinates":[79.9198378,6.85193]}},
{"type":"Feature","properties":{"osm_id":"1533913599","code":2601,"fclass":"bank","name":"Peoples Bank"},"geometry":{"type":"Point","coordinates":[79.8654691,6.8511002]}},
{"type":"Feature","properties":{"osm_id":"1533913625","code":2601,"fclass":"bank","name":"Sampath Bank"},"geometry":{"type":"Point","coordinates":[79.865704,6.8546327]}},
{"type":"Feature","properties":{"osm_id":"1535316786","code":2601,"fclass":"bank","name":null},"geometry":{"type":"Point","coordinates":[79.8853362,6.8336652]}},
{"type":"Feature","properties":{"osm_id":"1617983969","code":2601,"fclass":"bank","name":"HSBC Negombo"},"geometry":{"type":"Point","coordinates":[79.8490695,7.2099197]}},
{"type":"Feature","properties":{"osm_id":"1650228802","code":2601,"fclass":"bank","name":"NSB"},"geometry":{"type":"Point","coordinates":[79.9217075,6.8509632]}},
{"type":"Feature","properties":{"osm_id":"1650251500","code":2601,"fclass":"bank","name":"Commercial Bank of Ceylon"},"geometry":{"type":"Point","coordinates":[79.9632262,6.8416878]}},
{"type":"Feature","properties":{"osm_id":"1651265549","code":2601,"fclass":"bank","name":"Sampath Bank"},"geometry":{"type":"Point","coordinates":[79.9097827,6.8677216]}},
{"type":"Feature","properties":{"osm_id":"1651294565","code":2601,"fclass":"bank","name":"Peoples Bank"},"geometry":{"type":"Point","coordinates":[79.8747603,6.8787472]}},
{"type":"Feature","properties":{"osm_id":"1661966143","code":2601,"fclass":"bank","name":"Sampath Bank"},"geometry":{"type":"Point","coordinates":[79.8972186,6.8660334]}},
{"type":"Feature","properties":{"osm_id":"1662139966","code":2601,"fclass":"bank","name":"NDB"},"geometry":{"type":"Point","coordinates":[79.9291476,6.8453789]}},
{"type":"Feature","properties":{"osm_id":"1662139972","code":2601,"fclass":"bank","name":"Bank of Ceylon"},"geometry":{"type":"Point","coordinates":[79.928115,6.8460596]}},
{"type":"Feature","properties":{"osm_id":"1670782561","code":2601,"fclass":"bank","name":"Peoples Bank"},"geometry":{"type":"Point","coordinates":[79.9103366,6.8674805]}},
{"type":"Feature","properties":{"osm_id":"1673031666","code":2601,"fclass":"bank","name":"HNB"},"geometry":{"type":"Point","coordinates":[79.9060316,6.8601381]}},
{"type":"Feature","properties":{"osm_id":"1673094200","code":2601,"fclass":"bank","name":"Hatton National Bank"},"geometry":{"type":"Point","coordinates":[79.9633551,6.8418917]}},
{"type":"Feature","properties":{"osm_id":"1674340170","code":2602,"fclass":"atm","name":"Sampath Bank"},"geometry":{"type":"Point","coordinates":[79.854803,6.8938474]}},
{"type":"Feature","properties":{"osm_id":"1674340239","code":2602,"fclass":"atm","name":"Commercial Bank of Ceylon"},"geometry":{"type":"Point","coordinates":[79.8548512,6.8938527]}},
{"type":"Feature","properties":{"osm_id":"1684191031","code":2601,"fclass":"bank","name":"Sampath Bank"},"geometry":{"type":"Point","coordinates":[79.8829431,6.8664105]}},
{"type":"Feature","properties":{"osm_id":"1684193400","code":2601,"fclass":"bank","name":"NSB"},"geometry":{"type":"Point","coordinates":[79.877517,6.8672653]}},
{"type":"Feature","properties":{"osm_id":"1694124505","code":2601,"fclass":"bank","name":"BOC"},"geometry":{"type":"Point","coordinates":[79.9086185,6.8578366]}},
{"type":"Feature","properties":{"osm_id":"1694124663","code":2601,"fclass":"bank","name":"DFCC Bank"},"geometry":{"type":"Point","coordinates":[79.9050773,6.8615182]}},
{"type":"Feature","properties":{"osm_id":"1723585485","code":2601,"fclass":"bank","name":"Commercial Bank of Ceylon"},"geometry":{"type":"Point","coordinates":[79.8526328,6.9230681]}},
{"type":"Feature","properties":{"osm_id":"1723588930","code":2601,"fclass":"bank","name":"Standard Chartered"},"geometry":{"type":"Point","coordinates":[79.8707719,6.8802919]}},
{"type":"Feature","properties":{"osm_id":"1759345548","code":2601,"fclass":"bank","name":"People's Bank"},"geometry":{"type":"Point","coordinates":[79.9642088,6.8420513]}},
{"type":"Feature","properties":{"osm_id":"1788207401","code":2601,"fclass":"bank","name":"NSB"},"geometry":{"type":"Point","coordinates":[80.0006317,6.8408382]}},
{"type":"Feature","properties":{"osm_id":"1788271726","code":2601,"fclass":"bank","name":"NSB"},"geometry":{"type":"Point","coordinates":[80.046961,6.8439791]}},
{"type":"Feature","properties":{"osm_id":"1795375807","code":2601,"fclass":"bank","name":"HNB"},"geometry":{"type":"Point","coordinates":[79.9294853,6.6656998]}},
{"type":"Feature","properties":{"osm_id":"1796683451","code":2601,"fclass":"bank","name":"Sampath Bank"},"geometry":{"type":"Point","coordinates":[79.9903481,6.7127733]}},
{"type":"Feature","properties":{"osm_id":"1796683613","code":2601,"fclass":"bank","name":"Seylan Bank"},"geometry":{"type":"Point","coordinates":[79.9899404,6.7157142]}},
{"type":"Feature","properties":{"osm_id":"1796683684","code":2601,"fclass":"bank","name":"Peoples Bank"},"geometry":{"type":"Point","coordinates":[79.9908631,6.7156183]}},
{"type":"Feature","properties":{"osm_id":"1797835917","code":2601,"fclass":"bank","name":"BOC"},"geometry":{"type":"Point","coordinates":[80.1766168,6.7437792]}},
{"type":"Feature","properties":{"osm_id":"1797835947","code":2601,"fclass":"bank","name":"Peoples Bank"},"geometry":{"type":"Point","coordinates":[80.1777184,6.7438016]}},
{"type":"Feature","properties":{"osm_id":"1803805665","code":2601,"fclass":"bank","name":"Seylan Bank"},"geometry":{"type":"Point","coordinates":[80.2133245,6.9512072]}},
{"type":"Feature","properties":{"osm_id":"1803805894","code":2601,"fclass":"bank","name":"Sampath Bank"},"geometry":{"type":"Point","coordinates":[80.2138244,6.9522711]}},
{"type":"Feature","properties":{"osm_id":"1803805976","code":2601,"fclass":"bank","name":"H N B"},"geometry":{"type":"Point","coordinates":[80.2136546,6.950776]}},
{"type":"Feature","properties":{"osm_id":"1803806025","code":2601,"fclass":"bank","name":"People's Bank"},"geometry":{"type":"Point","coordinates":[80.2140175,6.9522818]}},
{"type":"Feature","properties":{"osm_id":"1803806138","code":2601,"fclass":"bank","name":"Bank of Ceylon"},"geometry":{"type":"Point","coordinates":[80.213382,6.9521632]}},
{"type":"Feature","properties":{"osm_id":"1807878407","code":2601,"fclass":"bank","name":"Sampath Bank"},"geometry":{"type":"Point","coordinates":[79.9616558,7.0649448]}},
{"type":"Feature","properties":{"osm_id":"1807879732","code":2601,"fclass":"bank","name":"Commercial Bank"},"geometry":{"type":"Point","coordinates":[79.9620662,7.0642219]}},
{"type":"Feature","properties":{"osm_id":"1822724958","code":2601,"fclass":"bank","name":"Peoples Bank"},"geometry":{"type":"Point","coordinates":[79.961788,6.5813707]}},
{"type":"Feature","properties":{"osm_id":"1822725694","code":2601,"fclass":"bank","name":"BOC"},"geometry":{"type":"Point","coordinates":[79.961729,6.5817277]}},
{"type":"Feature","properties":{"osm_id":"1822725725","code":2601,"fclass":"bank","name":"NSB"},"geometry":{"type":"Point","coordinates":[79.9619489,6.5807738]}},
{"type":"Feature","properties":{"osm_id":"1822753153","code":2601,"fclass":"bank","name":"BOC"},"geometry":{"type":"Point","coordinates":[79.9612944,6.5816904]}},
{"type":"Feature","properties":{"osm_id":"1822753182","code":2601,"fclass":"bank","name":"HNB"},"geometry":{"type":"Point","coordinates":[79.9649879,6.5723911]}},
{"type":"Feature","properties":{"osm_id":"1823673260","code":2601,"fclass":"bank","name":"BOC"},"geometry":{"type":"Point","coordinates":[79.9691882,6.5610239]}},
{"type":"Feature","properties":{"osm_id":"1838371820","code":2601,"fclass":"bank","name":"HNB"},"geometry":{"type":"Point","coordinates":[79.8838001,6.8681716]}},
{"type":"Feature","properties":{"osm_id":"1838371830","code":2601,"fclass":"bank","name":"Peoples Bank"},"geometry":{"type":"Point","coordinates":[79.8837142,6.8682569]}},
{"type":"Feature","properties":{"osm_id":"1838377731","code":2602,"fclass":"atm","name":"Seylan Bank"},"geometry":{"type":"Point","coordinates":[79.8814934,6.8742272]}},
{"type":"Feature","properties":{"osm_id":"1838393488","code":2601,"fclass":"bank","name":"NDB"},"geometry":{"type":"Point","coordinates":[79.8543973,6.8963837]}},
{"type":"Feature","properties":{"osm_id":"1838393502","code":2601,"fclass":"bank","name":"Pan Asia Banking Corporation PLC"},"geometry":{"type":"Point","coordinates":[79.8514982,6.9050682]}},
{"type":"Feature","properties":{"osm_id":"1838393536","code":2601,"fclass":"bank","name":"Amana Takaful"},"geometry":{"type":"Point","coordinates":[79.8518228,6.9040963]}},
{"type":"Feature","properties":{"osm_id":"1838393578","code":2601,"fclass":"bank","name":"Nations Trust Bank KOLLUPITIYA"},"geometry":{"type":"Point","coordinates":[79.8516942,6.9047782]}},
{"type":"Feature","properties":{"osm_id":"1838419675","code":2601,"fclass":"bank","name":"Commercial Bank of Ceylon"},"geometry":{"type":"Point","coordinates":[79.8575546,6.8863407]}},
{"type":"Feature","properties":{"osm_id":"1838475715","code":2602,"fclass":"atm","name":"Seylan Bank"},"geometry":{"type":"Point","coordinates":[79.8849051,6.8389527]}},
{"type":"Feature","properties":{"osm_id":"1839445157","code":2601,"fclass":"bank","name":"Sampath Bank"},"geometry":{"type":"Point","coordinates":[79.8597674,6.9072703]}},
{"type":"Feature","properties":{"osm_id":"1839445159","code":2602,"fclass":"atm","name":null},"geometry":{"type":"Point","coordinates":[79.8710006,6.9093605]}},
{"type":"Feature","properties":{"osm_id":"1839445183","code":2602,"fclass":"atm","name":"BOC"},"geometry":{"type":"Point","coordinates":[79.8586302,6.9105108]}},
{"type":"Feature","properties":{"osm_id":"1839459851","code":2601,"fclass":"bank","name":"Peoples Bank"},"geometry":{"type":"Point","coordinates":[79.8643862,6.923542]}},
{"type":"Feature","properties":{"osm_id":"1839503198","code":2601,"fclass":"bank","name":"NSB"},"geometry":{"type":"Point","coordinates":[79.9179012,6.9019587]}},
{"type":"Feature","properties":{"osm_id":"1840782359","code":2601,"fclass":"bank","name":"Commercial Bank of Ceylon"},"geometry":{"type":"Point","coordinates":[79.9247735,6.9755407]}},
{"type":"Feature","properties":{"osm_id":"1840782402","code":2601,"fclass":"bank","name":"CDB"},"geometry":{"type":"Point","coordinates":[79.9246501,6.9758815]}},
{"type":"Feature","properties":{"osm_id":"1840782412","code":2601,"fclass":"bank","name":"NTB"},"geometry":{"type":"Point","coordinates":[79.9287271,6.9777931]}},
{"type":"Feature","properties":{"osm_id":"1840782536","code":2602,"fclass":"atm","name":null},"geometry":{"type":"Point","coordinates":[79.9249344,6.9756685]}},
{"type":"Feature","properties":{"osm_id":"1840782826","code":2601,"fclass":"bank","name":"Seylan"},"geometry":{"type":"Point","coordinates":[79.9265438,6.9776626]}},
{"type":"Feature","properties":{"osm_id":"1843502799","code":2601,"fclass":"bank","name":"Sampath Bank Hanwella"},"geometry":{"type":"Point","coordinates":[80.0762638,6.9074273]}},
{"type":"Feature","properties":{"osm_id":"1843534095","code":2601,"fclass":"bank","name":"HNB"},"geometry":{"type":"Point","coordinates":[79.9811631,6.9369912]}},
{"type":"Feature","properties":{"osm_id":"1843534113","code":2601,"fclass":"bank","name":"Peoples Bank"},"geometry":{"type":"Point","coordinates":[79.9824302,6.9365622]}},
{"type":"Feature","properties":{"osm_id":"1843603774","code":2601,"fclass":"bank","name":"Peoples Bank"},"geometry":{"type":"Point","coordinates":[80.0101482,6.9614247]}},
{"type":"Feature","properties":{"osm_id":"1843603787","code":2601,"fclass":"bank","name":"Commercial Bank"},"geometry":{"type":"Point","coordinates":[80.0091277,6.9633469]}},
{"type":"Feature","properties":{"osm_id":"1847947557","code":2601,"fclass":"bank","name":"Commercial Bank Minuwangoda"},"geometry":{"type":"Point","coordinates":[79.9495084,7.169835]}},
{"type":"Feature","properties":{"osm_id":"1847947592","code":2601,"fclass":"bank","name":"Peoples Bank Minuwangoda"},"geometry":{"type":"Point","coordinates":[79.9493626,7.1695854]}},
{"type":"Feature","properties":{"osm_id":"1847947665","code":2601,"fclass":"bank","name":"Sampath Bank Minuwangoda"},"geometry":{"type":"Point","coordinates":[79.9468373,7.1688766]}},
{"type":"Feature","properties":{"osm_id":"1847947683","code":2601,"fclass":"bank","name":"BOC Minuwangoda"},"geometry":{"type":"Point","coordinates":[79.948458,7.1701076]}},
{"type":"Feature","properties":{"osm_id":"1852241570","code":2601,"fclass":"bank","name":"Commercial Bank"},"geometry":{"type":"Point","coordinates":[80.206539,6.9550469]}},
{"type":"Feature","properties":{"osm_id":"1855227897","code":2602,"fclass":"atm","name":"HSBC"},"geometry":{"type":"Point","coordinates":[79.8803228,6.9413616]}},
{"type":"Feature","properties":{"osm_id":"1855227917","code":2601,"fclass":"bank","name":"Commercial Bank of Ceylon"},"geometry":{"type":"Point","coordinates":[79.8786303,6.9431855]}},
{"type":"Feature","properties":{"osm_id":"1855227927","code":2602,"fclass":"atm","name":"Commercial Bank of Ceylon"},"geometry":{"type":"Point","coordinates":[79.8803633,6.9484543]}},
{"type":"Feature","properties":{"osm_id":"1862625131","code":2601,"fclass":"bank","name":"Peoples Bank"},"geometry":{"type":"Point","coordinates":[80.0869953,6.9033226]}},
{"type":"Feature","properties":{"osm_id":"1862634484","code":2601,"fclass":"bank","name":"Peoples Bank Kosgama"},"geometry":{"type":"Point","coordinates":[80.1368749,6.9406121]}},
{"type":"Feature","properties":{"osm_id":"1863468129","code":2601,"fclass":"bank","name":"Commercial Bank of Ceylon PLC"},"geometry":{"type":"Point","coordinates":[80.0801147,6.9085834]}},
{"type":"Feature","properties":{"osm_id":"1869969361","code":2601,"fclass":"bank","name":"Commercial Bank of Ceylon PLC"},"geometry":{"type":"Point","coordinates":[80.1107702,6.532281]}},
{"type":"Feature","properties":{"osm_id":"1869969396","code":2601,"fclass":"bank","name":"Commercial Bank of Ceylon"},"geometry":{"type":"Point","coordinates":[79.9975304,6.4338275]}},
{"type":"Feature","properties":{"osm_id":"1869969403","code":2601,"fclass":"bank","name":"Commercial Bank of Ceylon PLC"},"geometry":{"type":"Point","coordinates":[79.9831346,6.4758267]}},
{"type":"Feature","properties":{"osm_id":"1869983180","code":2601,"fclass":"bank","name":"Commercial Bank of Ceylon"},"geometry":{"type":"Point","coordinates":[79.907693,6.7156979]}},
{"type":"Feature","properties":{"osm_id":"1869983185","code":2601,"fclass":"bank","name":"Commercial Bank of Ceylon PLC"},"geometry":{"type":"Point","coordinates":[79.990929,6.716171]}},
{"type":"Feature","properties":{"osm_id":"1869983199","code":2601,"fclass":"bank","name":"Commercial Bank of Ceylon"},"geometry":{"type":"Point","coordinates":[79.9300187,6.6653588]}},
{"type":"Feature","properties":{"osm_id":"1870009400","code":2601,"fclass":"bank","name":"Commercial Bank of Ceylon"},"geometry":{"type":"Point","coordinates":[79.8834574,6.7811765]}},
{"type":"Feature","properties":{"osm_id":"1870009402","code":2602,"fclass":"atm","name":"Commercial Bank"},"geometry":{"type":"Point","coordinates":[79.89989,6.840555]}},
{"type":"Feature","properties":{"osm_id":"1870009406","code":2601,"fclass":"bank","name":"Commercial Bank of Ceylon"},"geometry":{"type":"Point","coordinates":[79.8867607,6.7929059]}},
{"type":"Feature","properties":{"osm_id":"1870009410","code":2601,"fclass":"bank","name":"Commercial Bank of Ceylon"},"geometry":{"type":"Point","coordinates":[79.8665767,6.8467332]}},
{"type":"Feature","properties":{"osm_id":"1870009411","code":2601,"fclass":"bank","name":"DFCV Bank"},"geometry":{"type":"Point","coordinates":[79.867355,6.840981]}},
{"type":"Feature","properties":{"osm_id":"1870013049","code":2601,"fclass":"bank","name":"Commercial Bank of Ceylon"},"geometry":{"type":"Point","coordinates":[80.005866,6.8421469]}},
{"type":"Feature","properties":{"osm_id":"1870464577","code":2601,"fclass":"bank","name":"Commercial Bank of Ceylon"},"geometry":{"type":"Point","coordinates":[79.8543559,6.8938767]}},
{"type":"Feature","properties":{"osm_id":"1870464579","code":2601,"fclass":"bank","name":"Commercial Bank of Ceylon"},"geometry":{"type":"Point","coordinates":[79.901869,6.885634]}},
{"type":"Feature","properties":{"osm_id":"1870464585","code":2601,"fclass":"bank","name":"Commercial Bank of Ceylon"},"geometry":{"type":"Point","coordinates":[79.876142,6.878103]}},
{"type":"Feature","properties":{"osm_id":"1870464617","code":2601,"fclass":"bank","name":"Commercial Bank of Ceylon"},"geometry":{"type":"Point","coordinates":[79.864941,6.858195]}},
{"type":"Feature","properties":{"osm_id":"1870464618","code":2601,"fclass":"bank","name":"Commercial Bank of Ceylon PLC"},"geometry":{"type":"Point","coordinates":[79.9907582,6.8767999]}},
{"type":"Feature","properties":{"osm_id":"1870464650","code":2601,"fclass":"bank","name":"Commercial Bank of Ceylon"},"geometry":{"type":"Point","coordinates":[79.8807823,6.8757278]}},
{"type":"Feature","properties":{"osm_id":"1870801699","code":2601,"fclass":"bank","name":"Commercial Bank of Ceylon"},"geometry":{"type":"Point","coordinates":[79.8555574,6.9003732]}},
{"type":"Feature","properties":{"osm_id":"1870801700","code":2601,"fclass":"bank","name":"Commercial Bank of Ceylon"},"geometry":{"type":"Point","coordinates":[79.8462669,6.9315017]}},
{"type":"Feature","properties":{"osm_id":"1870801701","code":2601,"fclass":"bank","name":"Commercial Bank of Ceylon"},"geometry":{"type":"Point","coordinates":[79.8676644,6.9098421]}},
{"type":"Feature","properties":{"osm_id":"1870801702","code":2601,"fclass":"bank","name":"Commercial Bank of Ceylon"},"geometry":{"type":"Point","coordinates":[79.850697,6.908706]}},
{"type":"Feature","properties":{"osm_id":"1870801703","code":2601,"fclass":"bank","name":"Commercial Bank of Ceylon"},"geometry":{"type":"Point","coordinates":[79.9171738,6.9023825]}},
{"type":"Feature","properties":{"osm_id":"1870801704","code":2601,"fclass":"bank","name":"Commercial Bank of Ceylon"},"geometry":{"type":"Point","coordinates":[79.8951959,6.9100515]}},
{"type":"Feature","properties":{"osm_id":"1870801705","code":2601,"fclass":"bank","name":"Commercial Bank of Ceylon"},"geometry":{"type":"Point","coordinates":[79.877273,6.911794]}},
{"type":"Feature","properties":{"osm_id":"1870801708","code":2601,"fclass":"bank","name":"Commercial Bank of Ceylon"},"geometry":{"type":"Point","coordinates":[79.855832,6.9201412]}},
{"type":"Feature","properties":{"osm_id":"1870801710","code":2601,"fclass":"bank","name":"Commercial Bank of Ceylon"},"geometry":{"type":"Point","coordinates":[79.8668644,6.926033]}},
{"type":"Feature","properties":{"osm_id":"1870801711","code":2601,"fclass":"bank","name":"Commercial Bank of Ceylon"},"geometry":{"type":"Point","coordinates":[79.8444654,6.9371969]}},
{"type":"Feature","properties":{"osm_id":"1870801712","code":2601,"fclass":"bank","name":"Commercial Bank of Ceylon"},"geometry":{"type":"Point","coordinates":[79.8501875,6.9363063]}},
{"type":"Feature","properties":{"osm_id":"1870849860","code":2601,"fclass":"bank","name":"Commercial Bank of Ceylon"},"geometry":{"type":"Point","coordinates":[79.861153,6.9476632]}},
{"type":"Feature","properties":{"osm_id":"1870849880","code":2601,"fclass":"bank","name":"Commercial Bank of Ceylon"},"geometry":{"type":"Point","coordinates":[79.8716072,6.9491002]}},
{"type":"Feature","properties":{"osm_id":"1870849882","code":2601,"fclass":"bank","name":"Commercial Bank of Ceylon"},"geometry":{"type":"Point","coordinates":[79.8882435,6.96863]}},
{"type":"Feature","properties":{"osm_id":"1870849893","code":2601,"fclass":"bank","name":"Commercial Bank of Ceylon"},"geometry":{"type":"Point","coordinates":[79.9292385,6.9798199]}},
{"type":"Feature","properties":{"osm_id":"1870849906","code":2601,"fclass":"bank","name":"Commercial Bank of Ceylon PLC"},"geometry":{"type":"Point","coordinates":[79.888517,6.984836]}},
{"type":"Feature","properties":{"osm_id":"1870849907","code":2601,"fclass":"bank","name":"Commercial Bank of Ceylon PLC"},"geometry":{"type":"Point","coordinates":[79.9249343,7.0274664]}},
{"type":"Feature","properties":{"osm_id":"1870849910","code":2601,"fclass":"bank","name":"Commercial Bank of Ceylon"},"geometry":{"type":"Point","coordinates":[79.866217,6.934266]}},
{"type":"Feature","properties":{"osm_id":"1870849927","code":2601,"fclass":"bank","name":"Commercial Bank of Ceylon PLC"},"geometry":{"type":"Point","coordinates":[79.9171149,6.9361812]}},
{"type":"Feature","properties":{"osm_id":"1870849929","code":2601,"fclass":"bank","name":"Commercial Bank of Ceylon"},"geometry":{"type":"Point","coordinates":[79.9793093,6.9373382]}},
{"type":"Feature","properties":{"osm_id":"1870849932","code":2601,"fclass":"bank","name":"Commercial Bank of Ceylon"},"geometry":{"type":"Point","coordinates":[79.856035,6.937936]}},
{"type":"Feature","properties":{"osm_id":"1870849940","code":2601,"fclass":"bank","name":"Commercial Bank of Ceylon"},"geometry":{"type":"Point","coordinates":[79.8533588,6.9386774]}},
{"type":"Feature","properties":{"osm_id":"1870849962","code":2601,"fclass":"bank","name":"Commercial Bank of Ceylon"},"geometry":{"type":"Point","coordinates":[79.8648283,6.9407248]}},
{"type":"Feature","properties":{"osm_id":"1895968923","code":2601,"fclass":"bank","name":"Standard Chartered"},"geometry":{"type":"Point","coordinates":[79.8841353,6.8073138]}},
{"type":"Feature","properties":{"osm_id":"1897766771","code":2601,"fclass":"bank","name":"NDB"},"geometry":{"type":"Point","coordinates":[79.8910045,7.0773114]}},
{"type":"Feature","properties":{"osm_id":"1909499877","code":2601,"fclass":"bank","name":"HNB"},"geometry":{"type":"Point","coordinates":[79.8746162,6.9944963]}},
{"type":"Feature","properties":{"osm_id":"1909603705","code":2601,"fclass":"bank","name":"Peoples Bank"},"geometry":{"type":"Point","coordinates":[79.8932146,6.9910354]}},
{"type":"Feature","properties":{"osm_id":"1909684631","code":2601,"fclass":"bank","name":"BOC"},"geometry":{"type":"Point","coordinates":[79.899609,7.0235299]}},
{"type":"Feature","properties":{"osm_id":"1918165066","code":2601,"fclass":"bank","name":"Peoples Bank"},"geometry":{"type":"Point","coordinates":[79.9168463,6.9357036]}},
{"type":"Feature","properties":{"osm_id":"1924772376","code":2602,"fclass":"atm","name":"Sampath Bank"},"geometry":{"type":"Point","coordinates":[79.8895507,6.9576121]}},
{"type":"Feature","properties":{"osm_id":"1971821881","code":2601,"fclass":"bank","name":"HNB"},"geometry":{"type":"Point","coordinates":[79.850824,6.9080465]}},
{"type":"Feature","properties":{"osm_id":"1971853174","code":2601,"fclass":"bank","name":"NSB"},"geometry":{"type":"Point","coordinates":[79.8512557,6.906734]}},
{"type":"Feature","properties":{"osm_id":"1971853179","code":2601,"fclass":"bank","name":"BOC"},"geometry":{"type":"Point","coordinates":[79.8527498,6.9026145]}},
{"type":"Feature","properties":{"osm_id":"1973278207","code":2601,"fclass":"bank","name":"Peoples Bank"},"geometry":{"type":"Point","coordinates":[79.9534049,6.8454123]}},
{"type":"Feature","properties":{"osm_id":"1973278747","code":2601,"fclass":"bank","name":"DFCC Bank"},"geometry":{"type":"Point","coordinates":[79.9656683,6.8412601]}},
{"type":"Feature","properties":{"osm_id":"1978801471","code":2601,"fclass":"bank","name":"Union Bank Nugegoda"},"geometry":{"type":"Point","coordinates":[79.8920068,6.8750702]}},
{"type":"Feature","properties":{"osm_id":"1978801473","code":2601,"fclass":"bank","name":"NSB"},"geometry":{"type":"Point","coordinates":[79.8922401,6.8743326]}},
{"type":"Feature","properties":{"osm_id":"1978801476","code":2602,"fclass":"atm","name":"Peoples Bank Nawala"},"geometry":{"type":"Point","coordinates":[79.886747,6.8832214]}},
{"type":"Feature","properties":{"osm_id":"1978805476","code":2601,"fclass":"bank","name":"Sampath Bank"},"geometry":{"type":"Point","coordinates":[79.8776113,6.8778423]}},
{"type":"Feature","properties":{"osm_id":"1978805477","code":2601,"fclass":"bank","name":"Seylan Bank"},"geometry":{"type":"Point","coordinates":[79.8815783,6.8741089]}},
{"type":"Feature","properties":{"osm_id":"1978805480","code":2601,"fclass":"bank","name":"Pan Asia Bank"},"geometry":{"type":"Point","coordinates":[79.8858618,6.8710359]}},
{"type":"Feature","properties":{"osm_id":"1978805481","code":2601,"fclass":"bank","name":"NSB"},"geometry":{"type":"Point","coordinates":[79.8775041,6.8778902]}},
{"type":"Feature","properties":{"osm_id":"1978809440","code":2601,"fclass":"bank","name":"N T B"},"geometry":{"type":"Point","coordinates":[79.8852047,6.8713474]}},
{"type":"Feature","properties":{"osm_id":"1978809441","code":2601,"fclass":"bank","name":"Union Bank"},"geometry":{"type":"Point","coordinates":[79.8762756,6.8711584]}},
{"type":"Feature","properties":{"osm_id":"1978809443","code":2601,"fclass":"bank","name":"BOC"},"geometry":{"type":"Point","coordinates":[79.8754227,6.8783589]}},
{"type":"Feature","properties":{"osm_id":"1985238228","code":2601,"fclass":"bank","name":"Pan Asia Bank"},"geometry":{"type":"Point","coordinates":[79.935869,6.8754412]}},
{"type":"Feature","properties":{"osm_id":"1985238229","code":2601,"fclass":"bank","name":"BOC"},"geometry":{"type":"Point","coordinates":[79.9361748,6.8755424]}},
{"type":"Feature","properties":{"osm_id":"1985256155","code":2601,"fclass":"bank","name":"Peoples Bank Rajagiriya"},"geometry":{"type":"Point","coordinates":[79.8957861,6.9094428]}},
{"type":"Feature","properties":{"osm_id":"1985256156","code":2602,"fclass":"atm","name":"Seylan Bank"},"geometry":{"type":"Point","coordinates":[79.8954615,6.9096927]}},
{"type":"Feature","properties":{"osm_id":"1985256159","code":2601,"fclass":"bank","name":"People's Bank Borella"},"geometry":{"type":"Point","coordinates":[79.8772411,6.9136033]}},
{"type":"Feature","properties":{"osm_id":"1985256162","code":2601,"fclass":"bank","name":"Pan asia Bank Borella"},"geometry":{"type":"Point","coordinates":[79.8747227,6.9174363]}},
{"type":"Feature","properties":{"osm_id":"1985256188","code":2601,"fclass":"bank","name":"DFCC Bank Borella"},"geometry":{"type":"Point","coordinates":[79.8781607,6.9142364]}},
{"type":"Feature","properties":{"osm_id":"1999705296","code":2601,"fclass":"bank","name":"HNB"},"geometry":{"type":"Point","coordinates":[79.8657056,6.8524925]}},
{"type":"Feature","properties":{"osm_id":"1999705298","code":2601,"fclass":"bank","name":"BOC"},"geometry":{"type":"Point","coordinates":[79.8659446,6.8527608]}},
{"type":"Feature","properties":{"osm_id":"2021144287","code":2602,"fclass":"atm","name":"Commercial Bank of Ceylon"},"geometry":{"type":"Point","coordinates":[79.9304316,6.845102]}},
{"type":"Feature","properties":{"osm_id":"2021530458","code":2601,"fclass":"bank","name":"HDFC Bank"},"geometry":{"type":"Point","coordinates":[80.21375,6.9505573]}},
{"type":"Feature","properties":{"osm_id":"2026484602","code":2601,"fclass":"bank","name":"National Savings Bank"},"geometry":{"type":"Point","coordinates":[79.9230159,7.0280222]}},
{"type":"Feature","properties":{"osm_id":"2026484606","code":2601,"fclass":"bank","name":"Hatton National Bank"},"geometry":{"type":"Point","coordinates":[79.9219079,7.0300195]}},
{"type":"Feature","properties":{"osm_id":"2026484607","code":2601,"fclass":"bank","name":"People's Bank"},"geometry":{"type":"Point","coordinates":[79.9229052,7.0276783]}},
{"type":"Feature","properties":{"osm_id":"2028165026","code":2601,"fclass":"bank","name":"Seylan Kadawatha"},"geometry":{"type":"Point","coordinates":[79.9540303,7.0035035]}},
{"type":"Feature","properties":{"osm_id":"2028165066","code":2601,"fclass":"bank","name":"DFCC Bank"},"geometry":{"type":"Point","coordinates":[79.9495487,7.0010234]}},
{"type":"Feature","properties":{"osm_id":"2045829952","code":2601,"fclass":"bank","name":"Sampath Bank"},"geometry":{"type":"Point","coordinates":[79.9631531,6.8417151]}},
{"type":"Feature","properties":{"osm_id":"2045850206","code":2601,"fclass":"bank","name":"Bank of Ceylon"},"geometry":{"type":"Point","coordinates":[79.9613019,6.8427275]}},
{"type":"Feature","properties":{"osm_id":"2049590785","code":2601,"fclass":"bank","name":"HSBC"},"geometry":{"type":"Point","coordinates":[79.8444834,6.9361025]}},
{"type":"Feature","properties":{"osm_id":"2049590789","code":2601,"fclass":"bank","name":"State Bank of India"},"geometry":{"type":"Point","coordinates":[79.8442447,6.9361611]}},
{"type":"Feature","properties":{"osm_id":"2049615724","code":2601,"fclass":"bank","name":"Commercial Bank of Ceylon"},"geometry":{"type":"Point","coordinates":[79.8512835,6.9117611]}},
{"type":"Feature","properties":{"osm_id":"2049615736","code":2601,"fclass":"bank","name":"HNB"},"geometry":{"type":"Point","coordinates":[79.850427,6.9100852]}},
{"type":"Feature","properties":{"osm_id":"2049615739","code":2602,"fclass":"atm","name":"Sampath Bank"},"geometry":{"type":"Point","coordinates":[79.8514904,6.9114647]}},
{"type":"Feature","properties":{"osm_id":"2049643519","code":2602,"fclass":"atm","name":null},"geometry":{"type":"Point","coordinates":[79.8585462,6.9037111]}},
{"type":"Feature","properties":{"osm_id":"2049643526","code":2601,"fclass":"bank","name":"People's Bank"},"geometry":{"type":"Point","coordinates":[79.854185,6.897821]}},
{"type":"Feature","properties":{"osm_id":"2049663690","code":2601,"fclass":"bank","name":"BOC"},"geometry":{"type":"Point","coordinates":[79.8601314,6.8962393]}},
{"type":"Feature","properties":{"osm_id":"2051557593","code":2601,"fclass":"bank","name":"Seylan Bank"},"geometry":{"type":"Point","coordinates":[79.9224069,6.8980578]}},
{"type":"Feature","properties":{"osm_id":"2051557598","code":2601,"fclass":"bank","name":"Pan Asia Bank Battaramulla"},"geometry":{"type":"Point","coordinates":[79.9223962,6.8979753]}},
{"type":"Feature","properties":{"osm_id":"2051587772","code":2601,"fclass":"bank","name":"Pan Asia Bank Malabe"},"geometry":{"type":"Point","coordinates":[79.9559078,6.9024651]}},
{"type":"Feature","properties":{"osm_id":"2070976595","code":2601,"fclass":"bank","name":"Commercial Bank of Ceylon"},"geometry":{"type":"Point","coordinates":[79.8869056,6.8870052]}},
{"type":"Feature","properties":{"osm_id":"2070976596","code":2601,"fclass":"bank","name":"NSB"},"geometry":{"type":"Point","coordinates":[79.8870413,6.8878622]}},
{"type":"Feature","properties":{"osm_id":"2085567961","code":2602,"fclass":"atm","name":null},"geometry":{"type":"Point","coordinates":[80.0791738,6.4690597]}},
{"type":"Feature","properties":{"osm_id":"2085567976","code":2602,"fclass":"atm","name":null},"geometry":{"type":"Point","coordinates":[80.0790665,6.4692089]}},
{"type":"Feature","properties":{"osm_id":"2085567999","code":2602,"fclass":"atm","name":null},"geometry":{"type":"Point","coordinates":[80.0795173,6.4687142]}},
{"type":"Feature","properties":{"osm_id":"2089555257","code":2601,"fclass":"bank","name":"Public Bank"},"geometry":{"type":"Point","coordinates":[79.8895349,6.8820784]}},
{"type":"Feature","properties":{"osm_id":"2091713225","code":2601,"fclass":"bank","name":"Hatton National Bank"},"geometry":{"type":"Point","coordinates":[79.9204743,6.801128]}},
{"type":"Feature","properties":{"osm_id":"2091713226","code":2601,"fclass":"bank","name":"Seylan Bank"},"geometry":{"type":"Point","coordinates":[79.9255711,6.7998855]}},
{"type":"Feature","properties":{"osm_id":"2091713230","code":2601,"fclass":"bank","name":"DFCC Bank"},"geometry":{"type":"Point","coordinates":[79.9253789,6.7999909]}},
{"type":"Feature","properties":{"osm_id":"2091713232","code":2601,"fclass":"bank","name":"Bank of Ceylon"},"geometry":{"type":"Point","coordinates":[79.920964,6.8012853]}},
{"type":"Feature","properties":{"osm_id":"2091750909","code":2602,"fclass":"atm","name":"HSBC"},"geometry":{"type":"Point","coordinates":[79.9176398,6.8525361]}},
{"type":"Feature","properties":{"osm_id":"2091833899","code":2601,"fclass":"bank","name":"Sampath Bank"},"geometry":{"type":"Point","coordinates":[79.8952675,6.9359951]}},
{"type":"Feature","properties":{"osm_id":"2091834014","code":2601,"fclass":"bank","name":"HNB"},"geometry":{"type":"Point","coordinates":[79.8911583,6.9324805]}},
{"type":"Feature","properties":{"osm_id":"2091834015","code":2602,"fclass":"atm","name":"NSB"},"geometry":{"type":"Point","coordinates":[79.891051,6.9326722]}},
{"type":"Feature","properties":{"osm_id":"2091834110","code":2601,"fclass":"bank","name":"BOC"},"geometry":{"type":"Point","coordinates":[79.8941624,6.932129]}},
{"type":"Feature","properties":{"osm_id":"2091834560","code":2601,"fclass":"bank","name":"Peoples Bank"},"geometry":{"type":"Point","coordinates":[79.8943501,6.9328107]}},
{"type":"Feature","properties":{"osm_id":"2091834607","code":2602,"fclass":"atm","name":"HNB"},"geometry":{"type":"Point","coordinates":[79.8944038,6.9334923]}},
{"type":"Feature","properties":{"osm_id":"2093027251","code":2601,"fclass":"bank","name":"NSB"},"geometry":{"type":"Point","coordinates":[79.8950214,6.9101177]}},
{"type":"Feature","properties":{"osm_id":"2093027446","code":2602,"fclass":"atm","name":"BOC"},"geometry":{"type":"Point","coordinates":[79.8854083,6.9108206]}},
{"type":"Feature","properties":{"osm_id":"2093027760","code":2601,"fclass":"bank","name":"HNB"},"geometry":{"type":"Point","coordinates":[79.8778525,6.9127351]}},
{"type":"Feature","properties":{"osm_id":"2093027870","code":2601,"fclass":"bank","name":"NSB"},"geometry":{"type":"Point","coordinates":[79.8764202,6.9149904]}},
{"type":"Feature","properties":{"osm_id":"2093028236","code":2602,"fclass":"atm","name":"NSB"},"geometry":{"type":"Point","coordinates":[79.863323,6.9165827]}},
{"type":"Feature","properties":{"osm_id":"2095726768","code":2601,"fclass":"bank","name":"Peoples Bank Mahavidyala Mwth"},"geometry":{"type":"Point","coordinates":[79.8606265,6.9420343]}},
{"type":"Feature","properties":{"osm_id":"2096014912","code":2601,"fclass":"bank","name":"NDB Bank"},"geometry":{"type":"Point","coordinates":[80.0007274,6.8411514]}},
{"type":"Feature","properties":{"osm_id":"2096015335","code":2601,"fclass":"bank","name":"Nations Trust Bank"},"geometry":{"type":"Point","coordinates":[80.0059135,6.8426671]}},
{"type":"Feature","properties":{"osm_id":"2096360731","code":2601,"fclass":"bank","name":"Pan Asia Bank"},"geometry":{"type":"Point","coordinates":[79.8953859,6.9099749]}},
{"type":"Feature","properties":{"osm_id":"2096454223","code":2601,"fclass":"bank","name":"SDB"},"geometry":{"type":"Point","coordinates":[79.8941559,6.9331993]}},
{"type":"Feature","properties":{"osm_id":"2096616869","code":2601,"fclass":"bank","name":"Sampath Bank"},"geometry":{"type":"Point","coordinates":[79.8513794,6.937655]}},
{"type":"Feature","properties":{"osm_id":"2097461749","code":2601,"fclass":"bank","name":"Regional development Bank"},"geometry":{"type":"Point","coordinates":[80.0659622,6.7175379]}},
{"type":"Feature","properties":{"osm_id":"2097462193","code":2601,"fclass":"bank","name":"Sanasa Development Bank"},"geometry":{"type":"Point","coordinates":[80.0657225,6.7174607]}},
{"type":"Feature","properties":{"osm_id":"2101145762","code":2601,"fclass":"bank","name":"BOC"},"geometry":{"type":"Point","coordinates":[79.9509572,6.9741882]}},
{"type":"Feature","properties":{"osm_id":"2103532297","code":2601,"fclass":"bank","name":"DFCC Vardana"},"geometry":{"type":"Point","coordinates":[80.060807,6.716975]}},
{"type":"Feature","properties":{"osm_id":"2103667783","code":2601,"fclass":"bank","name":"NSB"},"geometry":{"type":"Point","coordinates":[79.9832959,6.7831623]}},
{"type":"Feature","properties":{"osm_id":"2104937056","code":2601,"fclass":"bank","name":"NSB"},"geometry":{"type":"Point","coordinates":[79.902168,6.840506]}},
{"type":"Feature","properties":{"osm_id":"2104952073","code":2601,"fclass":"bank","name":"Commercial Bank of Ceylon"},"geometry":{"type":"Point","coordinates":[79.9016883,6.8415136]}},
{"type":"Feature","properties":{"osm_id":"2104970256","code":2601,"fclass":"bank","name":"Commercial Bank"},"geometry":{"type":"Point","coordinates":[79.9174149,6.8190519]}},
{"type":"Feature","properties":{"osm_id":"2105059215","code":2601,"fclass":"bank","name":"Peoples Bank"},"geometry":{"type":"Point","coordinates":[79.9127949,6.8261351]}},
{"type":"Feature","properties":{"osm_id":"2105362426","code":2602,"fclass":"atm","name":"NSB"},"geometry":{"type":"Point","coordinates":[79.8894243,6.8710912]}},
{"type":"Feature","properties":{"osm_id":"2117497076","code":2602,"fclass":"atm","name":"BOC"},"geometry":{"type":"Point","coordinates":[79.8837645,6.9312064]}},
{"type":"Feature","properties":{"osm_id":"2124745374","code":2602,"fclass":"atm","name":"BOC"},"geometry":{"type":"Point","coordinates":[79.9298183,6.8893223]}},
{"type":"Feature","properties":{"osm_id":"2133257039","code":2602,"fclass":"atm","name":"NSB"},"geometry":{"type":"Point","coordinates":[79.9153982,6.9024009]}},
{"type":"Feature","properties":{"osm_id":"2143718071","code":2602,"fclass":"atm","name":"HSBC"},"geometry":{"type":"Point","coordinates":[79.8888023,6.9099125]}},
{"type":"Feature","properties":{"osm_id":"2143722740","code":2601,"fclass":"bank","name":"People's Bank"},"geometry":{"type":"Point","coordinates":[79.8690022,6.9237638]}},
{"type":"Feature","properties":{"osm_id":"2145039129","code":2601,"fclass":"bank","name":"PLC"},"geometry":{"type":"Point","coordinates":[79.8767265,6.9159953]}},
{"type":"Feature","properties":{"osm_id":"2145050492","code":2602,"fclass":"atm","name":"BOC"},"geometry":{"type":"Point","coordinates":[79.8749402,6.9175875]}},
{"type":"Feature","properties":{"osm_id":"2145052441","code":2602,"fclass":"atm","name":null},"geometry":{"type":"Point","coordinates":[79.8751354,6.8894632]}},
{"type":"Feature","properties":{"osm_id":"2145058021","code":2601,"fclass":"bank","name":"People s Bank"},"geometry":{"type":"Point","coordinates":[79.8766302,6.9159368]}},
{"type":"Feature","properties":{"osm_id":"2155567776","code":2601,"fclass":"bank","name":"BOC"},"geometry":{"type":"Point","coordinates":[79.8811671,6.9617031]}},
{"type":"Feature","properties":{"osm_id":"2199126866","code":2601,"fclass":"bank","name":"NSB"},"geometry":{"type":"Point","coordinates":[79.8608296,7.2666042]}},
{"type":"Feature","properties":{"osm_id":"2199126868","code":2601,"fclass":"bank","name":"Seylan Bank"},"geometry":{"type":"Point","coordinates":[79.8601403,7.2659523]}},
{"type":"Feature","properties":{"osm_id":"2199130129","code":2601,"fclass":"bank","name":"Sampath Bank"},"geometry":{"type":"Point","coordinates":[79.8620256,7.2685467]}},
{"type":"Feature","properties":{"osm_id":"2212555590","code":2601,"fclass":"bank","name":"BOC"},"geometry":{"type":"Point","coordinates":[79.8962401,7.0499929]}},
{"type":"Feature","properties":{"osm_id":"2212555595","code":2601,"fclass":"bank","name":"Commercial Bank"},"geometry":{"type":"Point","coordinates":[79.8962938,7.0498305]}},
{"type":"Feature","properties":{"osm_id":"2212555640","code":2601,"fclass":"bank","name":"NDB"},"geometry":{"type":"Point","coordinates":[79.8966559,7.0497799]}},
{"type":"Feature","properties":{"osm_id":"2212563292","code":2601,"fclass":"bank","name":"Sampath Bank"},"geometry":{"type":"Point","coordinates":[79.8970984,7.0456885]}},
{"type":"Feature","properties":{"osm_id":"2306432710","code":2601,"fclass":"bank","name":"Bank of Ceylon"},"geometry":{"type":"Point","coordinates":[79.9985177,6.4327034]}},
{"type":"Feature","properties":{"osm_id":"2306440262","code":2601,"fclass":"bank","name":"NSB"},"geometry":{"type":"Point","coordinates":[79.9963693,6.4358058]}},
{"type":"Feature","properties":{"osm_id":"2306441797","code":2601,"fclass":"bank","name":"Smpath Bank - Aluthgama"},"geometry":{"type":"Point","coordinates":[79.9964846,6.4355473]}},
{"type":"Feature","properties":{"osm_id":"2310675883","code":2601,"fclass":"bank","name":"Peoples bank"},"geometry":{"type":"Point","coordinates":[79.9404714,6.796005]}},
{"type":"Feature","properties":{"osm_id":"2328936575","code":2601,"fclass":"bank","name":"Peoples bank"},"geometry":{"type":"Point","coordinates":[79.8499497,6.932717]}},
{"type":"Feature","properties":{"osm_id":"2328937323","code":2601,"fclass":"bank","name":"Commercial Bank of Ceylon"},"geometry":{"type":"Point","coordinates":[79.8492176,6.9331685]}},
{"type":"Feature","properties":{"osm_id":"2339237714","code":2601,"fclass":"bank","name":"Commercial Bank of Ceylon"},"geometry":{"type":"Point","coordinates":[79.9090528,6.7061201]}},
{"type":"Feature","properties":{"osm_id":"2339245188","code":2602,"fclass":"atm","name":null},"geometry":{"type":"Point","coordinates":[79.9070279,6.7110428]}},
{"type":"Feature","properties":{"osm_id":"2339267142","code":2601,"fclass":"bank","name":"Hatton National Bank"},"geometry":{"type":"Point","coordinates":[79.9073167,6.7143915]}},
{"type":"Feature","properties":{"osm_id":"2339417332","code":2601,"fclass":"bank","name":"People's Bank"},"geometry":{"type":"Point","coordinates":[79.9079065,6.718001]}},
{"type":"Feature","properties":{"osm_id":"2339437457","code":2601,"fclass":"bank","name":"Bank of Ceylon"},"geometry":{"type":"Point","coordinates":[79.9083088,6.7183553]}},
{"type":"Feature","properties":{"osm_id":"2339443717","code":2601,"fclass":"bank","name":"Citizens Development Bank"},"geometry":{"type":"Point","coordinates":[79.9077059,6.7153983]}},
{"type":"Feature","properties":{"osm_id":"2339443719","code":2601,"fclass":"bank","name":"DFCC Bank"},"geometry":{"type":"Point","coordinates":[79.9077375,6.7148871]}},
{"type":"Feature","properties":{"osm_id":"2339460184","code":2601,"fclass":"bank","name":"Union Bank"},"geometry":{"type":"Point","coordinates":[79.9081157,6.7092184]}},
{"type":"Feature","properties":{"osm_id":"2339460187","code":2601,"fclass":"bank","name":"Pan Asia Bank"},"geometry":{"type":"Point","coordinates":[79.9077053,6.7094662]}},
{"type":"Feature","properties":{"osm_id":"2347296766","code":2601,"fclass":"bank","name":"Bank of Ceylon"},"geometry":{"type":"Point","coordinates":[80.0799431,6.9084742]}},
{"type":"Feature","properties":{"osm_id":"2347298462","code":2601,"fclass":"bank","name":"National Saving Bank"},"geometry":{"type":"Point","coordinates":[80.0822697,6.9090069]}},
{"type":"Feature","properties":{"osm_id":"2361263477","code":2601,"fclass":"bank","name":"Commercial Bank"},"geometry":{"type":"Point","coordinates":[79.8953014,7.0605526]}},
{"type":"Feature","properties":{"osm_id":"2365945106","code":2602,"fclass":"atm","name":"Commercial Bank ATM"},"geometry":{"type":"Point","coordinates":[79.8411467,7.2055127]}},
{"type":"Feature","properties":{"osm_id":"2374511611","code":2602,"fclass":"atm","name":null},"geometry":{"type":"Point","coordinates":[79.8484754,7.2119055]}},
{"type":"Feature","properties":{"osm_id":"2376285704","code":2602,"fclass":"atm","name":null},"geometry":{"type":"Point","coordinates":[79.8685925,6.9035788]}},
{"type":"Feature","properties":{"osm_id":"2386004436","code":2601,"fclass":"bank","name":"Commercial Bank of Ceylon"},"geometry":{"type":"Point","coordinates":[79.9057026,6.8604452]}},
{"type":"Feature","properties":{"osm_id":"2386004500","code":2601,"fclass":"bank","name":"NSB"},"geometry":{"type":"Point","coordinates":[79.9000864,6.8634981]}},
{"type":"Feature","properties":{"osm_id":"2387165826","code":2601,"fclass":"bank","name":"Standard Chartered"},"geometry":{"type":"Point","coordinates":[79.8879665,6.9096474]}},
{"type":"Feature","properties":{"osm_id":"2389340026","code":2601,"fclass":"bank","name":"Commercial Bank of Ceylon"},"geometry":{"type":"Point","coordinates":[79.8445362,6.9338476]}},
{"type":"Feature","properties":{"osm_id":"2400524418","code":2601,"fclass":"bank","name":"Bank of Ceylon"},"geometry":{"type":"Point","coordinates":[79.9896246,6.8770837]}},
{"type":"Feature","properties":{"osm_id":"2400524420","code":2601,"fclass":"bank","name":"Sampath Bank"},"geometry":{"type":"Point","coordinates":[79.9885105,6.8780083]}},
{"type":"Feature","properties":{"osm_id":"2419634631","code":2601,"fclass":"bank","name":"People's Bank"},"geometry":{"type":"Point","coordinates":[79.8602757,6.8773302]}},
{"type":"Feature","properties":{"osm_id":"2426388287","code":2601,"fclass":"bank","name":"NSB"},"geometry":{"type":"Point","coordinates":[80.1742887,6.7439417]}},
{"type":"Feature","properties":{"osm_id":"2426388297","code":2601,"fclass":"bank","name":"HNB"},"geometry":{"type":"Point","coordinates":[80.1748331,6.743955]}},
{"type":"Feature","properties":{"osm_id":"2440209548","code":2601,"fclass":"bank","name":"Nation Trust Bank"},"geometry":{"type":"Point","coordinates":[79.9561535,6.9021036]}},
{"type":"Feature","properties":{"osm_id":"2440514011","code":2601,"fclass":"bank","name":"NTB"},"geometry":{"type":"Point","coordinates":[79.8779174,6.9122147]}},
{"type":"Feature","properties":{"osm_id":"2444061475","code":2601,"fclass":"bank","name":"Hatton National Bank"},"geometry":{"type":"Point","coordinates":[79.9006064,6.8770069]}},
{"type":"Feature","properties":{"osm_id":"2457654111","code":2601,"fclass":"bank","name":"Bank of Ceylon"},"geometry":{"type":"Point","coordinates":[79.9797528,6.9369475]}},
{"type":"Feature","properties":{"osm_id":"2470903276","code":2601,"fclass":"bank","name":"Sampath Bank"},"geometry":{"type":"Point","coordinates":[80.0053435,6.8420717]}},
{"type":"Feature","properties":{"osm_id":"2479893829","code":2601,"fclass":"bank","name":"Commercial Bank ATM"},"geometry":{"type":"Point","coordinates":[79.9215092,7.0301683]}},
{"type":"Feature","properties":{"osm_id":"2556637159","code":2602,"fclass":"atm","name":"Nations Trust Bank - Nawinna"},"geometry":{"type":"Point","coordinates":[79.9178683,6.8525427]}},
{"type":"Feature","properties":{"osm_id":"2577741092","code":2602,"fclass":"atm","name":"Commercial Bank"},"geometry":{"type":"Point","coordinates":[79.9595901,6.8803167]}},
{"type":"Feature","properties":{"osm_id":"2583327878","code":2601,"fclass":"bank","name":"HNB"},"geometry":{"type":"Point","coordinates":[79.8764807,6.8805035]}},
{"type":"Feature","properties":{"osm_id":"2618795732","code":2602,"fclass":"atm","name":"Seylan Bank"},"geometry":{"type":"Point","coordinates":[79.862666,6.90401]}},
{"type":"Feature","properties":{"osm_id":"2619372939","code":2602,"fclass":"atm","name":"Commercial Bank of Ceylon"},"geometry":{"type":"Point","coordinates":[79.9006599,6.8767572]}},
{"type":"Feature","properties":{"osm_id":"2641885474","code":2601,"fclass":"bank","name":"Union Bank"},"geometry":{"type":"Point","coordinates":[79.9229233,6.8502264]}},
{"type":"Feature","properties":{"osm_id":"2646850029","code":2602,"fclass":"atm","name":"Commercial Bank of Ceylon"},"geometry":{"type":"Point","coordinates":[79.8651303,6.8868122]}},
{"type":"Feature","properties":{"osm_id":"2701286660","code":2601,"fclass":"bank","name":"Nations Trust Bank"},"geometry":{"type":"Point","coordinates":[79.9997149,6.4306022]}},
{"type":"Feature","properties":{"osm_id":"2701286661","code":2601,"fclass":"bank","name":"Peoples' Bank"},"geometry":{"type":"Point","coordinates":[79.9996738,6.430949]}},
{"type":"Feature","properties":{"osm_id":"2701286669","code":2602,"fclass":"atm","name":null},"geometry":{"type":"Point","coordinates":[79.999435,6.4308156]}},
{"type":"Feature","properties":{"osm_id":"2703675574","code":2601,"fclass":"bank","name":"Peoples Bank"},"geometry":{"type":"Point","coordinates":[80.020115,7.2241496]}},
{"type":"Feature","properties":{"osm_id":"2703675575","code":2601,"fclass":"bank","name":"Commercial Bank"},"geometry":{"type":"Point","coordinates":[80.0196053,7.2240272]}},
{"type":"Feature","properties":{"osm_id":"2703675576","code":2601,"fclass":"bank","name":"NSB"},"geometry":{"type":"Point","coordinates":[80.0193613,7.2240139]}},
{"type":"Feature","properties":{"osm_id":"2703675577","code":2601,"fclass":"bank","name":"HNB"},"geometry":{"type":"Point","coordinates":[80.0201337,7.2239553]}},
{"type":"Feature","properties":{"osm_id":"2703821006","code":2601,"fclass":"bank","name":"Sampath Bank"},"geometry":{"type":"Point","coordinates":[80.0207851,7.226185]}},
{"type":"Feature","properties":{"osm_id":"2718556726","code":2601,"fclass":"bank","name":"BOC - Gothatuwa"},"geometry":{"type":"Point","coordinates":[79.9138242,6.9226063]}},
{"type":"Feature","properties":{"osm_id":"2741694174","code":2601,"fclass":"bank","name":"Peoples Bank"},"geometry":{"type":"Point","coordinates":[80.0331261,6.8519657]}},
{"type":"Feature","properties":{"osm_id":"2741771539","code":2601,"fclass":"bank","name":"HNB"},"geometry":{"type":"Point","coordinates":[79.9908461,6.8762641]}},
{"type":"Feature","properties":{"osm_id":"2823998324","code":2601,"fclass":"bank","name":"HNB"},"geometry":{"type":"Point","coordinates":[80.0346188,7.0872978]}},
{"type":"Feature","properties":{"osm_id":"2823998327","code":2601,"fclass":"bank","name":"Peoples Bank"},"geometry":{"type":"Point","coordinates":[80.0346028,7.0867502]}},
{"type":"Feature","properties":{"osm_id":"2823998868","code":2601,"fclass":"bank","name":"National Development Bank"},"geometry":{"type":"Point","coordinates":[80.0328344,7.0855355]}},
{"type":"Feature","properties":{"osm_id":"2852209353","code":2602,"fclass":"atm","name":"Commercial Bank of Ceylon"},"geometry":{"type":"Point","coordinates":[79.926291,6.8469188]}},
{"type":"Feature","properties":{"osm_id":"2889322604","code":2601,"fclass":"bank","name":"Pan Asia Bank"},"geometry":{"type":"Point","coordinates":[79.8796001,6.866174]}},
{"type":"Feature","properties":{"osm_id":"2908563507","code":2601,"fclass":"bank","name":"NSB Piyasa Ganemulla"},"geometry":{"type":"Point","coordinates":[79.961741,7.0651199]}},
{"type":"Feature","properties":{"osm_id":"2941436152","code":2602,"fclass":"atm","name":"Sampath Bank"},"geometry":{"type":"Point","coordinates":[79.9150306,6.8535359]}},
{"type":"Feature","properties":{"osm_id":"2945439709","code":2601,"fclass":"bank","name":"PABC"},"geometry":{"type":"Point","coordinates":[79.921964,6.8505562]}},
{"type":"Feature","properties":{"osm_id":"2945557017","code":2601,"fclass":"bank","name":"DFCC"},"geometry":{"type":"Point","coordinates":[79.923674,6.849458]}},
{"type":"Feature","properties":{"osm_id":"2952999253","code":2602,"fclass":"atm","name":null},"geometry":{"type":"Point","coordinates":[79.9620307,6.9218609]}},
{"type":"Feature","properties":{"osm_id":"2993812558","code":2602,"fclass":"atm","name":"Commercial Bank"},"geometry":{"type":"Point","coordinates":[79.8415951,7.2391983]}},
{"type":"Feature","properties":{"osm_id":"3077741221","code":2602,"fclass":"atm","name":"BOC"},"geometry":{"type":"Point","coordinates":[79.8731535,6.8560874]}},
{"type":"Feature","properties":{"osm_id":"3115181857","code":2601,"fclass":"bank","name":null},"geometry":{"type":"Point","coordinates":[79.8904322,6.8568942]}},
{"type":"Feature","properties":{"osm_id":"3115188367","code":2601,"fclass":"bank","name":"Commercial Bank of Ceylon"},"geometry":{"type":"Point","coordinates":[79.8851657,6.8475915]}},
{"type":"Feature","properties":{"osm_id":"3136279437","code":2601,"fclass":"bank","name":"DFCC Bank"},"geometry":{"type":"Point","coordinates":[79.8476038,6.9326826]}},
{"type":"Feature","properties":{"osm_id":"3136280326","code":2602,"fclass":"atm","name":"Bank of Ceylon"},"geometry":{"type":"Point","coordinates":[79.8466385,6.932555]}},
{"type":"Feature","properties":{"osm_id":"3188372478","code":2602,"fclass":"atm","name":"Sampath ATM"},"geometry":{"type":"Point","coordinates":[79.8672072,6.9321012]}},
{"type":"Feature","properties":{"osm_id":"3188372481","code":2602,"fclass":"atm","name":"BOC"},"geometry":{"type":"Point","coordinates":[79.8669336,6.9320959]}},
{"type":"Feature","properties":{"osm_id":"3191748566","code":2601,"fclass":"bank","name":"Bank of Ceylon"},"geometry":{"type":"Point","coordinates":[79.8451068,6.9351614]}},
{"type":"Feature","properties":{"osm_id":"3191748765","code":2601,"fclass":"bank","name":"People's Bank Duke Street"},"geometry":{"type":"Point","coordinates":[79.8462992,6.9359589]}},
{"type":"Feature","properties":{"osm_id":"3191749867","code":2602,"fclass":"atm","name":null},"geometry":{"type":"Point","coordinates":[79.8462928,6.9358417]}},
{"type":"Feature","properties":{"osm_id":"3199103600","code":2601,"fclass":"bank","name":"Nations Trust Bank Rajagiriya"},"geometry":{"type":"Point","coordinates":[79.8976694,6.9087947]}},
{"type":"Feature","properties":{"osm_id":"3219757103","code":2601,"fclass":"bank","name":"Seylan Bank"},"geometry":{"type":"Point","coordinates":[79.9080341,6.8585609]}},
{"type":"Feature","properties":{"osm_id":"3247298791","code":2602,"fclass":"atm","name":"Peoples Bank"},"geometry":{"type":"Point","coordinates":[79.9264184,6.867628]}},
{"type":"Feature","properties":{"osm_id":"3247298792","code":2602,"fclass":"atm","name":"HNB"},"geometry":{"type":"Point","coordinates":[79.9262735,6.8686719]}},
{"type":"Feature","properties":{"osm_id":"3247298793","code":2602,"fclass":"atm","name":"BOC"},"geometry":{"type":"Point","coordinates":[79.9261287,6.8687705]}},
{"type":"Feature","properties":{"osm_id":"3254701933","code":2602,"fclass":"atm","name":null},"geometry":{"type":"Point","coordinates":[79.9626015,6.9198006]}},
{"type":"Feature","properties":{"osm_id":"3254701934","code":2602,"fclass":"atm","name":"HNB"},"geometry":{"type":"Point","coordinates":[79.9721378,6.9149742]}},
{"type":"Feature","properties":{"osm_id":"3254701936","code":2601,"fclass":"bank","name":"Sampath Bank"},"geometry":{"type":"Point","coordinates":[79.9784762,6.9374985]}},
{"type":"Feature","properties":{"osm_id":"3254701938","code":2601,"fclass":"bank","name":"Sampath Bank"},"geometry":{"type":"Point","coordinates":[79.9694666,6.8195174]}},
{"type":"Feature","properties":{"osm_id":"3254708093","code":2602,"fclass":"atm","name":"Sampath Bank ATM"},"geometry":{"type":"Point","coordinates":[79.9647593,6.7872966]}},
{"type":"Feature","properties":{"osm_id":"3254708094","code":2602,"fclass":"atm","name":"HNB ATM"},"geometry":{"type":"Point","coordinates":[79.9644401,6.7872566]}},
{"type":"Feature","properties":{"osm_id":"3266017877","code":2601,"fclass":"bank","name":"Peoples Bank"},"geometry":{"type":"Point","coordinates":[79.8490716,7.2106057]}},
{"type":"Feature","properties":{"osm_id":"3367673571","code":2601,"fclass":"bank","name":"Sampath Bank"},"geometry":{"type":"Point","coordinates":[79.9335449,6.844566]}},
{"type":"Feature","properties":{"osm_id":"3367859857","code":2601,"fclass":"bank","name":"Commercial Bank of Ceylon"},"geometry":{"type":"Point","coordinates":[79.9176476,6.8525924]}},
{"type":"Feature","properties":{"osm_id":"3368502171","code":2601,"fclass":"bank","name":"Commercial Bank of Ceylon PLC Matugama"},"geometry":{"type":"Point","coordinates":[80.1120267,6.5223679]}},
{"type":"Feature","properties":{"osm_id":"3368510500","code":2601,"fclass":"bank","name":"Hatton National Bank Matugama"},"geometry":{"type":"Point","coordinates":[80.1151578,6.5241361]}},
{"type":"Feature","properties":{"osm_id":"3370061335","code":2601,"fclass":"bank","name":"Mahanagama Sanasa Bank"},"geometry":{"type":"Point","coordinates":[80.1641375,6.5923073]}},
{"type":"Feature","properties":{"osm_id":"3370420985","code":2601,"fclass":"bank","name":"Sampath Bank"},"geometry":{"type":"Point","coordinates":[79.9136928,6.9234669]}},
{"type":"Feature","properties":{"osm_id":"3370452702","code":2601,"fclass":"bank","name":"Seylan Bank"},"geometry":{"type":"Point","coordinates":[79.9137586,6.9226672]}},
{"type":"Feature","properties":{"osm_id":"3370504675","code":2601,"fclass":"bank","name":"Sanasa Bank"},"geometry":{"type":"Point","coordinates":[79.9037897,6.9294377]}},
{"type":"Feature","properties":{"osm_id":"3371327614","code":2601,"fclass":"bank","name":"NSB"},"geometry":{"type":"Point","coordinates":[79.9028745,6.841189]}},
{"type":"Feature","properties":{"osm_id":"3371327615","code":2601,"fclass":"bank","name":"Peoples Bank"},"geometry":{"type":"Point","coordinates":[79.9027905,6.8413374]}},
{"type":"Feature","properties":{"osm_id":"3371466145","code":2601,"fclass":"bank","name":"Peoples Bank"},"geometry":{"type":"Point","coordinates":[79.9289655,6.8491083]}},
{"type":"Feature","properties":{"osm_id":"3401392249","code":2602,"fclass":"atm","name":"Union Bank"},"geometry":{"type":"Point","coordinates":[79.8636006,6.8641597]}},
{"type":"Feature","properties":{"osm_id":"3401467564","code":2602,"fclass":"atm","name":"HNB"},"geometry":{"type":"Point","coordinates":[79.8623944,6.8509958]}},
{"type":"Feature","properties":{"osm_id":"3401467565","code":2602,"fclass":"atm","name":"NSB"},"geometry":{"type":"Point","coordinates":[79.8632278,6.8504671]}},
{"type":"Feature","properties":{"osm_id":"3401467568","code":2601,"fclass":"bank","name":"Nations Trust Bank"},"geometry":{"type":"Point","coordinates":[79.8657487,6.8542795]}},
{"type":"Feature","properties":{"osm_id":"3401481197","code":2601,"fclass":"bank","name":"peoples Bank"},"geometry":{"type":"Point","coordinates":[79.8639831,6.8611558]}},
{"type":"Feature","properties":{"osm_id":"3401481202","code":2602,"fclass":"atm","name":"Commercial Bank of Ceylon"},"geometry":{"type":"Point","coordinates":[79.8646584,6.8577541]}},
{"type":"Feature","properties":{"osm_id":"3403251708","code":2601,"fclass":"bank","name":"Peoples Bank"},"geometry":{"type":"Point","coordinates":[79.9169948,6.9500635]}},
{"type":"Feature","properties":{"osm_id":"3421123715","code":2601,"fclass":"bank","name":"NSB"},"geometry":{"type":"Point","coordinates":[79.9297582,6.6652197]}},
{"type":"Feature","properties":{"osm_id":"3421123716","code":2601,"fclass":"bank","name":"Sampath Bank"},"geometry":{"type":"Point","coordinates":[79.930243,6.6648852]}},
{"type":"Feature","properties":{"osm_id":"3421123717","code":2601,"fclass":"bank","name":"BOC"},"geometry":{"type":"Point","coordinates":[79.9302791,6.6647446]}},
{"type":"Feature","properties":{"osm_id":"3421123718","code":2601,"fclass":"bank","name":"Rural Bank"},"geometry":{"type":"Point","coordinates":[79.9317443,6.6646321]}},
{"type":"Feature","properties":{"osm_id":"3474608524","code":2602,"fclass":"atm","name":"Hatton National Bank ATM"},"geometry":{"type":"Point","coordinates":[79.9650613,6.9674215]}},
{"type":"Feature","properties":{"osm_id":"3477986650","code":2601,"fclass":"bank","name":"Sampath Bank"},"geometry":{"type":"Point","coordinates":[79.9501161,7.0022673]}},
{"type":"Feature","properties":{"osm_id":"3498788657","code":2601,"fclass":"bank","name":"Sanasa Bank"},"geometry":{"type":"Point","coordinates":[79.8997989,6.8399163]}},
{"type":"Feature","properties":{"osm_id":"3503375908","code":2601,"fclass":"bank","name":"People's Bank"},"geometry":{"type":"Point","coordinates":[79.9562742,6.9022181]}},
{"type":"Feature","properties":{"osm_id":"3504658322","code":2601,"fclass":"bank","name":"Commercial Bank of Ceylon PLC"},"geometry":{"type":"Point","coordinates":[79.9172359,6.8194327]}},
{"type":"Feature","properties":{"osm_id":"3506389285","code":2601,"fclass":"bank","name":"Nations Trust Bank"},"geometry":{"type":"Point","coordinates":[79.9138831,6.9225395]}},
{"type":"Feature","properties":{"osm_id":"3524739296","code":2601,"fclass":"bank","name":"Nations Trust Bank"},"geometry":{"type":"Point","coordinates":[79.9222298,6.8016589]}},
{"type":"Feature","properties":{"osm_id":"3524739297","code":2601,"fclass":"bank","name":"Union Bank"},"geometry":{"type":"Point","coordinates":[79.9207519,6.8011981]}},
{"type":"Feature","properties":{"osm_id":"3557320925","code":2601,"fclass":"bank","name":"Nations Trust Bank"},"geometry":{"type":"Point","coordinates":[79.8527847,6.9383981]}},
{"type":"Feature","properties":{"osm_id":"3614059778","code":2602,"fclass":"atm","name":"HNB"},"geometry":{"type":"Point","coordinates":[79.8802844,6.941423]}},
{"type":"Feature","properties":{"osm_id":"3614062280","code":2601,"fclass":"bank","name":"Commercial Bank of Ceylon"},"geometry":{"type":"Point","coordinates":[79.8785169,6.9393945]}},
{"type":"Feature","properties":{"osm_id":"3630800891","code":2601,"fclass":"bank","name":"HNB"},"geometry":{"type":"Point","coordinates":[79.8675283,6.9314627]}},
{"type":"Feature","properties":{"osm_id":"3630816055","code":2602,"fclass":"atm","name":"Commercial Bank of Ceylon"},"geometry":{"type":"Point","coordinates":[79.8670533,6.9310828]}},
{"type":"Feature","properties":{"osm_id":"3690997372","code":2601,"fclass":"bank","name":"HNB"},"geometry":{"type":"Point","coordinates":[79.8696773,6.8773484]}},
{"type":"Feature","properties":{"osm_id":"3691001406","code":2601,"fclass":"bank","name":"Standard Charted Bank"},"geometry":{"type":"Point","coordinates":[79.8634815,6.8647898]}},
{"type":"Feature","properties":{"osm_id":"3691015998","code":2601,"fclass":"bank","name":"Habib Bank"},"geometry":{"type":"Point","coordinates":[79.8634117,6.8652852]}},
{"type":"Feature","properties":{"osm_id":"3691018367","code":2602,"fclass":"atm","name":"HNB"},"geometry":{"type":"Point","coordinates":[79.8628216,6.8676074]}},
{"type":"Feature","properties":{"osm_id":"3691036479","code":2601,"fclass":"bank","name":"HNB"},"geometry":{"type":"Point","coordinates":[80.0806404,6.9087192]}},
{"type":"Feature","properties":{"osm_id":"3691036480","code":2601,"fclass":"bank","name":"Peoples Bank"},"geometry":{"type":"Point","coordinates":[80.0811677,6.9086516]}},
{"type":"Feature","properties":{"osm_id":"3694735023","code":2601,"fclass":"bank","name":"CDB"},"geometry":{"type":"Point","coordinates":[79.9197323,6.8517877]}},
{"type":"Feature","properties":{"osm_id":"3698554534","code":2602,"fclass":"atm","name":"Sampath Bank"},"geometry":{"type":"Point","coordinates":[79.9628593,6.8931135]}},
{"type":"Feature","properties":{"osm_id":"3705966087","code":2601,"fclass":"bank","name":"Sampath Bank"},"geometry":{"type":"Point","coordinates":[79.89196,6.9108211]}},
{"type":"Feature","properties":{"osm_id":"3708838998","code":2601,"fclass":"bank","name":"Regional Development Bank"},"geometry":{"type":"Point","coordinates":[80.0150606,7.0725148]}},
{"type":"Feature","properties":{"osm_id":"3709078425","code":2601,"fclass":"bank","name":"NSB"},"geometry":{"type":"Point","coordinates":[79.990744,6.716071]}},
{"type":"Feature","properties":{"osm_id":"3710249175","code":2601,"fclass":"bank","name":"BOC Katana"},"geometry":{"type":"Point","coordinates":[79.8604636,7.2208362]}},
{"type":"Feature","properties":{"osm_id":"3710449671","code":2601,"fclass":"bank","name":"HNB"},"geometry":{"type":"Point","coordinates":[79.8602146,7.0797196]}},
{"type":"Feature","properties":{"osm_id":"3713317630","code":2602,"fclass":"atm","name":"Union Bank"},"geometry":{"type":"Point","coordinates":[79.9652471,6.8347759]}},
{"type":"Feature","properties":{"osm_id":"3716329623","code":2601,"fclass":"bank","name":"Hatton National Bank"},"geometry":{"type":"Point","coordinates":[80.0125685,6.9870148]}},
{"type":"Feature","properties":{"osm_id":"3716332702","code":2601,"fclass":"bank","name":"People's Bank Atm"},"geometry":{"type":"Point","coordinates":[80.0139414,6.988877]}},
{"type":"Feature","properties":{"osm_id":"3716332705","code":2601,"fclass":"bank","name":"Sampath Bank"},"geometry":{"type":"Point","coordinates":[80.0121984,6.9864824]}},
{"type":"Feature","properties":{"osm_id":"3722256155","code":2601,"fclass":"bank","name":"Sampath Bank"},"geometry":{"type":"Point","coordinates":[79.8499814,6.9369648]}},
{"type":"Feature","properties":{"osm_id":"3722672162","code":2601,"fclass":"bank","name":"National Development Bank, Wattala"},"geometry":{"type":"Point","coordinates":[79.8908587,6.9876751]}},
{"type":"Feature","properties":{"osm_id":"3722705907","code":2601,"fclass":"bank","name":"Sampath Bank, Wattala"},"geometry":{"type":"Point","coordinates":[79.8890687,6.984624]}},
{"type":"Feature","properties":{"osm_id":"3722705908","code":2601,"fclass":"bank","name":"Seylan Bank, Wattala"},"geometry":{"type":"Point","coordinates":[79.8890005,6.9852234]}},
{"type":"Feature","properties":{"osm_id":"3722705909","code":2601,"fclass":"bank","name":"Hatton National Bank, Wattala"},"geometry":{"type":"Point","coordinates":[79.8888736,6.9834841]}},
{"type":"Feature","properties":{"osm_id":"3722714272","code":2601,"fclass":"bank","name":"Bank of Ceylon"},"geometry":{"type":"Point","coordinates":[80.0122322,6.9868375]}},
{"type":"Feature","properties":{"osm_id":"3723276454","code":2601,"fclass":"bank","name":"Bank of Ceylon, Wattala"},"geometry":{"type":"Point","coordinates":[79.8884232,6.9809325]}},
{"type":"Feature","properties":{"osm_id":"3723276456","code":2601,"fclass":"bank","name":"NSB, Wattala"},"geometry":{"type":"Point","coordinates":[79.8880963,6.9829581]}},
{"type":"Feature","properties":{"osm_id":"3726070526","code":2601,"fclass":"bank","name":"Peoples bank"},"geometry":{"type":"Point","coordinates":[80.013197,6.762463]}},
{"type":"Feature","properties":{"osm_id":"3730130063","code":2602,"fclass":"atm","name":"ComBank ATM"},"geometry":{"type":"Point","coordinates":[80.0139535,6.9879253]}},
{"type":"Feature","properties":{"osm_id":"3730130065","code":2601,"fclass":"bank","name":"National Savings Bank"},"geometry":{"type":"Point","coordinates":[80.0137965,6.9875552]}},
{"type":"Feature","properties":{"osm_id":"3730621428","code":2601,"fclass":"bank","name":"Commercial Bank Kirindiwela"},"geometry":{"type":"Point","coordinates":[80.128855,7.042169]}},
{"type":"Feature","properties":{"osm_id":"3730644425","code":2601,"fclass":"bank","name":"NSB Kirindiwela"},"geometry":{"type":"Point","coordinates":[80.12864,7.042446]}},
{"type":"Feature","properties":{"osm_id":"3737444165","code":2602,"fclass":"atm","name":"Commercial Bank ATM"},"geometry":{"type":"Point","coordinates":[80.0583428,7.1519994]}},
{"type":"Feature","properties":{"osm_id":"3737454947","code":2601,"fclass":"bank","name":"Sampath Bank & ATM"},"geometry":{"type":"Point","coordinates":[80.0947367,7.1419153]}},
{"type":"Feature","properties":{"osm_id":"3742215661","code":2601,"fclass":"bank","name":"NDB"},"geometry":{"type":"Point","coordinates":[79.8644938,6.8892155]}},
{"type":"Feature","properties":{"osm_id":"3744304318","code":2601,"fclass":"bank","name":"Sampath Bank"},"geometry":{"type":"Point","coordinates":[79.9077571,6.7159109]}},
{"type":"Feature","properties":{"osm_id":"3744304319","code":2602,"fclass":"atm","name":null},"geometry":{"type":"Point","coordinates":[79.907431,6.7161041]}},
{"type":"Feature","properties":{"osm_id":"3747912140","code":2602,"fclass":"atm","name":"Sampath Bank"},"geometry":{"type":"Point","coordinates":[79.8617342,6.9022729]}},
{"type":"Feature","properties":{"osm_id":"3749475108","code":2601,"fclass":"bank","name":"NDB Bank"},"geometry":{"type":"Point","coordinates":[79.904468,6.9062196]}},
{"type":"Feature","properties":{"osm_id":"3751169268","code":2601,"fclass":"bank","name":"Commercial Bank of Ceylon"},"geometry":{"type":"Point","coordinates":[79.8869811,6.7936471]}},
{"type":"Feature","properties":{"osm_id":"3752550816","code":2601,"fclass":"bank","name":"Commercial Bank of Ceylon"},"geometry":{"type":"Point","coordinates":[79.8669923,6.9618906]}},
{"type":"Feature","properties":{"osm_id":"3752554542","code":2602,"fclass":"atm","name":"Hattion National Bank"},"geometry":{"type":"Point","coordinates":[79.8671138,6.9620808]}},
{"type":"Feature","properties":{"osm_id":"3752585826","code":2601,"fclass":"bank","name":"Nations Trust Bank"},"geometry":{"type":"Point","coordinates":[79.858655,6.9525488]}},
{"type":"Feature","properties":{"osm_id":"3755602196","code":2602,"fclass":"atm","name":"nation trust Bank ATM"},"geometry":{"type":"Point","coordinates":[80.0152142,7.0725803]}},
{"type":"Feature","properties":{"osm_id":"3762099238","code":2601,"fclass":"bank","name":"Sanasa Development Bank"},"geometry":{"type":"Point","coordinates":[79.8765898,6.8793562]}},
{"type":"Feature","properties":{"osm_id":"3762112080","code":2601,"fclass":"bank","name":"Commercial Bank of Ceylon"},"geometry":{"type":"Point","coordinates":[79.8653728,6.876712]}},
{"type":"Feature","properties":{"osm_id":"3762795763","code":2601,"fclass":"bank","name":"NDB Bank Malabe"},"geometry":{"type":"Point","coordinates":[79.9534278,6.904366]}},
{"type":"Feature","properties":{"osm_id":"3772997718","code":2601,"fclass":"bank","name":"Bank of Ceylon"},"geometry":{"type":"Point","coordinates":[79.8659759,6.852549]}},
{"type":"Feature","properties":{"osm_id":"3803513176","code":2602,"fclass":"atm","name":null},"geometry":{"type":"Point","coordinates":[79.9071815,6.7238583]}},
{"type":"Feature","properties":{"osm_id":"3803514722","code":2602,"fclass":"atm","name":null},"geometry":{"type":"Point","coordinates":[79.9078935,6.7177769]}},
{"type":"Feature","properties":{"osm_id":"3827909173","code":2601,"fclass":"bank","name":"Cargills Bank - Old moor st"},"geometry":{"type":"Point","coordinates":[79.8610849,6.9395331]}},
{"type":"Feature","properties":{"osm_id":"3827910557","code":2601,"fclass":"bank","name":"Cargills Bank - Maitland Cresent"},"geometry":{"type":"Point","coordinates":[79.8657219,6.9092197]}},
{"type":"Feature","properties":{"osm_id":"3827916357","code":2601,"fclass":"bank","name":"Cargills Bank - Head Office"},"geometry":{"type":"Point","coordinates":[79.8541014,6.8972152]}},
{"type":"Feature","properties":{"osm_id":"3834368560","code":2601,"fclass":"bank","name":"BOC Kirindiwela"},"geometry":{"type":"Point","coordinates":[80.127982,7.041589]}},
{"type":"Feature","properties":{"osm_id":"3902437935","code":2601,"fclass":"bank","name":"Peoples Bank"},"geometry":{"type":"Point","coordinates":[80.142707,6.7951373]}},
{"type":"Feature","properties":{"osm_id":"3925616554","code":2602,"fclass":"atm","name":"People's Bank ATM"},"geometry":{"type":"Point","coordinates":[79.9003456,6.9027907]}},
{"type":"Feature","properties":{"osm_id":"3937910328","code":2601,"fclass":"bank","name":"Sampath Bank"},"geometry":{"type":"Point","coordinates":[79.8805259,6.9110849]}},
{"type":"Feature","properties":{"osm_id":"3937926187","code":2601,"fclass":"bank","name":"Nations Trust bank"},"geometry":{"type":"Point","coordinates":[79.844663,6.9345356]}},
{"type":"Feature","properties":{"osm_id":"3937926818","code":2601,"fclass":"bank","name":"Peoples Bank"},"geometry":{"type":"Point","coordinates":[79.8446845,6.934682]}},
{"type":"Feature","properties":{"osm_id":"3944712054","code":2602,"fclass":"atm","name":"Union Bank"},"geometry":{"type":"Point","coordinates":[79.9451503,6.9077355]}},
{"type":"Feature","properties":{"osm_id":"3954316990","code":2601,"fclass":"bank","name":null},"geometry":{"type":"Point","coordinates":[79.8630323,6.961743]}},
{"type":"Feature","properties":{"osm_id":"3954317068","code":2601,"fclass":"bank","name":null},"geometry":{"type":"Point","coordinates":[79.8681145,6.9604226]}},
{"type":"Feature","properties":{"osm_id":"4037740156","code":2601,"fclass":"bank","name":"Rural Bank"},"geometry":{"type":"Point","coordinates":[79.9573138,6.8135182]}},
{"type":"Feature","properties":{"osm_id":"4047038741","code":2601,"fclass":"bank","name":"Bank of Ceylon"},"geometry":{"type":"Point","coordinates":[79.8617527,6.9197864]}},
{"type":"Feature","properties":{"osm_id":"4052544491","code":2601,"fclass":"bank","name":"H N B Assurance"},"geometry":{"type":"Point","coordinates":[79.9998335,7.09198]}},
{"type":"Feature","properties":{"osm_id":"4052544493","code":2601,"fclass":"bank","name":"Nation Trust"},"geometry":{"type":"Point","coordinates":[79.9981045,7.0916169]}},
{"type":"Feature","properties":{"osm_id":"4052544494","code":2601,"fclass":"bank","name":"People's Merchart Finance"},"geometry":{"type":"Point","coordinates":[79.9997799,7.0920705]}},
{"type":"Feature","properties":{"osm_id":"4054806078","code":2601,"fclass":"bank","name":"Selyan Bank"},"geometry":{"type":"Point","coordinates":[80.0300346,6.8510426]}},
{"type":"Feature","properties":{"osm_id":"4059270025","code":2601,"fclass":"bank","name":null},"geometry":{"type":"Point","coordinates":[80.0978642,6.7295127]}},
{"type":"Feature","properties":{"osm_id":"4063322332","code":2601,"fclass":"bank","name":"Bank of Ceylon"},"geometry":{"type":"Point","coordinates":[79.8595182,7.0797761]}},
{"type":"Feature","properties":{"osm_id":"4066435019","code":2602,"fclass":"atm","name":null},"geometry":{"type":"Point","coordinates":[79.9611155,7.0685]}},
{"type":"Feature","properties":{"osm_id":"4066435020","code":2602,"fclass":"atm","name":null},"geometry":{"type":"Point","coordinates":[79.96115,7.0685177]}},
{"type":"Feature","properties":{"osm_id":"4066453854","code":2602,"fclass":"atm","name":null},"geometry":{"type":"Point","coordinates":[79.9607821,7.0696836]}},
{"type":"Feature","properties":{"osm_id":"4079653715","code":2601,"fclass":"bank","name":"Rural Bank, Dippitigoda"},"geometry":{"type":"Point","coordinates":[79.9066691,6.9762031]}},
{"type":"Feature","properties":{"osm_id":"4096630433","code":2601,"fclass":"bank","name":"Sanasa Bank"},"geometry":{"type":"Point","coordinates":[80.0241387,6.8644782]}},
{"type":"Feature","properties":{"osm_id":"4153232538","code":2601,"fclass":"bank","name":"Sanasa Development Bank"},"geometry":{"type":"Point","coordinates":[79.919958,6.9023055]}},
{"type":"Feature","properties":{"osm_id":"4154581405","code":2602,"fclass":"atm","name":"Sampath Bank ATM"},"geometry":{"type":"Point","coordinates":[80.0130628,6.8654878]}},
{"type":"Feature","properties":{"osm_id":"4154584492","code":2601,"fclass":"bank","name":"Habarakada Rural Bank"},"geometry":{"type":"Point","coordinates":[80.0126318,6.8654016]}},
{"type":"Feature","properties":{"osm_id":"4180562389","code":2601,"fclass":"bank","name":"DFCC Wardhana Bank"},"geometry":{"type":"Point","coordinates":[79.8941773,6.9036492]}},
{"type":"Feature","properties":{"osm_id":"4180608916","code":2601,"fclass":"bank","name":"Sampath Bank"},"geometry":{"type":"Point","coordinates":[80.0317362,7.0845092]}},
{"type":"Feature","properties":{"osm_id":"4192023821","code":2602,"fclass":"atm","name":"People's Bank ATM"},"geometry":{"type":"Point","coordinates":[79.8767696,6.9157716]}},
{"type":"Feature","properties":{"osm_id":"4192035070","code":2601,"fclass":"bank","name":"Bank of Ceylon"},"geometry":{"type":"Point","coordinates":[79.8777549,6.9144221]}},
{"type":"Feature","properties":{"osm_id":"4197042377","code":2601,"fclass":"bank","name":"Nations Trust Bank"},"geometry":{"type":"Point","coordinates":[80.0960817,7.1455541]}},
{"type":"Feature","properties":{"osm_id":"4197044514","code":2601,"fclass":"bank","name":"NDB Bank"},"geometry":{"type":"Point","coordinates":[80.0958663,7.144991]}},
{"type":"Feature","properties":{"osm_id":"4197055433","code":2601,"fclass":"bank","name":"Peoples Bank"},"geometry":{"type":"Point","coordinates":[80.0687811,7.1244511]}},
{"type":"Feature","properties":{"osm_id":"4197156454","code":2601,"fclass":"bank","name":"Bank of Ceylon"},"geometry":{"type":"Point","coordinates":[79.9313917,6.9828649]}},
{"type":"Feature","properties":{"osm_id":"4197163304","code":2601,"fclass":"bank","name":"Seylan Bank"},"geometry":{"type":"Point","coordinates":[79.9302765,6.9816447]}},
{"type":"Feature","properties":{"osm_id":"4197168326","code":2601,"fclass":"bank","name":"Sampath Bank"},"geometry":{"type":"Point","coordinates":[79.9220042,6.9739345]}},
{"type":"Feature","properties":{"osm_id":"4233205611","code":2601,"fclass":"bank","name":"NSB"},"geometry":{"type":"Point","coordinates":[79.8437733,6.9344503]}},
{"type":"Feature","properties":{"osm_id":"4242157987","code":2602,"fclass":"atm","name":"Bank of Ceylon"},"geometry":{"type":"Point","coordinates":[79.9722815,6.9143571]}},
{"type":"Feature","properties":{"osm_id":"4253797941","code":2601,"fclass":"bank","name":"NSB"},"geometry":{"type":"Point","coordinates":[79.9811809,6.9368648]}},
{"type":"Feature","properties":{"osm_id":"4258243338","code":2601,"fclass":"bank","name":"NDB Bank"},"geometry":{"type":"Point","coordinates":[79.8787416,6.9142376]}},
{"type":"Feature","properties":{"osm_id":"4279915113","code":2601,"fclass":"bank","name":"Bank of Ceylon"},"geometry":{"type":"Point","coordinates":[79.9013279,6.8839248]}},
{"type":"Feature","properties":{"osm_id":"4331930486","code":2601,"fclass":"bank","name":"NSB Minuwangoda"},"geometry":{"type":"Point","coordinates":[79.9482836,7.1696597]}},
{"type":"Feature","properties":{"osm_id":"4331935606","code":2601,"fclass":"bank","name":"Wayaba Development Bank"},"geometry":{"type":"Point","coordinates":[79.9501542,7.1689046]}},
{"type":"Feature","properties":{"osm_id":"4335023993","code":2602,"fclass":"atm","name":null},"geometry":{"type":"Point","coordinates":[79.9978505,6.4332309]}},
{"type":"Feature","properties":{"osm_id":"4350867389","code":2601,"fclass":"bank","name":"Hatton national bank"},"geometry":{"type":"Point","coordinates":[80.095949,7.144467]}},
{"type":"Feature","properties":{"osm_id":"4352140092","code":2601,"fclass":"bank","name":"HNB"},"geometry":{"type":"Point","coordinates":[80.129678,7.042761]}},
{"type":"Feature","properties":{"osm_id":"4355124790","code":2602,"fclass":"atm","name":null},"geometry":{"type":"Point","coordinates":[80.0346327,7.087273]}},
{"type":"Feature","properties":{"osm_id":"4423037495","code":2601,"fclass":"bank","name":"Commercial Bank"},"geometry":{"type":"Point","coordinates":[79.8964151,7.0493308]}},
{"type":"Feature","properties":{"osm_id":"4423084386","code":2601,"fclass":"bank","name":"Peoples Bank"},"geometry":{"type":"Point","coordinates":[79.8970538,7.0454941]}},
{"type":"Feature","properties":{"osm_id":"4433520661","code":2601,"fclass":"bank","name":"NDB Bankbankb"},"geometry":{"type":"Point","coordinates":[79.9149723,6.902288]}},
{"type":"Feature","properties":{"osm_id":"4440131601","code":2601,"fclass":"bank","name":"Commercial Bank"},"geometry":{"type":"Point","coordinates":[79.8962533,7.0496982]}},
{"type":"Feature","properties":{"osm_id":"4443812126","code":2601,"fclass":"bank","name":"Bank of Ceylon"},"geometry":{"type":"Point","coordinates":[79.8760551,7.131421]}},
{"type":"Feature","properties":{"osm_id":"4443812834","code":2601,"fclass":"bank","name":"Sampath Bank"},"geometry":{"type":"Point","coordinates":[79.8754574,7.1350838]}},
{"type":"Feature","properties":{"osm_id":"4451079499","code":2601,"fclass":"bank","name":null},"geometry":{"type":"Point","coordinates":[80.110531,7.125692]}},
{"type":"Feature","properties":{"osm_id":"4454390489","code":2601,"fclass":"bank","name":"Sampath Bank"},"geometry":{"type":"Point","coordinates":[79.9247369,7.0271937]}},
{"type":"Feature","properties":{"osm_id":"4454394855","code":2601,"fclass":"bank","name":"Commercial Bank"},"geometry":{"type":"Point","coordinates":[79.8962741,7.0497542]}},
{"type":"Feature","properties":{"osm_id":"4454397402","code":2601,"fclass":"bank","name":"Sampath Bank"},"geometry":{"type":"Point","coordinates":[79.8920001,7.075332]}},
{"type":"Feature","properties":{"osm_id":"4458124678","code":2601,"fclass":"bank","name":"NSB"},"geometry":{"type":"Point","coordinates":[79.9369594,6.8741872]}},
{"type":"Feature","properties":{"osm_id":"4491114435","code":2601,"fclass":"bank","name":"Peoples Bank"},"geometry":{"type":"Point","coordinates":[79.9560531,7.0027996]}},
{"type":"Feature","properties":{"osm_id":"4491120130","code":2601,"fclass":"bank","name":"NSB"},"geometry":{"type":"Point","coordinates":[79.8815448,6.9619195]}},
{"type":"Feature","properties":{"osm_id":"4491695826","code":2601,"fclass":"bank","name":"Seylan Bank"},"geometry":{"type":"Point","coordinates":[79.8997354,6.7524866]}},
{"type":"Feature","properties":{"osm_id":"4513002007","code":2601,"fclass":"bank","name":"Peoples Bank"},"geometry":{"type":"Point","coordinates":[79.8969939,7.0454995]}},
{"type":"Feature","properties":{"osm_id":"4514657242","code":2601,"fclass":"bank","name":"Pan Asia Bank"},"geometry":{"type":"Point","coordinates":[79.8883372,6.981015]}},
{"type":"Feature","properties":{"osm_id":"4514671388","code":2601,"fclass":"bank","name":"Hatten National Bank"},"geometry":{"type":"Point","coordinates":[79.896753,7.0494722]}},
{"type":"Feature","properties":{"osm_id":"4515216189","code":2601,"fclass":"bank","name":null},"geometry":{"type":"Point","coordinates":[79.9058578,6.9001116]}},
{"type":"Feature","properties":{"osm_id":"4516583410","code":2601,"fclass":"bank","name":"Nations Trust Bank"},"geometry":{"type":"Point","coordinates":[79.8806766,6.8695975]}},
{"type":"Feature","properties":{"osm_id":"4527676076","code":2601,"fclass":"bank","name":"Sampath Bank"},"geometry":{"type":"Point","coordinates":[79.8443363,6.9343585]}},
{"type":"Feature","properties":{"osm_id":"4529580292","code":2602,"fclass":"atm","name":null},"geometry":{"type":"Point","coordinates":[79.8760508,7.1316193]}},
{"type":"Feature","properties":{"osm_id":"4544102622","code":2601,"fclass":"bank","name":"HSBC Bank"},"geometry":{"type":"Point","coordinates":[79.8891203,6.9788745]}},
{"type":"Feature","properties":{"osm_id":"4544103428","code":2601,"fclass":"bank","name":"Union Bank"},"geometry":{"type":"Point","coordinates":[79.8886581,6.9829533]}},
{"type":"Feature","properties":{"osm_id":"4544117051","code":2601,"fclass":"bank","name":"Union Bank"},"geometry":{"type":"Point","coordinates":[79.8915482,7.076631]}},
{"type":"Feature","properties":{"osm_id":"4545795059","code":2601,"fclass":"bank","name":"Sampath Bank"},"geometry":{"type":"Point","coordinates":[79.8839554,6.9680467]}},
{"type":"Feature","properties":{"osm_id":"4555033281","code":2602,"fclass":"atm","name":"People's Bank"},"geometry":{"type":"Point","coordinates":[79.9241245,6.8953405]}},
{"type":"Feature","properties":{"osm_id":"4561386058","code":2602,"fclass":"atm","name":"Commercial Bank of Ceylon"},"geometry":{"type":"Point","coordinates":[79.9259964,6.8450643]}},
{"type":"Feature","properties":{"osm_id":"4568409925","code":2602,"fclass":"atm","name":"HNB"},"geometry":{"type":"Point","coordinates":[79.9504564,6.846203]}},
{"type":"Feature","properties":{"osm_id":"4574284028","code":2601,"fclass":"bank","name":"Commercial Bank of Ceylon"},"geometry":{"type":"Point","coordinates":[79.9290874,6.8917513]}},
{"type":"Feature","properties":{"osm_id":"4576614454","code":2601,"fclass":"bank","name":"Peoples Bank"},"geometry":{"type":"Point","coordinates":[79.8847485,7.1656335]}},
{"type":"Feature","properties":{"osm_id":"4576615998","code":2601,"fclass":"bank","name":"NSB"},"geometry":{"type":"Point","coordinates":[79.8838089,7.1658655]}},
{"type":"Feature","properties":{"osm_id":"4576617361","code":2601,"fclass":"bank","name":"HNB"},"geometry":{"type":"Point","coordinates":[79.8834037,7.1655803]}},
{"type":"Feature","properties":{"osm_id":"4582139389","code":2602,"fclass":"atm","name":null},"geometry":{"type":"Point","coordinates":[79.8747774,6.9797998]}},
{"type":"Feature","properties":{"osm_id":"4590585489","code":2602,"fclass":"atm","name":null},"geometry":{"type":"Point","coordinates":[79.8416729,7.2393988]}},
{"type":"Feature","properties":{"osm_id":"4590787901","code":2602,"fclass":"atm","name":"HNB"},"geometry":{"type":"Point","coordinates":[79.9721811,6.9148704]}},
{"type":"Feature","properties":{"osm_id":"4591765415","code":2601,"fclass":"bank","name":"Commercial Bank of Ceylon"},"geometry":{"type":"Point","coordinates":[79.9519176,6.9048176]}},
{"type":"Feature","properties":{"osm_id":"4599715095","code":2601,"fclass":"bank","name":"NSB Bank"},"geometry":{"type":"Point","coordinates":[79.8965545,7.0499713]}},
{"type":"Feature","properties":{"osm_id":"4609647907","code":2601,"fclass":"bank","name":"NDB"},"geometry":{"type":"Point","coordinates":[79.8677045,6.8367957]}},
{"type":"Feature","properties":{"osm_id":"4609647908","code":2601,"fclass":"bank","name":"Sampath Bank"},"geometry":{"type":"Point","coordinates":[79.8671491,6.835413]}},
{"type":"Feature","properties":{"osm_id":"4609680993","code":2601,"fclass":"bank","name":null},"geometry":{"type":"Point","coordinates":[79.8672245,6.8337922]}},
{"type":"Feature","properties":{"osm_id":"4610316705","code":2601,"fclass":"bank","name":"Bank of Ceylon"},"geometry":{"type":"Point","coordinates":[79.8693011,6.9029418]}},
{"type":"Feature","properties":{"osm_id":"4613996419","code":2601,"fclass":"bank","name":"Union Bank Head Quarters"},"geometry":{"type":"Point","coordinates":[79.8470824,6.9184534]}},
{"type":"Feature","properties":{"osm_id":"4614004613","code":2601,"fclass":"bank","name":"Nations Trust Bank"},"geometry":{"type":"Point","coordinates":[79.8526402,6.9083371]}},
{"type":"Feature","properties":{"osm_id":"4631062369","code":2601,"fclass":"bank","name":"Peoples Bank Hokandara"},"geometry":{"type":"Point","coordinates":[79.959858,6.880571]}},
{"type":"Feature","properties":{"osm_id":"4631098902","code":2602,"fclass":"atm","name":"Sampath ATM"},"geometry":{"type":"Point","coordinates":[79.9917473,6.8397037]}},
{"type":"Feature","properties":{"osm_id":"4633778758","code":2602,"fclass":"atm","name":"BOC"},"geometry":{"type":"Point","coordinates":[79.8620937,6.9196996]}},
{"type":"Feature","properties":{"osm_id":"4641496043","code":2601,"fclass":"bank","name":"NSB"},"geometry":{"type":"Point","coordinates":[80.0003232,6.840935]}},
{"type":"Feature","properties":{"osm_id":"4690796991","code":2601,"fclass":"bank","name":null},"geometry":{"type":"Point","coordinates":[79.876159,6.8930116]}},
{"type":"Feature","properties":{"osm_id":"4690843289","code":2601,"fclass":"bank","name":"NSB"},"geometry":{"type":"Point","coordinates":[79.8762079,6.8927033]}},
{"type":"Feature","properties":{"osm_id":"4711149089","code":2601,"fclass":"bank","name":"Pan Asia Bank"},"geometry":{"type":"Point","coordinates":[79.8648128,6.8569827]}},
{"type":"Feature","properties":{"osm_id":"4711149289","code":2601,"fclass":"bank","name":null},"geometry":{"type":"Point","coordinates":[79.8671766,6.835776]}},
{"type":"Feature","properties":{"osm_id":"4746425640","code":2601,"fclass":"bank","name":"Peoples Bank"},"geometry":{"type":"Point","coordinates":[80.127739,6.9009097]}},
{"type":"Feature","properties":{"osm_id":"4747061152","code":2601,"fclass":"bank","name":"Merchant Bank of Sri Lanka"},"geometry":{"type":"Point","coordinates":[79.8619126,6.9193194]}},
{"type":"Feature","properties":{"osm_id":"4772203098","code":2601,"fclass":"bank","name":"Commercial Bank of Ceylon"},"geometry":{"type":"Point","coordinates":[79.8845307,6.8402815]}},
{"type":"Feature","properties":{"osm_id":"4772203100","code":2601,"fclass":"bank","name":"Sampath Bank"},"geometry":{"type":"Point","coordinates":[79.8849437,6.8381732]}},
{"type":"Feature","properties":{"osm_id":"4838545466","code":2602,"fclass":"atm","name":"Sampath Bank ATM"},"geometry":{"type":"Point","coordinates":[79.9594502,6.8661589]}},
{"type":"Feature","properties":{"osm_id":"4839663539","code":2602,"fclass":"atm","name":"Sampath Bank ATM"},"geometry":{"type":"Point","coordinates":[79.9523108,6.8468451]}},
{"type":"Feature","properties":{"osm_id":"4839669992","code":2601,"fclass":"bank","name":"Sampath Bank"},"geometry":{"type":"Point","coordinates":[79.949526,6.84608]}},
{"type":"Feature","properties":{"osm_id":"4892063224","code":2601,"fclass":"bank","name":"Bank of Ceylon"},"geometry":{"type":"Point","coordinates":[79.8561291,6.9145888]}},
{"type":"Feature","properties":{"osm_id":"4904083264","code":2601,"fclass":"bank","name":"Bank of Ceylon"},"geometry":{"type":"Point","coordinates":[79.8480343,6.9352582]}},
{"type":"Feature","properties":{"osm_id":"4904083265","code":2601,"fclass":"bank","name":"Peoples Bank"},"geometry":{"type":"Point","coordinates":[79.8480423,6.9351763]}},
{"type":"Feature","properties":{"osm_id":"4935608609","code":2601,"fclass":"bank","name":"HDFC Bank"},"geometry":{"type":"Point","coordinates":[79.9533029,6.9047261]}},
{"type":"Feature","properties":{"osm_id":"4945176721","code":2601,"fclass":"bank","name":null},"geometry":{"type":"Point","coordinates":[79.8935876,6.9909823]}},
{"type":"Feature","properties":{"osm_id":"4945177121","code":2601,"fclass":"bank","name":"Seylan bank"},"geometry":{"type":"Point","coordinates":[79.8889118,6.9840429]}},
{"type":"Feature","properties":{"osm_id":"4948470568","code":2601,"fclass":"bank","name":"Sampath Bank"},"geometry":{"type":"Point","coordinates":[79.906689,6.8614937]}},
{"type":"Feature","properties":{"osm_id":"4948470573","code":2601,"fclass":"bank","name":"HNB"},"geometry":{"type":"Point","coordinates":[79.8918214,6.8682647]}},
{"type":"Feature","properties":{"osm_id":"4951090125","code":2601,"fclass":"bank","name":"Sanasa Development Bank"},"geometry":{"type":"Point","coordinates":[79.9560242,6.9022635]}},
{"type":"Feature","properties":{"osm_id":"4957142084","code":2601,"fclass":"bank","name":"Nations Trust Bank"},"geometry":{"type":"Point","coordinates":[79.956767,7.0039431]}},
{"type":"Feature","properties":{"osm_id":"4967186852","code":2601,"fclass":"bank","name":"Bank of Ceylon"},"geometry":{"type":"Point","coordinates":[79.9404823,6.7947707]}},
{"type":"Feature","properties":{"osm_id":"4967191058","code":2601,"fclass":"bank","name":"Sampath Bank"},"geometry":{"type":"Point","coordinates":[79.9405522,6.793933]}},
{"type":"Feature","properties":{"osm_id":"4968478342","code":2601,"fclass":"bank","name":"People's Bank"},"geometry":{"type":"Point","coordinates":[79.9400578,6.9912331]}},
{"type":"Feature","properties":{"osm_id":"4968483953","code":2601,"fclass":"bank","name":"NDB Bank"},"geometry":{"type":"Point","coordinates":[79.9237804,6.976308]}},
{"type":"Feature","properties":{"osm_id":"4968496591","code":2601,"fclass":"bank","name":"NSB"},"geometry":{"type":"Point","coordinates":[79.9326149,6.9835696]}},
{"type":"Feature","properties":{"osm_id":"4975254927","code":2601,"fclass":"bank","name":"Hatten National Bank"},"geometry":{"type":"Point","coordinates":[79.8826335,6.9657593]}},
{"type":"Feature","properties":{"osm_id":"4982668088","code":2601,"fclass":"bank","name":"Commercial Bank"},"geometry":{"type":"Point","coordinates":[79.882284,6.9653302]}},
{"type":"Feature","properties":{"osm_id":"4986294821","code":2601,"fclass":"bank","name":null},"geometry":{"type":"Point","coordinates":[79.8627431,6.8655611]}},
{"type":"Feature","properties":{"osm_id":"4986294822","code":2601,"fclass":"bank","name":"Bank of Ceylon"},"geometry":{"type":"Point","coordinates":[79.8587081,6.8837967]}},
{"type":"Feature","properties":{"osm_id":"5005841963","code":2602,"fclass":"atm","name":null},"geometry":{"type":"Point","coordinates":[79.9169225,6.9724189]}},
{"type":"Feature","properties":{"osm_id":"5031632622","code":2602,"fclass":"atm","name":null},"geometry":{"type":"Point","coordinates":[79.888094,7.1745063]}},
{"type":"Feature","properties":{"osm_id":"5033730421","code":2601,"fclass":"bank","name":"People's Bank"},"geometry":{"type":"Point","coordinates":[79.9129766,6.9234196]}},
{"type":"Feature","properties":{"osm_id":"5052534321","code":2601,"fclass":"bank","name":null},"geometry":{"type":"Point","coordinates":[80.1449527,7.096818]}},
{"type":"Feature","properties":{"osm_id":"5060534096","code":2602,"fclass":"atm","name":"BOC"},"geometry":{"type":"Point","coordinates":[79.9120689,6.9036821]}},
{"type":"Feature","properties":{"osm_id":"5060534247","code":2602,"fclass":"atm","name":"Peoples Bank ATM"},"geometry":{"type":"Point","coordinates":[79.9120474,6.9035968]}},
{"type":"Feature","properties":{"osm_id":"5083910793","code":2601,"fclass":"bank","name":"Hatton National Bank"},"geometry":{"type":"Point","coordinates":[79.9507409,7.0018979]}},
{"type":"Feature","properties":{"osm_id":"5083910898","code":2601,"fclass":"bank","name":"Pan Asia Bank"},"geometry":{"type":"Point","coordinates":[79.955681,7.0029973]}},
{"type":"Feature","properties":{"osm_id":"5089329021","code":2601,"fclass":"bank","name":null},"geometry":{"type":"Point","coordinates":[79.9367567,7.0527929]}},
{"type":"Feature","properties":{"osm_id":"5089329022","code":2601,"fclass":"bank","name":null},"geometry":{"type":"Point","coordinates":[79.9365843,7.0530996]}},
{"type":"Feature","properties":{"osm_id":"5089329023","code":2602,"fclass":"atm","name":null},"geometry":{"type":"Point","coordinates":[79.9366559,7.0530864]}},
{"type":"Feature","properties":{"osm_id":"5134301898","code":2602,"fclass":"atm","name":null},"geometry":{"type":"Point","coordinates":[79.8598284,6.8979272]}},
{"type":"Feature","properties":{"osm_id":"5139667044","code":2601,"fclass":"bank","name":"CDB Bank"},"geometry":{"type":"Point","coordinates":[79.9530459,6.9048081]}},
{"type":"Feature","properties":{"osm_id":"5141187341","code":2601,"fclass":"bank","name":"Peoples Bank"},"geometry":{"type":"Point","coordinates":[80.0193436,6.9240863]}},
{"type":"Feature","properties":{"osm_id":"5143241706","code":2601,"fclass":"bank","name":"Pan Asia Bank"},"geometry":{"type":"Point","coordinates":[79.955779,7.0030279]}},
{"type":"Feature","properties":{"osm_id":"5151037286","code":2601,"fclass":"bank","name":"National Savings Bank"},"geometry":{"type":"Point","coordinates":[79.9276369,6.929052]}},
{"type":"Feature","properties":{"osm_id":"5157004835","code":2602,"fclass":"atm","name":"Commercial Bank of Ceylon"},"geometry":{"type":"Point","coordinates":[79.8865506,6.9423714]}},
{"type":"Feature","properties":{"osm_id":"5157181081","code":2601,"fclass":"bank","name":"Peoples Bank"},"geometry":{"type":"Point","coordinates":[79.9177596,6.9963654]}},
{"type":"Feature","properties":{"osm_id":"5164700421","code":2601,"fclass":"bank","name":"BOC"},"geometry":{"type":"Point","coordinates":[79.8674299,6.8928897]}},
{"type":"Feature","properties":{"osm_id":"5174211509","code":2601,"fclass":"bank","name":"Pan Asia Bank - Wattala"},"geometry":{"type":"Point","coordinates":[79.8883469,6.9810986]}},
{"type":"Feature","properties":{"osm_id":"5176948595","code":2601,"fclass":"bank","name":"Sampath Bank"},"geometry":{"type":"Point","coordinates":[79.9161625,6.9500282]}},
{"type":"Feature","properties":{"osm_id":"5177810622","code":2602,"fclass":"atm","name":"HNB"},"geometry":{"type":"Point","coordinates":[79.8658073,6.90352]}},
{"type":"Feature","properties":{"osm_id":"5177833627","code":2601,"fclass":"bank","name":null},"geometry":{"type":"Point","coordinates":[79.8650968,6.9050996]}},
{"type":"Feature","properties":{"osm_id":"5177853522","code":2602,"fclass":"atm","name":null},"geometry":{"type":"Point","coordinates":[79.8655337,6.904536]}},
{"type":"Feature","properties":{"osm_id":"5178089223","code":2602,"fclass":"atm","name":null},"geometry":{"type":"Point","coordinates":[79.9612619,7.0684439]}},
{"type":"Feature","properties":{"osm_id":"5178104823","code":2602,"fclass":"atm","name":null},"geometry":{"type":"Point","coordinates":[79.8750116,6.9070568]}},
{"type":"Feature","properties":{"osm_id":"5178104921","code":2601,"fclass":"bank","name":"Sampath Bank"},"geometry":{"type":"Point","coordinates":[79.8546708,6.893717]}},
{"type":"Feature","properties":{"osm_id":"5179242421","code":2601,"fclass":"bank","name":"Peoples Bank"},"geometry":{"type":"Point","coordinates":[79.8620387,6.9475775]}},
{"type":"Feature","properties":{"osm_id":"5185255622","code":2602,"fclass":"atm","name":"BOC"},"geometry":{"type":"Point","coordinates":[79.8672378,6.8337799]}},
{"type":"Feature","properties":{"osm_id":"5185564621","code":2601,"fclass":"bank","name":null},"geometry":{"type":"Point","coordinates":[79.9182033,7.2095683]}},
{"type":"Feature","properties":{"osm_id":"5188185624","code":2602,"fclass":"atm","name":"Commercial Bank of Ceylon"},"geometry":{"type":"Point","coordinates":[79.855859,6.9214519]}},
{"type":"Feature","properties":{"osm_id":"5188186721","code":2601,"fclass":"bank","name":null},"geometry":{"type":"Point","coordinates":[79.8820671,6.8497194]}},
{"type":"Feature","properties":{"osm_id":"5188232522","code":2601,"fclass":"bank","name":null},"geometry":{"type":"Point","coordinates":[79.862391,6.918427]}},
{"type":"Feature","properties":{"osm_id":"5188304821","code":2601,"fclass":"bank","name":"MCB"},"geometry":{"type":"Point","coordinates":[79.8664495,6.9399158]}},
{"type":"Feature","properties":{"osm_id":"5188304822","code":2601,"fclass":"bank","name":null},"geometry":{"type":"Point","coordinates":[79.8749863,6.9533325]}},
{"type":"Feature","properties":{"osm_id":"5188308421","code":2601,"fclass":"bank","name":"Sampath Bank"},"geometry":{"type":"Point","coordinates":[79.8655328,6.943875]}},
{"type":"Feature","properties":{"osm_id":"5190013427","code":2601,"fclass":"bank","name":null},"geometry":{"type":"Point","coordinates":[79.8638382,6.8617361]}},
{"type":"Feature","properties":{"osm_id":"5190045622","code":2601,"fclass":"bank","name":"BOC"},"geometry":{"type":"Point","coordinates":[79.8553787,6.8935411]}},
{"type":"Feature","properties":{"osm_id":"5190058623","code":2601,"fclass":"bank","name":"BOC"},"geometry":{"type":"Point","coordinates":[79.8579397,6.8853928]}},
{"type":"Feature","properties":{"osm_id":"5190104945","code":2601,"fclass":"bank","name":"HSBC Bank Wattala"},"geometry":{"type":"Point","coordinates":[79.8888148,6.9795076]}},
{"type":"Feature","properties":{"osm_id":"5193754421","code":2601,"fclass":"bank","name":null},"geometry":{"type":"Point","coordinates":[79.8585067,6.9319304]}},
{"type":"Feature","properties":{"osm_id":"5195414465","code":2602,"fclass":"atm","name":"HNB"},"geometry":{"type":"Point","coordinates":[79.8762012,6.9081167]}},
{"type":"Feature","properties":{"osm_id":"5199202622","code":2601,"fclass":"bank","name":"People's Bank"},"geometry":{"type":"Point","coordinates":[79.8621518,6.9328388]}},
{"type":"Feature","properties":{"osm_id":"5199207922","code":2601,"fclass":"bank","name":null},"geometry":{"type":"Point","coordinates":[79.8662597,6.9379243]}},
{"type":"Feature","properties":{"osm_id":"5206264001","code":2601,"fclass":"bank","name":"Nations Trust Bank"},"geometry":{"type":"Point","coordinates":[79.8626574,6.9466897]}},
{"type":"Feature","properties":{"osm_id":"5206527785","code":2601,"fclass":"bank","name":"NDB Bank"},"geometry":{"type":"Point","coordinates":[79.9238909,6.9761784]}},
{"type":"Feature","properties":{"osm_id":"5206542187","code":2601,"fclass":"bank","name":"SDB Bank"},"geometry":{"type":"Point","coordinates":[79.9247845,6.9755589]}},
{"type":"Feature","properties":{"osm_id":"5209810821","code":2601,"fclass":"bank","name":"Sampath Bank"},"geometry":{"type":"Point","coordinates":[79.9618121,6.5798927]}},
{"type":"Feature","properties":{"osm_id":"5211114665","code":2601,"fclass":"bank","name":"HSBC - Wattala"},"geometry":{"type":"Point","coordinates":[79.888762,6.9794922]}},
{"type":"Feature","properties":{"osm_id":"5217342401","code":2601,"fclass":"bank","name":"Pan Asia bank"},"geometry":{"type":"Point","coordinates":[79.8889887,6.8823772]}},
{"type":"Feature","properties":{"osm_id":"5239127034","code":2601,"fclass":"bank","name":"Commercial Bank of Ceylon"},"geometry":{"type":"Point","coordinates":[79.9243948,6.9756578]}},
{"type":"Feature","properties":{"osm_id":"5239127139","code":2601,"fclass":"bank","name":"Hattan National Bank"},"geometry":{"type":"Point","coordinates":[79.9296571,6.9810008]}},
{"type":"Feature","properties":{"osm_id":"5242263664","code":2602,"fclass":"atm","name":"Laboratory Service - Lanka Hospitals;BOC ATM"},"geometry":{"type":"Point","coordinates":[79.8534366,6.9237183]}},
{"type":"Feature","properties":{"osm_id":"5242376092","code":2602,"fclass":"atm","name":"Peoples Bank ATM"},"geometry":{"type":"Point","coordinates":[79.8887201,6.9096652]}},
{"type":"Feature","properties":{"osm_id":"5249788023","code":2602,"fclass":"atm","name":null},"geometry":{"type":"Point","coordinates":[79.8689378,6.9095242]}},
{"type":"Feature","properties":{"osm_id":"5281338333","code":2601,"fclass":"bank","name":"National Savings Bank"},"geometry":{"type":"Point","coordinates":[79.9275452,6.9294872]}},
{"type":"Feature","properties":{"osm_id":"5303076122","code":2601,"fclass":"bank","name":"Sampath Bank"},"geometry":{"type":"Point","coordinates":[79.9411656,6.9082552]}},
{"type":"Feature","properties":{"osm_id":"5309894480","code":2601,"fclass":"bank","name":"Sampath Bank"},"geometry":{"type":"Point","coordinates":[79.8945381,6.9036646]}},
{"type":"Feature","properties":{"osm_id":"5310128135","code":2601,"fclass":"bank","name":"Hattan National Bank - Grandpass"},"geometry":{"type":"Point","coordinates":[79.8741735,6.9503142]}},
{"type":"Feature","properties":{"osm_id":"5333227290","code":2601,"fclass":"bank","name":"HDFC Bank"},"geometry":{"type":"Point","coordinates":[79.8827505,6.9665633]}},
{"type":"Feature","properties":{"osm_id":"5340329077","code":2602,"fclass":"atm","name":"Nations trust bank"},"geometry":{"type":"Point","coordinates":[79.9652047,6.8366646]}},
{"type":"Feature","properties":{"osm_id":"5367518322","code":2601,"fclass":"bank","name":"Commercial Bank"},"geometry":{"type":"Point","coordinates":[80.0938618,6.8428927]}},
{"type":"Feature","properties":{"osm_id":"5403895921","code":2602,"fclass":"atm","name":null},"geometry":{"type":"Point","coordinates":[80.0058664,6.9553445]}},
{"type":"Feature","properties":{"osm_id":"5403895928","code":2601,"fclass":"bank","name":"Bank of Ceylon"},"geometry":{"type":"Point","coordinates":[80.0090833,6.9612917]}},
{"type":"Feature","properties":{"osm_id":"5403905198","code":2601,"fclass":"bank","name":"Hatton National Bank"},"geometry":{"type":"Point","coordinates":[80.0101633,6.9616742]}},
{"type":"Feature","properties":{"osm_id":"5406339425","code":2602,"fclass":"atm","name":null},"geometry":{"type":"Point","coordinates":[79.989127,6.877661]}},
{"type":"Feature","properties":{"osm_id":"5406364321","code":2602,"fclass":"atm","name":"BOC ATM/CDM"},"geometry":{"type":"Point","coordinates":[79.989696,6.8771664]}},
{"type":"Feature","properties":{"osm_id":"5421749815","code":2601,"fclass":"bank","name":"Commercial Bank of Ceylon"},"geometry":{"type":"Point","coordinates":[79.8923007,6.9324886]}},
{"type":"Feature","properties":{"osm_id":"5424662421","code":2602,"fclass":"atm","name":"Commercial Bank of Ceylon"},"geometry":{"type":"Point","coordinates":[79.8611976,6.947782]}},
{"type":"Feature","properties":{"osm_id":"5424662422","code":2601,"fclass":"bank","name":"Commercial Bank of Ceylon"},"geometry":{"type":"Point","coordinates":[79.8583566,6.9141196]}},
{"type":"Feature","properties":{"osm_id":"5438947133","code":2601,"fclass":"bank","name":"Commercial Bank of Ceylon"},"geometry":{"type":"Point","coordinates":[79.8928096,6.9326042]}},
{"type":"Feature","properties":{"osm_id":"5551054417","code":2602,"fclass":"atm","name":"ATM"},"geometry":{"type":"Point","coordinates":[80.091311,6.5959453]}},
{"type":"Feature","properties":{"osm_id":"5551054658","code":2601,"fclass":"bank","name":"People's Bank"},"geometry":{"type":"Point","coordinates":[80.0913285,6.5959094]}},
{"type":"Feature","properties":{"osm_id":"5557044127","code":2602,"fclass":"atm","name":null},"geometry":{"type":"Point","coordinates":[79.8616884,6.9110334]}},
{"type":"Feature","properties":{"osm_id":"5558195221","code":2602,"fclass":"atm","name":null},"geometry":{"type":"Point","coordinates":[79.8498265,6.9268376]}},
{"type":"Feature","properties":{"osm_id":"5558195321","code":2602,"fclass":"atm","name":null},"geometry":{"type":"Point","coordinates":[79.8417071,7.2103384]}},
{"type":"Feature","properties":{"osm_id":"5558531721","code":2602,"fclass":"atm","name":null},"geometry":{"type":"Point","coordinates":[79.8399015,7.2119629]}},
{"type":"Feature","properties":{"osm_id":"5559025722","code":2601,"fclass":"bank","name":"Bank of Ceylon"},"geometry":{"type":"Point","coordinates":[79.9507029,7.0024069]}},
{"type":"Feature","properties":{"osm_id":"5568618812","code":2602,"fclass":"atm","name":"BOC"},"geometry":{"type":"Point","coordinates":[79.9260414,6.8991554]}},
{"type":"Feature","properties":{"osm_id":"5576010117","code":2601,"fclass":"bank","name":null},"geometry":{"type":"Point","coordinates":[79.8737491,6.829748]}},
{"type":"Feature","properties":{"osm_id":"5576013454","code":2601,"fclass":"bank","name":null},"geometry":{"type":"Point","coordinates":[79.8739101,6.8314188]}},
{"type":"Feature","properties":{"osm_id":"5591668222","code":2602,"fclass":"atm","name":null},"geometry":{"type":"Point","coordinates":[80.0959827,7.1445655]}},
{"type":"Feature","properties":{"osm_id":"5592219321","code":2602,"fclass":"atm","name":"BOC"},"geometry":{"type":"Point","coordinates":[79.8432826,6.9340336]}},
{"type":"Feature","properties":{"osm_id":"5592219322","code":2602,"fclass":"atm","name":"Commercial Bank of Ceylon"},"geometry":{"type":"Point","coordinates":[79.8462019,6.9209882]}},
{"type":"Feature","properties":{"osm_id":"5704038610","code":2601,"fclass":"bank","name":"BOC"},"geometry":{"type":"Point","coordinates":[79.8429578,6.9329256]}},
{"type":"Feature","properties":{"osm_id":"5732149493","code":2601,"fclass":"bank","name":"Sampath Bank"},"geometry":{"type":"Point","coordinates":[79.878578,6.9432337]}},
{"type":"Feature","properties":{"osm_id":"5775571470","code":2601,"fclass":"bank","name":"Seylan Bank"},"geometry":{"type":"Point","coordinates":[79.8865326,6.8043362]}},
{"type":"Feature","properties":{"osm_id":"5775571482","code":2601,"fclass":"bank","name":"Seylan Bank"},"geometry":{"type":"Point","coordinates":[79.865496,6.8539413]}},
{"type":"Feature","properties":{"osm_id":"5864711928","code":2601,"fclass":"bank","name":"Union Bank"},"geometry":{"type":"Point","coordinates":[79.8973542,6.9095661]}},
{"type":"Feature","properties":{"osm_id":"5915819001","code":2601,"fclass":"bank","name":null},"geometry":{"type":"Point","coordinates":[80.0446764,7.1089532]}},
{"type":"Feature","properties":{"osm_id":"5936094585","code":2601,"fclass":"bank","name":"HNB"},"geometry":{"type":"Point","coordinates":[79.8731982,6.9127651]}},
{"type":"Feature","properties":{"osm_id":"5981233287","code":2601,"fclass":"bank","name":"Seylan Bank"},"geometry":{"type":"Point","coordinates":[79.9191137,6.973577]}},
{"type":"Feature","properties":{"osm_id":"6068942391","code":2601,"fclass":"bank","name":"Commercial Leasing and Finance"},"geometry":{"type":"Point","coordinates":[79.8561144,6.8957291]}},
{"type":"Feature","properties":{"osm_id":"6068943105","code":2601,"fclass":"bank","name":null},"geometry":{"type":"Point","coordinates":[79.8558691,6.8958263]}},
{"type":"Feature","properties":{"osm_id":"6068943106","code":2602,"fclass":"atm","name":"HNB"},"geometry":{"type":"Point","coordinates":[79.8561542,6.8957756]}},
{"type":"Feature","properties":{"osm_id":"6158479194","code":2602,"fclass":"atm","name":"Sampath Bank"},"geometry":{"type":"Point","coordinates":[79.8620681,6.8714042]}},
{"type":"Feature","properties":{"osm_id":"6160323246","code":2602,"fclass":"atm","name":"HNB"},"geometry":{"type":"Point","coordinates":[79.8627924,6.891349]}},
{"type":"Feature","properties":{"osm_id":"6160323247","code":2601,"fclass":"bank","name":"Sampath Bank"},"geometry":{"type":"Point","coordinates":[79.862536,6.8916727]}},
{"type":"Feature","properties":{"osm_id":"6160326137","code":2602,"fclass":"atm","name":"HNB"},"geometry":{"type":"Point","coordinates":[79.866432,6.8731451]}},
{"type":"Feature","properties":{"osm_id":"6172436634","code":2602,"fclass":"atm","name":"People's Bank"},"geometry":{"type":"Point","coordinates":[79.8604495,6.8963108]}},
{"type":"Feature","properties":{"osm_id":"6172437450","code":2602,"fclass":"atm","name":"Sampath Bank"},"geometry":{"type":"Point","coordinates":[79.8651565,6.8868813]}},
{"type":"Feature","properties":{"osm_id":"6172437451","code":2602,"fclass":"atm","name":"HNB"},"geometry":{"type":"Point","coordinates":[79.8650975,6.8867428]}},
{"type":"Feature","properties":{"osm_id":"6183076885","code":2602,"fclass":"atm","name":null},"geometry":{"type":"Point","coordinates":[79.8538968,6.9348548]}},
{"type":"Feature","properties":{"osm_id":"6183076985","code":2602,"fclass":"atm","name":null},"geometry":{"type":"Point","coordinates":[79.8538565,6.9343942]}},
{"type":"Feature","properties":{"osm_id":"6263106779","code":2601,"fclass":"bank","name":"Peoples' Bank"},"geometry":{"type":"Point","coordinates":[80.1234514,7.1673266]}},
{"type":"Feature","properties":{"osm_id":"6282907303","code":2601,"fclass":"bank","name":"Sampath Bank"},"geometry":{"type":"Point","coordinates":[79.9295936,6.9809299]}},
{"type":"Feature","properties":{"osm_id":"6282907304","code":2601,"fclass":"bank","name":"Sampath Bank"},"geometry":{"type":"Point","coordinates":[79.947506,6.9759177]}},
{"type":"Feature","properties":{"osm_id":"6290645765","code":2601,"fclass":"bank","name":"Sri Lanka Insuarance"},"geometry":{"type":"Point","coordinates":[80.0006806,6.8411665]}},
{"type":"Feature","properties":{"osm_id":"6326692617","code":2602,"fclass":"atm","name":null},"geometry":{"type":"Point","coordinates":[79.8768439,6.9095224]}},
{"type":"Feature","properties":{"osm_id":"6328373258","code":2601,"fclass":"bank","name":null},"geometry":{"type":"Point","coordinates":[79.895656,6.909224]}},
{"type":"Feature","properties":{"osm_id":"6335611946","code":2601,"fclass":"bank","name":"Sampath Bank"},"geometry":{"type":"Point","coordinates":[79.8908321,6.8806748]}},
{"type":"Feature","properties":{"osm_id":"6335611947","code":2602,"fclass":"atm","name":"Sampath Bank"},"geometry":{"type":"Point","coordinates":[79.8908505,6.8806769]}},
{"type":"Feature","properties":{"osm_id":"6340898189","code":2601,"fclass":"bank","name":"Commercial Bank of Ceylon"},"geometry":{"type":"Point","coordinates":[79.9105041,6.8686594]}},
{"type":"Feature","properties":{"osm_id":"6340898875","code":2602,"fclass":"atm","name":null},"geometry":{"type":"Point","coordinates":[79.9104889,6.8686111]}},
{"type":"Feature","properties":{"osm_id":"6340900277","code":2602,"fclass":"atm","name":null},"geometry":{"type":"Point","coordinates":[79.9340731,6.8823933]}},
{"type":"Feature","properties":{"osm_id":"6346388119","code":2602,"fclass":"atm","name":"HNB"},"geometry":{"type":"Point","coordinates":[79.8745945,6.9176483]}},
{"type":"Feature","properties":{"osm_id":"6346967799","code":2602,"fclass":"atm","name":null},"geometry":{"type":"Point","coordinates":[79.9350864,6.8760371]}},
{"type":"Feature","properties":{"osm_id":"6380250647","code":2601,"fclass":"bank","name":"HSBC"},"geometry":{"type":"Point","coordinates":[79.9288813,6.8902254]}},
{"type":"Feature","properties":{"osm_id":"6384510602","code":2602,"fclass":"atm","name":"HNB"},"geometry":{"type":"Point","coordinates":[79.9723227,6.9161069]}},
{"type":"Feature","properties":{"osm_id":"6392341185","code":2602,"fclass":"atm","name":null},"geometry":{"type":"Point","coordinates":[79.8421621,7.2417789]}},
{"type":"Feature","properties":{"osm_id":"6416456698","code":2601,"fclass":"bank","name":null},"geometry":{"type":"Point","coordinates":[79.8527099,6.9121086]}},
{"type":"Feature","properties":{"osm_id":"6416477187","code":2601,"fclass":"bank","name":null},"geometry":{"type":"Point","coordinates":[79.8545976,6.9120657]}},
{"type":"Feature","properties":{"osm_id":"6447767085","code":2601,"fclass":"bank","name":null},"geometry":{"type":"Point","coordinates":[79.8856244,6.8321765]}},
{"type":"Feature","properties":{"osm_id":"6486247587","code":2601,"fclass":"bank","name":"HSBC"},"geometry":{"type":"Point","coordinates":[79.8634637,6.8646877]}},
{"type":"Feature","properties":{"osm_id":"6491637525","code":2601,"fclass":"bank","name":"Pan Asia Bank"},"geometry":{"type":"Point","coordinates":[79.8625184,6.9474195]}},
{"type":"Feature","properties":{"osm_id":"6505830708","code":2602,"fclass":"atm","name":"Peoples Bank ATM"},"geometry":{"type":"Point","coordinates":[79.884173,6.9180248]}},
{"type":"Feature","properties":{"osm_id":"6514657417","code":2601,"fclass":"bank","name":"Seylan Bank"},"geometry":{"type":"Point","coordinates":[79.9005934,6.8840828]}},
{"type":"Feature","properties":{"osm_id":"6515055118","code":2602,"fclass":"atm","name":"HNB"},"geometry":{"type":"Point","coordinates":[79.8728491,6.8882863]}},
{"type":"Feature","properties":{"osm_id":"6517430439","code":2601,"fclass":"bank","name":"LB Finance"},"geometry":{"type":"Point","coordinates":[79.9198991,6.9010512]}},
{"type":"Feature","properties":{"osm_id":"6517439197","code":2601,"fclass":"bank","name":"Commercial Bank of Ceylon"},"geometry":{"type":"Point","coordinates":[79.920166,6.902425]}},
{"type":"Feature","properties":{"osm_id":"6520431027","code":2601,"fclass":"bank","name":"HNB"},"geometry":{"type":"Point","coordinates":[79.8625705,6.9467877]}},
{"type":"Feature","properties":{"osm_id":"6560529562","code":2602,"fclass":"atm","name":null},"geometry":{"type":"Point","coordinates":[79.9288645,6.8618296]}},
{"type":"Feature","properties":{"osm_id":"6562583644","code":2602,"fclass":"atm","name":null},"geometry":{"type":"Point","coordinates":[79.9290063,6.8910152]}},
{"type":"Feature","properties":{"osm_id":"6578039995","code":2602,"fclass":"atm","name":null},"geometry":{"type":"Point","coordinates":[79.9541289,7.0036718]}},
{"type":"Feature","properties":{"osm_id":"6615733828","code":2601,"fclass":"bank","name":"Sampath Bank"},"geometry":{"type":"Point","coordinates":[79.9001669,6.7503577]}},
{"type":"Feature","properties":{"osm_id":"6615745046","code":2602,"fclass":"atm","name":null},"geometry":{"type":"Point","coordinates":[79.9218447,6.8428405]}},
{"type":"Feature","properties":{"osm_id":"6615789540","code":2601,"fclass":"bank","name":"Bank of Ceylon"},"geometry":{"type":"Point","coordinates":[79.9214902,6.8014766]}},
{"type":"Feature","properties":{"osm_id":"6615789542","code":2601,"fclass":"bank","name":"Union Bank"},"geometry":{"type":"Point","coordinates":[79.9213695,6.8013674]}},
{"type":"Feature","properties":{"osm_id":"6615789544","code":2601,"fclass":"bank","name":"HDFC Bank"},"geometry":{"type":"Point","coordinates":[79.9211116,6.8013302]}},
{"type":"Feature","properties":{"osm_id":"6630965166","code":2602,"fclass":"atm","name":null},"geometry":{"type":"Point","coordinates":[79.9030723,6.8892896]}},
{"type":"Feature","properties":{"osm_id":"6631008099","code":2601,"fclass":"bank","name":"Commercial Bank of Ceylon"},"geometry":{"type":"Point","coordinates":[79.9019736,6.8859093]}},
{"type":"Feature","properties":{"osm_id":"6631008122","code":2602,"fclass":"atm","name":null},"geometry":{"type":"Point","coordinates":[79.9071659,6.8847949]}},
{"type":"Feature","properties":{"osm_id":"6631008181","code":2601,"fclass":"bank","name":"DFCC Bank"},"geometry":{"type":"Point","coordinates":[79.8908587,6.8755986]}},
{"type":"Feature","properties":{"osm_id":"6632922942","code":2601,"fclass":"bank","name":"NSB"},"geometry":{"type":"Point","coordinates":[79.9016246,6.8835699]}},
{"type":"Feature","properties":{"osm_id":"6632922956","code":2601,"fclass":"bank","name":"Sanasa Bank"},"geometry":{"type":"Point","coordinates":[79.8996649,6.8804959]}},
{"type":"Feature","properties":{"osm_id":"6632965108","code":2601,"fclass":"bank","name":"CDB Nugegoda Branch"},"geometry":{"type":"Point","coordinates":[79.8916616,6.8733596]}},
{"type":"Feature","properties":{"osm_id":"6632965109","code":2601,"fclass":"bank","name":"ETI Finance Ltd"},"geometry":{"type":"Point","coordinates":[79.8921452,6.8730444]}},
{"type":"Feature","properties":{"osm_id":"6711667126","code":2602,"fclass":"atm","name":null},"geometry":{"type":"Point","coordinates":[79.9258359,6.8770532]}},
{"type":"Feature","properties":{"osm_id":"6716064084","code":2601,"fclass":"bank","name":"National Development Bank"},"geometry":{"type":"Point","coordinates":[79.9886991,6.8778766]}},
{"type":"Feature","properties":{"osm_id":"6716068115","code":2602,"fclass":"atm","name":null},"geometry":{"type":"Point","coordinates":[79.902251,6.9067641]}},
{"type":"Feature","properties":{"osm_id":"6718158276","code":2601,"fclass":"bank","name":"People's Bank"},"geometry":{"type":"Point","coordinates":[80.0211449,6.6802029]}},
{"type":"Feature","properties":{"osm_id":"6765563149","code":2602,"fclass":"atm","name":"HNB"},"geometry":{"type":"Point","coordinates":[79.8600282,7.0386681]}},
{"type":"Feature","properties":{"osm_id":"6787587373","code":2602,"fclass":"atm","name":"Sampath Bank"},"geometry":{"type":"Point","coordinates":[79.8696231,6.902407]}},
{"type":"Feature","properties":{"osm_id":"6819462610","code":2601,"fclass":"bank","name":"NDB bank"},"geometry":{"type":"Point","coordinates":[79.8442725,6.9334017]}},
{"type":"Feature","properties":{"osm_id":"6833998115","code":2601,"fclass":"bank","name":"Co-op Rural Bank"},"geometry":{"type":"Point","coordinates":[80.0773523,6.8353337]}},
{"type":"Feature","properties":{"osm_id":"6865473299","code":2602,"fclass":"atm","name":null},"geometry":{"type":"Point","coordinates":[79.936038,6.8756022]}},
{"type":"Feature","properties":{"osm_id":"6900047653","code":2602,"fclass":"atm","name":null},"geometry":{"type":"Point","coordinates":[79.8773871,6.9002299]}},
{"type":"Feature","properties":{"osm_id":"6936243485","code":2602,"fclass":"atm","name":null},"geometry":{"type":"Point","coordinates":[79.8773393,6.9002365]}},
{"type":"Feature","properties":{"osm_id":"6936243885","code":2602,"fclass":"atm","name":null},"geometry":{"type":"Point","coordinates":[79.87741,6.9050447]}},
{"type":"Feature","properties":{"osm_id":"6942700322","code":2602,"fclass":"atm","name":"Commercial Bank of Ceylon"},"geometry":{"type":"Point","coordinates":[79.8783538,6.914081]}},
{"type":"Feature","properties":{"osm_id":"6947554951","code":2601,"fclass":"bank","name":"Sarvodaya Development Finance"},"geometry":{"type":"Point","coordinates":[79.8775371,6.9207977]}},
{"type":"Feature","properties":{"osm_id":"6947600564","code":2602,"fclass":"atm","name":null},"geometry":{"type":"Point","coordinates":[79.8775613,6.9206925]}},
{"type":"Feature","properties":{"osm_id":"7003531312","code":2602,"fclass":"atm","name":"HNB"},"geometry":{"type":"Point","coordinates":[79.8426087,6.9322457]}},
{"type":"Feature","properties":{"osm_id":"7106469113","code":2602,"fclass":"atm","name":null},"geometry":{"type":"Point","coordinates":[80.0770481,6.4687951]}},
{"type":"Feature","properties":{"osm_id":"7106476645","code":2602,"fclass":"atm","name":null},"geometry":{"type":"Point","coordinates":[80.0770572,6.4688001]}},
{"type":"Feature","properties":{"osm_id":"7106482312","code":2602,"fclass":"atm","name":null},"geometry":{"type":"Point","coordinates":[80.0771355,6.468774]}},
{"type":"Feature","properties":{"osm_id":"7130834760","code":2602,"fclass":"atm","name":null},"geometry":{"type":"Point","coordinates":[79.9342346,6.8822521]}},
{"type":"Feature","properties":{"osm_id":"7175523609","code":2602,"fclass":"atm","name":null},"geometry":{"type":"Point","coordinates":[79.855949,6.8820265]}},
{"type":"Feature","properties":{"osm_id":"7175531512","code":2601,"fclass":"bank","name":"NDB"},"geometry":{"type":"Point","coordinates":[79.8559486,6.8820873]}},
{"type":"Feature","properties":{"osm_id":"7213495507","code":2601,"fclass":"bank","name":"Co-operative Rural Bank"},"geometry":{"type":"Point","coordinates":[79.9073191,6.9104967]}},
{"type":"Feature","properties":{"osm_id":"7273508674","code":2602,"fclass":"atm","name":null},"geometry":{"type":"Point","coordinates":[79.8584202,7.2636187]}},
{"type":"Feature","properties":{"osm_id":"7273520499","code":2601,"fclass":"bank","name":"Hatton National Bank"},"geometry":{"type":"Point","coordinates":[79.8584395,7.2636925]}},
{"type":"Feature","properties":{"osm_id":"7324377012","code":2601,"fclass":"bank","name":"Central Finance"},"geometry":{"type":"Point","coordinates":[79.9330343,6.8746568]}},
{"type":"Feature","properties":{"osm_id":"7371025397","code":2601,"fclass":"bank","name":"Bank of Ceylon"},"geometry":{"type":"Point","coordinates":[80.2337162,6.5161798]}},
{"type":"Feature","properties":{"osm_id":"7371025398","code":2601,"fclass":"bank","name":"National Savings Bank"},"geometry":{"type":"Point","coordinates":[80.233971,6.5161025]}},
{"type":"Feature","properties":{"osm_id":"7371025408","code":2601,"fclass":"bank","name":"People's Bank"},"geometry":{"type":"Point","coordinates":[80.2317418,6.5162693]}},
{"type":"Feature","properties":{"osm_id":"7658279606","code":2602,"fclass":"atm","name":null},"geometry":{"type":"Point","coordinates":[79.9199871,6.838614]}},
{"type":"Feature","properties":{"osm_id":"7822858296","code":2602,"fclass":"atm","name":"Bank of Ceylon"},"geometry":{"type":"Point","coordinates":[79.8668175,6.8934903]}},
{"type":"Feature","properties":{"osm_id":"7822865691","code":2601,"fclass":"bank","name":"Bank of Ceylon"},"geometry":{"type":"Point","coordinates":[79.866785,6.8935407]}},
{"type":"Feature","properties":{"osm_id":"7831047428","code":2602,"fclass":"atm","name":"NSB"},"geometry":{"type":"Point","coordinates":[79.8602339,6.8991227]}},
{"type":"Feature","properties":{"osm_id":"7831050493","code":2602,"fclass":"atm","name":null},"geometry":{"type":"Point","coordinates":[79.8601909,6.8991598]}},
{"type":"Feature","properties":{"osm_id":"8269401363","code":2602,"fclass":"atm","name":null},"geometry":{"type":"Point","coordinates":[79.890758,6.9087353]}},
{"type":"Feature","properties":{"osm_id":"8292371253","code":2601,"fclass":"bank","name":"Samurdhi Bank"},"geometry":{"type":"Point","coordinates":[80.1416571,7.102549]}},
{"type":"Feature","properties":{"osm_id":"8301851205","code":2602,"fclass":"atm","name":"Hatton National Bank"},"geometry":{"type":"Point","coordinates":[79.8826033,6.8945066]}},
{"type":"Feature","properties":{"osm_id":"8301875199","code":2602,"fclass":"atm","name":null},"geometry":{"type":"Point","coordinates":[79.8824388,6.8943499]}},
{"type":"Feature","properties":{"osm_id":"8301890609","code":2602,"fclass":"atm","name":"Commercial Bank of Ceylon"},"geometry":{"type":"Point","coordinates":[79.8822713,6.8943187]}},
{"type":"Feature","properties":{"osm_id":"8301895813","code":2602,"fclass":"atm","name":"Bank of Ceylon"},"geometry":{"type":"Point","coordinates":[79.8826634,6.894382]}},
{"type":"Feature","properties":{"osm_id":"8442526234","code":2601,"fclass":"bank","name":"People's Bank"},"geometry":{"type":"Point","coordinates":[79.8926495,6.8726914]}},
{"type":"Feature","properties":{"osm_id":"8481645336","code":2601,"fclass":"bank","name":"DFCC Bank"},"geometry":{"type":"Point","coordinates":[79.8915422,7.0748876]}},
{"type":"Feature","properties":{"osm_id":"8583916732","code":2601,"fclass":"bank","name":"Pan Asia Bank"},"geometry":{"type":"Point","coordinates":[79.8608957,6.8761901]}},
{"type":"Feature","properties":{"osm_id":"8663565600","code":2602,"fclass":"atm","name":"Hatton National Bank"},"geometry":{"type":"Point","coordinates":[79.8485842,6.9176994]}},
{"type":"Feature","properties":{"osm_id":"8663571772","code":2602,"fclass":"atm","name":"Commercial Bank of Ceylon"},"geometry":{"type":"Point","coordinates":[79.8485849,6.9176821]}},
{"type":"Feature","properties":{"osm_id":"8670506254","code":2602,"fclass":"atm","name":null},"geometry":{"type":"Point","coordinates":[79.824651,7.1711715]}},
{"type":"Feature","properties":{"osm_id":"9023378723","code":2602,"fclass":"atm","name":"HNB"},"geometry":{"type":"Point","coordinates":[79.9187344,6.9532282]}},
{"type":"Feature","properties":{"osm_id":"9023378724","code":2602,"fclass":"atm","name":"NSB"},"geometry":{"type":"Point","coordinates":[79.9187981,6.9538239]}},
{"type":"Feature","properties":{"osm_id":"9131051490","code":2601,"fclass":"bank","name":"NDB Bank - Piliyandala"},"geometry":{"type":"Point","coordinates":[79.9255142,6.7992372]}},
{"type":"Feature","properties":{"osm_id":"9167217365","code":2602,"fclass":"atm","name":null},"geometry":{"type":"Point","coordinates":[79.910186,6.9140518]}},
{"type":"Feature","properties":{"osm_id":"9277637455","code":2602,"fclass":"atm","name":"HNB"},"geometry":{"type":"Point","coordinates":[79.8548597,6.8939599]}},
{"type":"Feature","properties":{"osm_id":"9343158451","code":2602,"fclass":"atm","name":null},"geometry":{"type":"Point","coordinates":[79.8632771,6.891023]}},
{"type":"Feature","properties":{"osm_id":"9378902425","code":2602,"fclass":"atm","name":null},"geometry":{"type":"Point","coordinates":[79.9556694,6.6017727]}},
{"type":"Feature","properties":{"osm_id":"9378914218","code":2602,"fclass":"atm","name":null},"geometry":{"type":"Point","coordinates":[79.9429489,6.6293259]}},
{"type":"Feature","properties":{"osm_id":"9379014117","code":2602,"fclass":"atm","name":null},"geometry":{"type":"Point","coordinates":[79.8821402,6.7759248]}},
{"type":"Feature","properties":{"osm_id":"9379014218","code":2601,"fclass":"bank","name":null},"geometry":{"type":"Point","coordinates":[79.8883337,6.79829]}},
{"type":"Feature","properties":{"osm_id":"9379014319","code":2601,"fclass":"bank","name":"Commercial Bank of Ceylon"},"geometry":{"type":"Point","coordinates":[79.8838649,6.807816]}},
{"type":"Feature","properties":{"osm_id":"9379014717","code":2602,"fclass":"atm","name":null},"geometry":{"type":"Point","coordinates":[79.8857585,6.8052754]}},
{"type":"Feature","properties":{"osm_id":"9379015327","code":2602,"fclass":"atm","name":null},"geometry":{"type":"Point","coordinates":[79.8678021,6.8307287]}},
{"type":"Feature","properties":{"osm_id":"9379094720","code":2602,"fclass":"atm","name":null},"geometry":{"type":"Point","coordinates":[79.8585185,6.8835676]}},
{"type":"Feature","properties":{"osm_id":"9379130617","code":2602,"fclass":"atm","name":null},"geometry":{"type":"Point","coordinates":[79.8492879,6.9118757]}},
{"type":"Feature","properties":{"osm_id":"9439076207","code":2602,"fclass":"atm","name":"Commercial Bank of Ceylon"},"geometry":{"type":"Point","coordinates":[79.859216,6.9102019]}},
{"type":"Feature","properties":{"osm_id":"9441968941","code":2602,"fclass":"atm","name":"Hatton National Bank"},"geometry":{"type":"Point","coordinates":[79.8752204,6.8897742]}},
{"type":"Feature","properties":{"osm_id":"9509810593","code":2602,"fclass":"atm","name":"Standard Chartered"},"geometry":{"type":"Point","coordinates":[79.8453226,6.9363343]}},
{"type":"Feature","properties":{"osm_id":"9557303992","code":2601,"fclass":"bank","name":"People's Bank"},"geometry":{"type":"Point","coordinates":[79.8989396,6.9088492]}},
{"type":"Feature","properties":{"osm_id":"9579547672","code":2602,"fclass":"atm","name":"People's Bank"},"geometry":{"type":"Point","coordinates":[79.9359703,6.8751977]}},
{"type":"Feature","properties":{"osm_id":"9585590417","code":2602,"fclass":"atm","name":null},"geometry":{"type":"Point","coordinates":[80.0931518,7.1380194]}},
{"type":"Feature","properties":{"osm_id":"9587014454","code":2601,"fclass":"bank","name":"Hatton National Bank"},"geometry":{"type":"Point","coordinates":[79.8688193,6.9233388]}},
{"type":"Feature","properties":{"osm_id":"9587022559","code":2602,"fclass":"atm","name":"Hatton National Bank"},"geometry":{"type":"Point","coordinates":[79.8688642,6.9234418]}},
{"type":"Feature","properties":{"osm_id":"9587022560","code":2602,"fclass":"atm","name":"NSB"},"geometry":{"type":"Point","coordinates":[79.8509881,6.9325295]}},
{"type":"Feature","properties":{"osm_id":"9645471935","code":2602,"fclass":"atm","name":"Hatton National Bank"},"geometry":{"type":"Point","coordinates":[79.8771351,6.8863127]}},
{"type":"Feature","properties":{"osm_id":"9740475102","code":2602,"fclass":"atm","name":"Commercial Bank of Ceylon"},"geometry":{"type":"Point","coordinates":[79.8925571,6.9887177]}},
{"type":"Feature","properties":{"osm_id":"9883236226","code":2601,"fclass":"bank","name":"Commercial Bank of Ceylon"},"geometry":{"type":"Point","coordinates":[80.0572547,7.1549251]}},
{"type":"Feature","properties":{"osm_id":"9883236255","code":2601,"fclass":"bank","name":"Sampath Bank"},"geometry":{"type":"Point","coordinates":[80.0563467,7.1554469]}},
{"type":"Feature","properties":{"osm_id":"9883236406","code":2601,"fclass":"bank","name":"Bank Of Ceylon"},"geometry":{"type":"Point","coordinates":[80.0547465,7.1567927]}},
{"type":"Feature","properties":{"osm_id":"9883236415","code":2601,"fclass":"bank","name":"Hatton National Bank"},"geometry":{"type":"Point","coordinates":[80.0536749,7.1570895]}},
{"type":"Feature","properties":{"osm_id":"9883236474","code":2601,"fclass":"bank","name":"People's bank"},"geometry":{"type":"Point","coordinates":[80.0548479,7.1572182]}},
{"type":"Feature","properties":{"osm_id":"10031328287","code":2602,"fclass":"atm","name":null},"geometry":{"type":"Point","coordinates":[79.8671489,6.9167763]}},
{"type":"Feature","properties":{"osm_id":"10031343601","code":2602,"fclass":"atm","name":"Commercial Bank of Ceylon"},"geometry":{"type":"Point","coordinates":[79.867592,6.916441]}},
{"type":"Feature","properties":{"osm_id":"10031347774","code":2601,"fclass":"bank","name":"Commercial Bank of Ceylon"},"geometry":{"type":"Point","coordinates":[79.867572,6.9163804]}},
{"type":"Feature","properties":{"osm_id":"10050575010","code":2601,"fclass":"bank","name":"Sampath Finance"},"geometry":{"type":"Point","coordinates":[79.8616895,6.8718588]}},
{"type":"Feature","properties":{"osm_id":"10050623740","code":2601,"fclass":"bank","name":"CDB Bank"},"geometry":{"type":"Point","coordinates":[79.8619364,6.8704808]}},
{"type":"Feature","properties":{"osm_id":"10053061174","code":2601,"fclass":"bank","name":"HNB"},"geometry":{"type":"Point","coordinates":[79.8503457,6.90892]}},
{"type":"Feature","properties":{"osm_id":"10057517638","code":2602,"fclass":"atm","name":"Hatton National Bank"},"geometry":{"type":"Point","coordinates":[79.8577774,6.8865833]}},
{"type":"Feature","properties":{"osm_id":"10057546848","code":2602,"fclass":"atm","name":"Sampath Bank"},"geometry":{"type":"Point","coordinates":[79.8549492,6.8861984]}},
{"type":"Feature","properties":{"osm_id":"10057560417","code":2601,"fclass":"bank","name":"Hatton National Bank"},"geometry":{"type":"Point","coordinates":[79.8577915,6.8865944]}},
{"type":"Feature","properties":{"osm_id":"10112922283","code":2601,"fclass":"bank","name":"Standard Chartered"},"geometry":{"type":"Point","coordinates":[79.8634177,6.8648984]}},
{"type":"Feature","properties":{"osm_id":"10209573977","code":2602,"fclass":"atm","name":"HNB"},"geometry":{"type":"Point","coordinates":[79.8679885,6.919453]}},
{"type":"Feature","properties":{"osm_id":"10212072895","code":2602,"fclass":"atm","name":null},"geometry":{"type":"Point","coordinates":[79.8880011,6.8825026]}},
{"type":"Feature","properties":{"osm_id":"10223639672","code":2602,"fclass":"atm","name":null},"geometry":{"type":"Point","coordinates":[79.9445225,6.8791805]}},
{"type":"Feature","properties":{"osm_id":"10242361293","code":2602,"fclass":"atm","name":"Seylan Bank"},"geometry":{"type":"Point","coordinates":[79.8677607,6.9193542]}},
{"type":"Feature","properties":{"osm_id":"10242361294","code":2602,"fclass":"atm","name":"BOC"},"geometry":{"type":"Point","coordinates":[79.8678083,6.9193736]}},
{"type":"Feature","properties":{"osm_id":"10242366824","code":2601,"fclass":"bank","name":"BOC"},"geometry":{"type":"Point","coordinates":[79.8672074,6.918867]}},
{"type":"Feature","properties":{"osm_id":"10261718072","code":2602,"fclass":"atm","name":null},"geometry":{"type":"Point","coordinates":[79.9904361,7.034972]}},
{"type":"Feature","properties":{"osm_id":"10286839860","code":2601,"fclass":"bank","name":"Habib Bank"},"geometry":{"type":"Point","coordinates":[79.8539399,6.912498]}},
{"type":"Feature","properties":{"osm_id":"10680923659","code":2601,"fclass":"bank","name":"Samurdhi Bank"},"geometry":{"type":"Point","coordinates":[80.0845337,6.419435]}},
{"type":"Feature","properties":{"osm_id":"10680950623","code":2601,"fclass":"bank","name":"Cooperative Bank"},"geometry":{"type":"Point","coordinates":[80.0879455,6.4284866]}},
{"type":"Feature","properties":{"osm_id":"10680950626","code":2602,"fclass":"atm","name":null},"geometry":{"type":"Point","coordinates":[80.0878275,6.4305815]}},
{"type":"Feature","properties":{"osm_id":"10680983629","code":2602,"fclass":"atm","name":null},"geometry":{"type":"Point","coordinates":[80.0880823,6.4293928]}},
{"type":"Feature","properties":{"osm_id":"10683135677","code":2602,"fclass":"atm","name":"Commercial Bank"},"geometry":{"type":"Point","coordinates":[79.8597235,6.9169403]}},
{"type":"Feature","properties":{"osm_id":"10716156067","code":2601,"fclass":"bank","name":"People's Bank"},"geometry":{"type":"Point","coordinates":[79.8782425,6.9306159]}},
{"type":"Feature","properties":{"osm_id":"10718059108","code":2602,"fclass":"atm","name":null},"geometry":{"type":"Point","coordinates":[80.1137634,6.471419]}},
{"type":"Feature","properties":{"osm_id":"10718108477","code":2601,"fclass":"bank","name":"Bank of Ceylon"},"geometry":{"type":"Point","coordinates":[80.0134514,6.4412676]}},
{"type":"Feature","properties":{"osm_id":"10757988526","code":2601,"fclass":"bank","name":"BOC"},"geometry":{"type":"Point","coordinates":[79.8506254,6.9124572]}},
{"type":"Feature","properties":{"osm_id":"10792937474","code":2602,"fclass":"atm","name":null},"geometry":{"type":"Point","coordinates":[79.9412224,6.8851434]}},
{"type":"Feature","properties":{"osm_id":"10936239547","code":2601,"fclass":"bank","name":"Sampath Bank"},"geometry":{"type":"Point","coordinates":[80.0900383,6.8571133]}},
{"type":"Feature","properties":{"osm_id":"10936239946","code":2601,"fclass":"bank","name":"BOC"},"geometry":{"type":"Point","coordinates":[80.0896816,6.857124]}},
{"type":"Feature","properties":{"osm_id":"10936241960","code":2601,"fclass":"bank","name":"HNB"},"geometry":{"type":"Point","coordinates":[80.0914176,6.8593524]}},
{"type":"Feature","properties":{"osm_id":"11009600340","code":2601,"fclass":"bank","name":null},"geometry":{"type":"Point","coordinates":[80.2157971,6.4055558]}},
{"type":"Feature","properties":{"osm_id":"11018783288","code":2601,"fclass":"bank","name":"People's Bank"},"geometry":{"type":"Point","coordinates":[79.9062724,6.7141909]}},
{"type":"Feature","properties":{"osm_id":"11019042104","code":2601,"fclass":"bank","name":"State Mortgage & Inverstment Bank"},"geometry":{"type":"Point","coordinates":[79.9071616,6.7180906]}},
{"type":"Feature","properties":{"osm_id":"11068303014","code":2601,"fclass":"bank","name":"BOC ATM"},"geometry":{"type":"Point","coordinates":[80.0585188,7.1531353]}},
{"type":"Feature","properties":{"osm_id":"11068304775","code":2601,"fclass":"bank","name":"people's Bank"},"geometry":{"type":"Point","coordinates":[79.9906985,7.0928722]}},
{"type":"Feature","properties":{"osm_id":"11068306130","code":2602,"fclass":"atm","name":null},"geometry":{"type":"Point","coordinates":[79.9948605,7.093815]}},
{"type":"Feature","properties":{"osm_id":"11381147223","code":2601,"fclass":"bank","name":"CO OP Bank"},"geometry":{"type":"Point","coordinates":[79.9095183,7.0020625]}},
{"type":"Feature","properties":{"osm_id":"11540434809","code":2602,"fclass":"atm","name":"Bank of Ceylon BOC"},"geometry":{"type":"Point","coordinates":[79.8862344,7.1750363]}},
{"type":"Feature","properties":{"osm_id":"11540434810","code":2602,"fclass":"atm","name":"Sampath Bank ATM, People's Bank ATM, Commercial Bank, Bank of Ceylon ATM"},"geometry":{"type":"Point","coordinates":[79.8873501,7.1747013]}},
{"type":"Feature","properties":{"osm_id":"11540434811","code":2602,"fclass":"atm","name":"Commercial Bank ATM"},"geometry":{"type":"Point","coordinates":[79.8871803,7.1734318]}},
{"type":"Feature","properties":{"osm_id":"11540434813","code":2602,"fclass":"atm","name":"HNB Bank"},"geometry":{"type":"Point","coordinates":[79.8872478,7.1735073]}},
{"type":"Feature","properties":{"osm_id":"11540434814","code":2602,"fclass":"atm","name":"Sampath Bank ATM"},"geometry":{"type":"Point","coordinates":[79.8870409,7.173611]}},
{"type":"Feature","properties":{"osm_id":"11760733412","code":2601,"fclass":"bank","name":"Sampath Bank"},"geometry":{"type":"Point","coordinates":[79.889882,6.872724]}},
{"type":"Feature","properties":{"osm_id":"11760733413","code":2602,"fclass":"atm","name":null},"geometry":{"type":"Point","coordinates":[79.8899267,6.8726821]}},
{"type":"Feature","properties":{"osm_id":"11841438869","code":2602,"fclass":"atm","name":null},"geometry":{"type":"Point","coordinates":[79.9666961,6.753447]}},
{"type":"Feature","properties":{"osm_id":"11841443969","code":2602,"fclass":"atm","name":null},"geometry":{"type":"Point","coordinates":[79.9680153,6.7491205]}},
{"type":"Feature","properties":{"osm_id":"11841744277","code":2602,"fclass":"atm","name":null},"geometry":{"type":"Point","coordinates":[79.8804504,6.8125008]}},
{"type":"Feature","properties":{"osm_id":"11841745679","code":2601,"fclass":"bank","name":"Bank"},"geometry":{"type":"Point","coordinates":[79.8805151,6.8125437]}},
{"type":"Feature","properties":{"osm_id":"11841745680","code":2602,"fclass":"atm","name":null},"geometry":{"type":"Point","coordinates":[79.9044024,6.8494041]}},
{"type":"Feature","properties":{"osm_id":"11841763369","code":2601,"fclass":"bank","name":null},"geometry":{"type":"Point","coordinates":[79.8989398,6.8651638]}},
{"type":"Feature","properties":{"osm_id":"11841763370","code":2602,"fclass":"atm","name":null},"geometry":{"type":"Point","coordinates":[79.9044024,6.848733]}},
{"type":"Feature","properties":{"osm_id":"11841788669","code":2602,"fclass":"atm","name":null},"geometry":{"type":"Point","coordinates":[79.9065487,6.8539051]}},
{"type":"Feature","properties":{"osm_id":"11842732969","code":2601,"fclass":"bank","name":null},"geometry":{"type":"Point","coordinates":[79.9052069,6.8637334]}},
{"type":"Feature","properties":{"osm_id":"11842769883","code":2602,"fclass":"atm","name":null},"geometry":{"type":"Point","coordinates":[79.8658046,6.8515598]}},
{"type":"Feature","properties":{"osm_id":"11842855269","code":2602,"fclass":"atm","name":null},"geometry":{"type":"Point","coordinates":[79.8665855,6.8525561]}},
{"type":"Feature","properties":{"osm_id":"11842857373","code":2602,"fclass":"atm","name":null},"geometry":{"type":"Point","coordinates":[79.8643661,6.8512856]}},
{"type":"Feature","properties":{"osm_id":"11842913769","code":2601,"fclass":"bank","name":null},"geometry":{"type":"Point","coordinates":[79.8658779,6.8497509]}},
{"type":"Feature","properties":{"osm_id":"11842913869","code":2601,"fclass":"bank","name":null},"geometry":{"type":"Point","coordinates":[79.8658459,6.8528181]}},
{"type":"Feature","properties":{"osm_id":"11842933569","code":2602,"fclass":"atm","name":null},"geometry":{"type":"Point","coordinates":[79.8615473,6.8509325]}},
{"type":"Feature","properties":{"osm_id":"11842950269","code":2601,"fclass":"bank","name":null},"geometry":{"type":"Point","coordinates":[79.8660789,6.8516481]}},
{"type":"Feature","properties":{"osm_id":"11842968741","code":2601,"fclass":"bank","name":null},"geometry":{"type":"Point","coordinates":[79.8659434,6.8527788]}},
{"type":"Feature","properties":{"osm_id":"11862651999","code":2601,"fclass":"bank","name":null},"geometry":{"type":"Point","coordinates":[79.8659714,6.8527516]}},
{"type":"Feature","properties":{"osm_id":"11862652293","code":2601,"fclass":"bank","name":null},"geometry":{"type":"Point","coordinates":[79.8661156,6.8516062]}},
{"type":"Feature","properties":{"osm_id":"11866945726","code":2602,"fclass":"atm","name":null},"geometry":{"type":"Point","coordinates":[79.887214,7.1734686]}},
{"type":"Feature","properties":{"osm_id":"11959697824","code":2602,"fclass":"atm","name":null},"geometry":{"type":"Point","coordinates":[80.0135525,6.4412808]}},
{"type":"Feature","properties":{"osm_id":"12087652583","code":2601,"fclass":"bank","name":"Sampath ATM"},"geometry":{"type":"Point","coordinates":[79.9212492,6.8010978]}},
{"type":"Feature","properties":{"osm_id":"12100573137","code":2601,"fclass":"bank","name":"Hatton National Bank"},"geometry":{"type":"Point","coordinates":[79.8781967,6.9291239]}},
{"type":"Feature","properties":{"osm_id":"12100573145","code":2602,"fclass":"atm","name":null},"geometry":{"type":"Point","coordinates":[79.9247225,7.0289632]}},
{"type":"Feature","properties":{"osm_id":"12107888167","code":2601,"fclass":"bank","name":"CDB"},"geometry":{"type":"Point","coordinates":[79.8568486,6.9132533]}},
{"type":"Feature","properties":{"osm_id":"12167428715","code":2601,"fclass":"bank","name":"BOC"},"geometry":{"type":"Point","coordinates":[79.8839934,6.7813371]}},
{"type":"Feature","properties":{"osm_id":"12343239233","code":2601,"fclass":"bank","name":null},"geometry":{"type":"Point","coordinates":[79.9045885,7.1275333]}},
{"type":"Feature","properties":{"osm_id":"12343239241","code":2602,"fclass":"atm","name":null},"geometry":{"type":"Point","coordinates":[79.9009937,7.1339927]}},
{"type":"Feature","properties":{"osm_id":"12401564251","code":2601,"fclass":"bank","name":"SDB bank Dehiwala Branch"},"geometry":{"type":"Point","coordinates":[79.8660942,6.8481577]}},
{"type":"Feature","properties":{"osm_id":"12401966987","code":2601,"fclass":"bank","name":"People's Bank"},"geometry":{"type":"Point","coordinates":[79.8642632,6.8508756]}},
{"type":"Feature","properties":{"osm_id":"12504634023","code":2601,"fclass":"bank","name":"Nations Trust Bank - Boralesgamuwa"},"geometry":{"type":"Point","coordinates":[79.9032285,6.8410126]}},
{"type":"Feature","properties":{"osm_id":"12581896889","code":2601,"fclass":"bank","name":"NDB"},"geometry":{"type":"Point","coordinates":[79.8828602,7.167401]}},
{"type":"Feature","properties":{"osm_id":"12581936192","code":2601,"fclass":"bank","name":"LB Finance"},"geometry":{"type":"Point","coordinates":[79.8833235,7.1628642]}},
{"type":"Feature","properties":{"osm_id":"12581941083","code":2602,"fclass":"atm","name":"SET"},"geometry":{"type":"Point","coordinates":[79.8831917,7.1649355]}},
{"type":"Feature","properties":{"osm_id":"12581941084","code":2601,"fclass":"bank","name":"Seylan Bank"},"geometry":{"type":"Point","coordinates":[79.8854434,7.1656435]}},
{"type":"Feature","properties":{"osm_id":"12581941170","code":2601,"fclass":"bank","name":"People's Bank"},"geometry":{"type":"Point","coordinates":[79.8849003,7.1656688]}},
{"type":"Feature","properties":{"osm_id":"12581945572","code":2602,"fclass":"atm","name":"Commercial Bank"},"geometry":{"type":"Point","coordinates":[79.8832757,7.1658567]}},
{"type":"Feature","properties":{"osm_id":"12581950655","code":2602,"fclass":"atm","name":"BOC"},"geometry":{"type":"Point","coordinates":[79.8828418,7.1672482]}}
]
}
