{
"type": "FeatureCollection",
"name": "restaurent",
"crs": { "type": "name", "properties": { "name": "urn:ogc:def:crs:OGC:1.3:CRS84" } },
"features": [
{"type":"Feature","properties":{"fclass":"cafe","name":"Cafe Lavinia"},"geometry":{"type":"Point","coordinates":[79.8572283,6.8943284]}},
{"type":"Feature","properties":{"fclass":"fast_food","name":"KFC"},"geometry":{"type":"Point","coordinates":[79.8576665,6.920436]}},
{"type":"Feature","properties":{"fclass":"fast_food","name":"Senkada"},"geometry":{"type":"Point","coordinates":[79.9174852,6.8940023]}},
{"type":"Feature","properties":{"fclass":"bakery","name":"Perera & Sons"},"geometry":{"type":"Point","coordinates":[79.9352354,6.8779255]}},
{"type":"Feature","properties":{"fclass":"restaurant","name":"Meat Locker"},"geometry":{"type":"Point","coordinates":[79.892367,6.875665]}},
{"type":"Feature","properties":{"fclass":"restaurant","name":"King Joy"},"geometry":{"type":"Point","coordinates":[79.9052,6.9051224]}},
{"type":"Feature","properties":{"fclass":"fast_food","name":"Subway"},"geometry":{"type":"Point","coordinates":[79.9037013,6.9064222]}},
{"type":"Feature","properties":{"fclass":"restaurant","name":"Great Wall"},"geometry":{"type":"Point","coordinates":[79.9283832,6.8911758]}},
{"type":"Feature","properties":{"fclass":"restaurant","name":"Xialton Chinese resturant"},"geometry":{"type":"Point","coordinates":[79.8619817,6.8925492]}},
{"type":"Feature","properties":{"fclass":"restaurant","name":"Manel"},"geometry":{"type":"Point","coordinates":[79.9216775,6.8506796]}},
{"type":"Feature","properties":{"fclass":"cafe","name":"Barista"},"geometry":{"type":"Point","coordinates":[79.8673668,6.9117428]}},
{"type":"Feature","properties":{"fclass":"cafe","name":"Cafe on the 5th"},"geometry":{"type":"Point","coordinates":[79.8571033,6.9053381]}},
{"type":"Feature","properties":{"fclass":"restaurant","name":"Pizza Hut"},"geometry":{"type":"Point","coordinates":[79.8547385,6.8935779]}},
{"type":"Feature","properties":{"fclass":"fast_food","name":"KFC"},"geometry":{"type":"Point","coordinates":[79.8545846,6.8937047]}},
{"type":"Feature","properties":{"fclass":"restaurant","name":"Gihans"},"geometry":{"type":"Point","coordinates":[79.896774,6.8649069]}},
{"type":"Feature","properties":{"fclass":"cafe","name":"Salaka"},"geometry":{"type":"Point","coordinates":[79.8632462,6.9177126]}},
{"type":"Feature","properties":{"fclass":"bakery","name":"Sumanadisi Bakers"},"geometry":{"type":"Point","coordinates":[79.8849501,6.8671646]}},
{"type":"Feature","properties":{"fclass":"cafe","name":"Perera & Sons"},"geometry":{"type":"Point","coordinates":[79.8869589,6.8686198]}},
{"type":"Feature","properties":{"fclass":"bakery","name":"Fab"},"geometry":{"type":"Point","coordinates":[79.9515581,6.9047033]}},
{"type":"Feature","properties":{"fclass":"bakery","name":"The Fab"},"geometry":{"type":"Point","coordinates":[79.8871496,6.910736]}},
{"type":"Feature","properties":{"fclass":"restaurant","name":"Pizza Hut"},"geometry":{"type":"Point","coordinates":[79.8652471,6.8567085]}},
{"type":"Feature","properties":{"fclass":"restaurant","name":"Shanmugas"},"geometry":{"type":"Point","coordinates":[79.8603213,6.8648597]}},
{"type":"Feature","properties":{"fclass":"cafe","name":"Perera & Sons"},"geometry":{"type":"Point","coordinates":[79.8612607,6.8950422]}},
{"type":"Feature","properties":{"fclass":"cafe","name":"FAB"},"geometry":{"type":"Point","coordinates":[79.8871171,6.8706023]}},
{"type":"Feature","properties":{"fclass":"restaurant","name":"Kinjou"},"geometry":{"type":"Point","coordinates":[79.8665414,6.8851919]}},
{"type":"Feature","properties":{"fclass":"restaurant","name":"Lavinia Breeze"},"geometry":{"type":"Point","coordinates":[79.8632205,6.8413324]}},
{"type":"Feature","properties":{"fclass":"cafe","name":"Fab"},"geometry":{"type":"Point","coordinates":[79.8518081,6.9044225]}},
{"type":"Feature","properties":{"fclass":"fast_food","name":"Pillawoos"},"geometry":{"type":"Point","coordinates":[79.8529821,6.90194]}},
{"type":"Feature","properties":{"fclass":"fast_food","name":"KFC"},"geometry":{"type":"Point","coordinates":[79.8853172,6.8712484]}},
{"type":"Feature","properties":{"fclass":"restaurant","name":"Mango Tree Indian"},"geometry":{"type":"Point","coordinates":[79.8555582,6.9127061]}},
{"type":"Feature","properties":{"fclass":"restaurant","name":"Pizza Hut"},"geometry":{"type":"Point","coordinates":[79.8588625,6.9201412]}},
{"type":"Feature","properties":{"fclass":"restaurant","name":"168 Seafood Palace"},"geometry":{"type":"Point","coordinates":[79.8509336,6.9089987]}},
{"type":"Feature","properties":{"fclass":"cafe","name":"Perera & Sons"},"geometry":{"type":"Point","coordinates":[79.955487,6.904073]}},
{"type":"Feature","properties":{"fclass":"cafe","name":"Barista"},"geometry":{"type":"Point","coordinates":[79.8730048,6.877371]}},
{"type":"Feature","properties":{"fclass":"restaurant","name":"Machan Nawala"},"geometry":{"type":"Point","coordinates":[79.8897068,6.895357]}},
{"type":"Feature","properties":{"fclass":"cafe","name":"New Lanka Caterers"},"geometry":{"type":"Point","coordinates":[79.89377,6.9008531]}},
{"type":"Feature","properties":{"fclass":"cafe","name":"Sumnadisi Bakery"},"geometry":{"type":"Point","coordinates":[79.8667687,6.8691327]}},
{"type":"Feature","properties":{"fclass":"cafe","name":"Sumanadisi Bakery"},"geometry":{"type":"Point","coordinates":[79.8721663,6.850891]}},
{"type":"Feature","properties":{"fclass":"restaurant","name":"Curry Leaves Indian"},"geometry":{"type":"Point","coordinates":[79.8641442,6.8761141]}},
{"type":"Feature","properties":{"fclass":"restaurant","name":"The Bavarian"},"geometry":{"type":"Point","coordinates":[79.8468691,6.9205897]}},
{"type":"Feature","properties":{"fclass":"restaurant","name":"Sakura"},"geometry":{"type":"Point","coordinates":[79.85174,6.9020806]}},
{"type":"Feature","properties":{"fclass":"restaurant","name":"Nihonbashi"},"geometry":{"type":"Point","coordinates":[79.8472876,6.9200252]}},
{"type":"Feature","properties":{"fclass":"restaurant","name":"Bayleaf"},"geometry":{"type":"Point","coordinates":[79.8757206,6.9095412]}},
{"type":"Feature","properties":{"fclass":"fast_food","name":"KFC"},"geometry":{"type":"Point","coordinates":[79.8447967,6.9356618]}},
{"type":"Feature","properties":{"fclass":"bakery","name":"Perera & Sons"},"geometry":{"type":"Point","coordinates":[79.9895883,6.8776619]}},
{"type":"Feature","properties":{"fclass":"restaurant","name":"Pizza Hut"},"geometry":{"type":"Point","coordinates":[79.8784864,6.9402733]}},
{"type":"Feature","properties":{"fclass":"cafe","name":"Sen-Saal"},"geometry":{"type":"Point","coordinates":[79.9206162,6.9027659]}},
{"type":"Feature","properties":{"fclass":"fast_food","name":"KFC"},"geometry":{"type":"Point","coordinates":[79.9299665,6.980774]}},
{"type":"Feature","properties":{"fclass":"cafe","name":"Don & Sons Cafe"},"geometry":{"type":"Point","coordinates":[79.9254175,6.9765835]}},
{"type":"Feature","properties":{"fclass":"restaurant","name":"Jade Restaurant"},"geometry":{"type":"Point","coordinates":[79.9305765,6.845094]}},
{"type":"Feature","properties":{"fclass":"restaurant","name":"Pizza Hut"},"geometry":{"type":"Point","coordinates":[79.9306683,6.8449361]}},
{"type":"Feature","properties":{"fclass":"restaurant","name":"Summer Hut"},"geometry":{"type":"Point","coordinates":[79.9310976,6.8449091]}},
{"type":"Feature","properties":{"fclass":"restaurant","name":"Paradise Road Gallery Cafe"},"geometry":{"type":"Point","coordinates":[79.8548816,6.8986979]}},
{"type":"Feature","properties":{"fclass":"restaurant","name":"City French Corner"},"geometry":{"type":"Point","coordinates":[80.0803549,6.7233581]}},
{"type":"Feature","properties":{"fclass":"restaurant","name":"Pizza Hut"},"geometry":{"type":"Point","coordinates":[79.9215373,6.8055921]}},
{"type":"Feature","properties":{"fclass":"bakery","name":"Wijesiri Bakers"},"geometry":{"type":"Point","coordinates":[80.0691933,6.7182664]}},
{"type":"Feature","properties":{"fclass":"restaurant","name":"Steam Boat"},"geometry":{"type":"Point","coordinates":[79.886867,6.8873093]}},
{"type":"Feature","properties":{"fclass":"restaurant","name":"Sovereign German restaurant"},"geometry":{"type":"Point","coordinates":[79.8903613,6.8810872]}},
{"type":"Feature","properties":{"fclass":"restaurant","name":"Sawadee Beach Front"},"geometry":{"type":"Point","coordinates":[79.862988,6.840448]}},
{"type":"Feature","properties":{"fclass":"restaurant","name":"The Shore by O"},"geometry":{"type":"Point","coordinates":[79.8632718,6.8380834]}},
{"type":"Feature","properties":{"fclass":"cafe","name":"Dislin"},"geometry":{"type":"Point","coordinates":[79.885524,6.7886792]}},
{"type":"Feature","properties":{"fclass":"cafe","name":"Oven Fresh Bakers"},"geometry":{"type":"Point","coordinates":[79.8852295,6.7887905]}},
{"type":"Feature","properties":{"fclass":"cafe","name":"Bright House"},"geometry":{"type":"Point","coordinates":[79.885723,6.7890462]}},
{"type":"Feature","properties":{"fclass":"restaurant","name":"Bilal Restaurant"},"geometry":{"type":"Point","coordinates":[79.8652535,6.8628776]}},
{"type":"Feature","properties":{"fclass":"restaurant","name":"Boat Restaurant"},"geometry":{"type":"Point","coordinates":[79.8410855,7.237042]}},
{"type":"Feature","properties":{"fclass":"restaurant","name":"Hill's Bristo Family Seafood"},"geometry":{"type":"Point","coordinates":[79.841793,7.2403178]}},
{"type":"Feature","properties":{"fclass":"restaurant","name":"Alta Italia"},"geometry":{"type":"Point","coordinates":[79.8421549,7.2390459]}},
{"type":"Feature","properties":{"fclass":"restaurant","name":"King Coconut"},"geometry":{"type":"Point","coordinates":[79.8414093,7.2378858]}},
{"type":"Feature","properties":{"fclass":"restaurant","name":"Jack tree"},"geometry":{"type":"Point","coordinates":[79.8734557,6.8878411]}},
{"type":"Feature","properties":{"fclass":"restaurant","name":"Fortune Boat"},"geometry":{"type":"Point","coordinates":[79.8652127,6.9055019]}},
{"type":"Feature","properties":{"fclass":"cafe","name":"Perera & Sons"},"geometry":{"type":"Point","coordinates":[79.8683735,6.9061585]}},
{"type":"Feature","properties":{"fclass":"restaurant","name":"The Sizzle"},"geometry":{"type":"Point","coordinates":[79.8528498,6.904686]}},
{"type":"Feature","properties":{"fclass":"cafe","name":"Sensal"},"geometry":{"type":"Point","coordinates":[79.866808,6.8911952]}},
{"type":"Feature","properties":{"fclass":"cafe","name":"Barista"},"geometry":{"type":"Point","coordinates":[79.8585018,6.8906995]}},
{"type":"Feature","properties":{"fclass":"restaurant","name":"Eastern Wok"},"geometry":{"type":"Point","coordinates":[79.8527914,6.9047218]}},
{"type":"Feature","properties":{"fclass":"cafe","name":"Perera & Sons"},"geometry":{"type":"Point","coordinates":[79.8552953,6.8936963]}},
{"type":"Feature","properties":{"fclass":"restaurant","name":"Sunlight Garden Chinese Seafood Restaurant"},"geometry":{"type":"Point","coordinates":[79.8522377,6.9087632]}},
{"type":"Feature","properties":{"fclass":"restaurant","name":"Nadeev Foods"},"geometry":{"type":"Point","coordinates":[79.901486,7.0487294]}},
{"type":"Feature","properties":{"fclass":"restaurant","name":"Rahumaniya Hotel"},"geometry":{"type":"Point","coordinates":[79.8649916,6.9163047]}},
{"type":"Feature","properties":{"fclass":"restaurant","name":"Raheema"},"geometry":{"type":"Point","coordinates":[79.8582941,6.9036607]}},
{"type":"Feature","properties":{"fclass":"restaurant","name":"Dinermore"},"geometry":{"type":"Point","coordinates":[79.8527816,6.912542]}},
{"type":"Feature","properties":{"fclass":"cafe","name":"PUNCH Juice Shop"},"geometry":{"type":"Point","coordinates":[79.858463,6.8963979]}},
{"type":"Feature","properties":{"fclass":"restaurant","name":"Steam Boat"},"geometry":{"type":"Point","coordinates":[79.8628147,6.8421939]}},
{"type":"Feature","properties":{"fclass":"restaurant","name":"Steam Boat"},"geometry":{"type":"Point","coordinates":[79.8824163,6.7786639]}},
{"type":"Feature","properties":{"fclass":"fast_food","name":"Calton"},"geometry":{"type":"Point","coordinates":[79.8520117,7.2047151]}},
{"type":"Feature","properties":{"fclass":"beverages","name":null},"geometry":{"type":"Point","coordinates":[80.0593449,6.7188942]}},
{"type":"Feature","properties":{"fclass":"beverages","name":null},"geometry":{"type":"Point","coordinates":[80.0602891,6.7166193]}},
{"type":"Feature","properties":{"fclass":"restaurant","name":"Norris Hotel"},"geometry":{"type":"Point","coordinates":[79.8524089,6.9348835]}},
{"type":"Feature","properties":{"fclass":"restaurant","name":"Jayapura Hotel"},"geometry":{"type":"Point","coordinates":[79.8522136,6.934822]}},
{"type":"Feature","properties":{"fclass":"restaurant","name":null},"geometry":{"type":"Point","coordinates":[79.8536673,6.9195052]}},
{"type":"Feature","properties":{"fclass":"fast_food","name":"KFC"},"geometry":{"type":"Point","coordinates":[79.9262257,6.8452711]}},
{"type":"Feature","properties":{"fclass":"fast_food","name":"McDonald's"},"geometry":{"type":"Point","coordinates":[79.8865025,6.8704731]}},
{"type":"Feature","properties":{"fclass":"restaurant","name":"Senerath Foods"},"geometry":{"type":"Point","coordinates":[79.9425049,6.8567395]}},
{"type":"Feature","properties":{"fclass":"cafe","name":"Perera and Sons Bakers"},"geometry":{"type":"Point","coordinates":[79.9275062,6.8466108]}},
{"type":"Feature","properties":{"fclass":"fast_food","name":null},"geometry":{"type":"Point","coordinates":[79.8768524,6.8664552]}},
{"type":"Feature","properties":{"fclass":"restaurant","name":"Perera & Son's"},"geometry":{"type":"Point","coordinates":[79.889565,6.8452854]}},
{"type":"Feature","properties":{"fclass":"bakery","name":null},"geometry":{"type":"Point","coordinates":[79.9495697,6.8466958]}},
{"type":"Feature","properties":{"fclass":"restaurant","name":null},"geometry":{"type":"Point","coordinates":[79.8426303,7.2070237]}},
{"type":"Feature","properties":{"fclass":"beverages","name":null},"geometry":{"type":"Point","coordinates":[79.9994754,6.4307061]}},
{"type":"Feature","properties":{"fclass":"restaurant","name":"Dinducal Thalapakattu Buriyani"},"geometry":{"type":"Point","coordinates":[79.866877,6.8414038]}},
{"type":"Feature","properties":{"fclass":"cafe","name":"One Seven One (171) Restaurant"},"geometry":{"type":"Point","coordinates":[79.9158232,6.8584127]}},
{"type":"Feature","properties":{"fclass":"cafe","name":"Kalbo"},"geometry":{"type":"Point","coordinates":[79.9230032,6.850151]}},
{"type":"Feature","properties":{"fclass":"cafe","name":"Susiko"},"geometry":{"type":"Point","coordinates":[79.9633154,6.8416344]}},
{"type":"Feature","properties":{"fclass":"restaurant","name":"Gihans"},"geometry":{"type":"Point","coordinates":[79.9082511,6.8578259]}},
{"type":"Feature","properties":{"fclass":"restaurant","name":"Red Lantern"},"geometry":{"type":"Point","coordinates":[79.9218673,6.8508365]}},
{"type":"Feature","properties":{"fclass":"cafe","name":"Viduravi"},"geometry":{"type":"Point","coordinates":[79.9136128,6.8550191]}},
{"type":"Feature","properties":{"fclass":"cafe","name":"Wonder B"},"geometry":{"type":"Point","coordinates":[79.9242102,6.8493548]}},
{"type":"Feature","properties":{"fclass":"beverages","name":null},"geometry":{"type":"Point","coordinates":[79.9958509,6.4372789]}},
{"type":"Feature","properties":{"fclass":"cafe","name":"Sinharaja Bakery & Restaurant"},"geometry":{"type":"Point","coordinates":[79.9952545,6.4373818]}},
{"type":"Feature","properties":{"fclass":"cafe","name":"Devon"},"geometry":{"type":"Point","coordinates":[79.8868652,6.8707389]}},
{"type":"Feature","properties":{"fclass":"restaurant","name":"Somro Bake House"},"geometry":{"type":"Point","coordinates":[79.9261435,6.8429076]}},
{"type":"Feature","properties":{"fclass":"cafe","name":"Java Lounge"},"geometry":{"type":"Point","coordinates":[79.8671519,6.8921692]}},
{"type":"Feature","properties":{"fclass":"cafe","name":"Barista"},"geometry":{"type":"Point","coordinates":[79.8604761,6.8977133]}},
{"type":"Feature","properties":{"fclass":"restaurant","name":"Nishan Caterers"},"geometry":{"type":"Point","coordinates":[79.9021356,6.8647311]}},
{"type":"Feature","properties":{"fclass":"restaurant","name":"Rajagedara"},"geometry":{"type":"Point","coordinates":[79.9567213,6.8436611]}},
{"type":"Feature","properties":{"fclass":"fast_food","name":"New Royal Bakers"},"geometry":{"type":"Point","coordinates":[79.913282,6.9700525]}},
{"type":"Feature","properties":{"fclass":"bakery","name":"Wejewardhana Bakers"},"geometry":{"type":"Point","coordinates":[79.9132847,6.9699833]}},
{"type":"Feature","properties":{"fclass":"beverages","name":"Premasiri Super"},"geometry":{"type":"Point","coordinates":[79.8520712,6.9106849]}},
{"type":"Feature","properties":{"fclass":"bakery","name":"Perera & Sons"},"geometry":{"type":"Point","coordinates":[79.8873639,6.8871753]}},
{"type":"Feature","properties":{"fclass":"restaurant","name":"Spineeys Take away"},"geometry":{"type":"Point","coordinates":[79.9014141,6.8752497]}},
{"type":"Feature","properties":{"fclass":"cafe","name":null},"geometry":{"type":"Point","coordinates":[80.1347252,7.1402538]}},
{"type":"Feature","properties":{"fclass":"fast_food","name":"Domino's"},"geometry":{"type":"Point","coordinates":[79.8873283,6.8704159]}},
{"type":"Feature","properties":{"fclass":"bakery","name":"5-Star Bakery"},"geometry":{"type":"Point","coordinates":[79.8725833,6.8318676]}},
{"type":"Feature","properties":{"fclass":"restaurant","name":null},"geometry":{"type":"Point","coordinates":[80.1812814,7.2128222]}},
{"type":"Feature","properties":{"fclass":"cafe","name":"Oh my Cake!"},"geometry":{"type":"Point","coordinates":[79.8730819,6.8771218]}},
{"type":"Feature","properties":{"fclass":"cafe","name":"Cafe Che"},"geometry":{"type":"Point","coordinates":[79.8731544,6.876962]}},
{"type":"Feature","properties":{"fclass":"fast_food","name":"KFC"},"geometry":{"type":"Point","coordinates":[79.9040714,6.9063609]}},
{"type":"Feature","properties":{"fclass":"restaurant","name":"Monis Restaurant"},"geometry":{"type":"Point","coordinates":[79.9798607,6.5020999]}},
{"type":"Feature","properties":{"fclass":"restaurant","name":"burger hut"},"geometry":{"type":"Point","coordinates":[79.8564003,6.8802869]}},
{"type":"Feature","properties":{"fclass":"restaurant","name":"Perera & Sons"},"geometry":{"type":"Point","coordinates":[79.859275,6.8808071]}},
{"type":"Feature","properties":{"fclass":"cafe","name":"Barista"},"geometry":{"type":"Point","coordinates":[79.8547973,6.8935866]}},
{"type":"Feature","properties":{"fclass":"restaurant","name":"Siam House"},"geometry":{"type":"Point","coordinates":[79.8565893,6.8854761]}},
{"type":"Feature","properties":{"fclass":"restaurant","name":"Dinemore"},"geometry":{"type":"Point","coordinates":[79.8584445,6.8711188]}},
{"type":"Feature","properties":{"fclass":"cafe","name":"Dinemore"},"geometry":{"type":"Point","coordinates":[79.8563467,6.918475]}},
{"type":"Feature","properties":{"fclass":"restaurant","name":"Lavinia Bakery"},"geometry":{"type":"Point","coordinates":[79.9240862,6.8948857]}},
{"type":"Feature","properties":{"fclass":"restaurant","name":"Belway"},"geometry":{"type":"Point","coordinates":[79.8968731,6.9647793]}},
{"type":"Feature","properties":{"fclass":"restaurant","name":"Samanala"},"geometry":{"type":"Point","coordinates":[79.9271831,6.9779049]}},
{"type":"Feature","properties":{"fclass":"restaurant","name":"Factory Hotel & Restaurant"},"geometry":{"type":"Point","coordinates":[80.1263805,6.9385988]}},
{"type":"Feature","properties":{"fclass":"restaurant","name":"Testa Cafe"},"geometry":{"type":"Point","coordinates":[80.1136493,6.9262352]}},
{"type":"Feature","properties":{"fclass":"bakery","name":"Testa Bake House"},"geometry":{"type":"Point","coordinates":[80.1132099,6.9262846]}},
{"type":"Feature","properties":{"fclass":"restaurant","name":"Kurulu Uyana"},"geometry":{"type":"Point","coordinates":[80.0889623,6.9126937]}},
{"type":"Feature","properties":{"fclass":"fast_food","name":"McDonald's"},"geometry":{"type":"Point","coordinates":[79.8982404,7.0143388]}},
{"type":"Feature","properties":{"fclass":"restaurant","name":"Pizza Hut"},"geometry":{"type":"Point","coordinates":[79.8892128,6.9862699]}},
{"type":"Feature","properties":{"fclass":"bakery","name":"Family Chef"},"geometry":{"type":"Point","coordinates":[79.8973398,7.0127803]}},
{"type":"Feature","properties":{"fclass":"bakery","name":"Susiko Bakery"},"geometry":{"type":"Point","coordinates":[79.8822544,6.8730302]}},
{"type":"Feature","properties":{"fclass":"restaurant","name":"Kola Kenda breakfast shop"},"geometry":{"type":"Point","coordinates":[79.8461224,7.2253296]}},
{"type":"Feature","properties":{"fclass":"bakery","name":"Sumihiri Bakers & Hotel"},"geometry":{"type":"Point","coordinates":[79.8657971,6.8508834]}},
{"type":"Feature","properties":{"fclass":"restaurant","name":"Nature Lovers' Inn"},"geometry":{"type":"Point","coordinates":[80.129576,6.711969]}},
{"type":"Feature","properties":{"fclass":"cafe","name":"Api Wenuwen Api"},"geometry":{"type":"Point","coordinates":[79.928429,6.8767916]}},
{"type":"Feature","properties":{"fclass":"restaurant","name":"K F C Ja Ela"},"geometry":{"type":"Point","coordinates":[79.8908362,7.0825172]}},
{"type":"Feature","properties":{"fclass":"cafe","name":"Don & Son"},"geometry":{"type":"Point","coordinates":[79.950258,7.0015015]}},
{"type":"Feature","properties":{"fclass":"restaurant","name":"Pizza Hut"},"geometry":{"type":"Point","coordinates":[79.9481858,7.0003195]}},
{"type":"Feature","properties":{"fclass":"bakery","name":"Miyurasa"},"geometry":{"type":"Point","coordinates":[79.878087,6.8918767]}},
{"type":"Feature","properties":{"fclass":"cafe","name":"Green Cabin"},"geometry":{"type":"Point","coordinates":[79.8893951,6.8935596]}},
{"type":"Feature","properties":{"fclass":"restaurant","name":"Hwang-Ho"},"geometry":{"type":"Point","coordinates":[79.8848676,6.911102]}},
{"type":"Feature","properties":{"fclass":"restaurant","name":"Sri Vihar"},"geometry":{"type":"Point","coordinates":[79.8600096,6.8969008]}},
{"type":"Feature","properties":{"fclass":"cafe","name":"Weerasiri Cafe"},"geometry":{"type":"Point","coordinates":[79.9648827,6.8417446]}},
{"type":"Feature","properties":{"fclass":"cafe","name":"Perera and Sons Bakers"},"geometry":{"type":"Point","coordinates":[79.9655077,6.8413293]}},
{"type":"Feature","properties":{"fclass":"restaurant","name":"Pizza Hut"},"geometry":{"type":"Point","coordinates":[79.9759436,6.8396772]}},
{"type":"Feature","properties":{"fclass":"restaurant","name":"Ministry of Crab"},"geometry":{"type":"Point","coordinates":[79.8433051,6.9335488]}},
{"type":"Feature","properties":{"fclass":"cafe","name":"Indo Ceylon"},"geometry":{"type":"Point","coordinates":[79.849872,6.910376]}},
{"type":"Feature","properties":{"fclass":"restaurant","name":"Pizza Hut"},"geometry":{"type":"Point","coordinates":[79.8516315,6.9109058]}},
{"type":"Feature","properties":{"fclass":"cafe","name":"Hotel De Gulf"},"geometry":{"type":"Point","coordinates":[79.8499068,6.9102641]}},
{"type":"Feature","properties":{"fclass":"fast_food","name":"Carnival Ice Cream"},"geometry":{"type":"Point","coordinates":[79.85087,6.9106535]}},
{"type":"Feature","properties":{"fclass":"restaurant","name":"Palmyrah"},"geometry":{"type":"Point","coordinates":[79.8503628,6.9085573]}},
{"type":"Feature","properties":{"fclass":"cafe","name":"Perera & Sons"},"geometry":{"type":"Point","coordinates":[79.8532113,6.9065895]}},
{"type":"Feature","properties":{"fclass":"restaurant","name":"Amaravathi"},"geometry":{"type":"Point","coordinates":[79.8510495,6.9088902]}},
{"type":"Feature","properties":{"fclass":"restaurant","name":"Flower Lounge"},"geometry":{"type":"Point","coordinates":[79.8548823,6.9007661]}},
{"type":"Feature","properties":{"fclass":"restaurant","name":"Indian Kitchen"},"geometry":{"type":"Point","coordinates":[79.8542359,6.9042596]}},
{"type":"Feature","properties":{"fclass":"restaurant","name":"Flower Drum"},"geometry":{"type":"Point","coordinates":[79.8581436,6.9053182]}},
{"type":"Feature","properties":{"fclass":"cafe","name":"Cloud Cafe"},"geometry":{"type":"Point","coordinates":[79.8564462,6.8978238]}},
{"type":"Feature","properties":{"fclass":"restaurant","name":"China town"},"geometry":{"type":"Point","coordinates":[79.8502448,6.9046537]}},
{"type":"Feature","properties":{"fclass":"cafe","name":"Sponge Pastry Shop"},"geometry":{"type":"Point","coordinates":[79.8519501,6.9053014]}},
{"type":"Feature","properties":{"fclass":"restaurant","name":"Maharaja Palace"},"geometry":{"type":"Point","coordinates":[79.8601442,6.9057394]}},
{"type":"Feature","properties":{"fclass":"restaurant","name":"Olimpic House"},"geometry":{"type":"Point","coordinates":[79.8652383,6.9056602]}},
{"type":"Feature","properties":{"fclass":"cafe","name":"The Fab"},"geometry":{"type":"Point","coordinates":[79.865867,6.8906875]}},
{"type":"Feature","properties":{"fclass":"restaurant","name":"Dinemore"},"geometry":{"type":"Point","coordinates":[79.8584095,6.9058759]}},
{"type":"Feature","properties":{"fclass":"cafe","name":"CoCo Fresh Tea & Juice"},"geometry":{"type":"Point","coordinates":[79.9212348,6.9001641]}},
{"type":"Feature","properties":{"fclass":"restaurant","name":"Gihan's Family Restaurant"},"geometry":{"type":"Point","coordinates":[80.0795026,6.4688889]}},
{"type":"Feature","properties":{"fclass":"cafe","name":"Gills"},"geometry":{"type":"Point","coordinates":[80.0769788,6.4688234]}},
{"type":"Feature","properties":{"fclass":"cafe","name":"t-sips"},"geometry":{"type":"Point","coordinates":[80.0795568,6.468543]}},
{"type":"Feature","properties":{"fclass":"cafe","name":"Italian Cafe"},"geometry":{"type":"Point","coordinates":[80.079393,6.4690044]}},
{"type":"Feature","properties":{"fclass":"cafe","name":"The Tea House"},"geometry":{"type":"Point","coordinates":[80.0768717,6.4689138]}},
{"type":"Feature","properties":{"fclass":"restaurant","name":"Dinemor"},"geometry":{"type":"Point","coordinates":[80.0796143,6.4687606]}},
{"type":"Feature","properties":{"fclass":"cafe","name":"Juiceez"},"geometry":{"type":"Point","coordinates":[80.0767343,6.469144]}},
{"type":"Feature","properties":{"fclass":"bakery","name":"New Monis"},"geometry":{"type":"Point","coordinates":[80.076688,6.469347]}},
{"type":"Feature","properties":{"fclass":"restaurant","name":"Seafisch"},"geometry":{"type":"Point","coordinates":[79.8461515,6.9312621]}},
{"type":"Feature","properties":{"fclass":"bakery","name":"New Monis"},"geometry":{"type":"Point","coordinates":[80.0793153,6.4690524]}},
{"type":"Feature","properties":{"fclass":"bakery","name":"Viduravi"},"geometry":{"type":"Point","coordinates":[79.9014299,6.8419654]}},
{"type":"Feature","properties":{"fclass":"bakery","name":"Perera & Sons"},"geometry":{"type":"Point","coordinates":[79.9007575,6.8407204]}},
{"type":"Feature","properties":{"fclass":"restaurant","name":"Dinemore"},"geometry":{"type":"Point","coordinates":[79.8854551,6.8678139]}},
{"type":"Feature","properties":{"fclass":"cafe","name":"Perera & Sons"},"geometry":{"type":"Point","coordinates":[79.8902693,6.9324963]}},
{"type":"Feature","properties":{"fclass":"restaurant","name":"Arabian Treat"},"geometry":{"type":"Point","coordinates":[79.8900923,6.9324842]}},
{"type":"Feature","properties":{"fclass":"bakery","name":"Asian Bakers"},"geometry":{"type":"Point","coordinates":[79.8915649,6.9323793]}},
{"type":"Feature","properties":{"fclass":"bakery","name":null},"geometry":{"type":"Point","coordinates":[79.8942363,6.9355158]}},
{"type":"Feature","properties":{"fclass":"restaurant","name":"Park View"},"geometry":{"type":"Point","coordinates":[79.8672158,6.9200779]}},
{"type":"Feature","properties":{"fclass":"bakery","name":null},"geometry":{"type":"Point","coordinates":[79.8934074,6.9328837]}},
{"type":"Feature","properties":{"fclass":"bakery","name":"Wasana Bakery"},"geometry":{"type":"Point","coordinates":[79.8908378,6.9327506]}},
{"type":"Feature","properties":{"fclass":"bakery","name":"Susiko bakers"},"geometry":{"type":"Point","coordinates":[79.925052,6.800075]}},
{"type":"Feature","properties":{"fclass":"cafe","name":"FAB"},"geometry":{"type":"Point","coordinates":[79.8942074,6.9035397]}},
{"type":"Feature","properties":{"fclass":"restaurant","name":"Pizza Hut"},"geometry":{"type":"Point","coordinates":[79.8487916,7.2106522]}},
{"type":"Feature","properties":{"fclass":"bakery","name":"Calton"},"geometry":{"type":"Point","coordinates":[79.8406557,7.2065007]}},
{"type":"Feature","properties":{"fclass":"fast_food","name":"Dons & Sons Bakers"},"geometry":{"type":"Point","coordinates":[79.8777803,6.9166708]}},
{"type":"Feature","properties":{"fclass":"restaurant","name":"88 Chinese"},"geometry":{"type":"Point","coordinates":[79.8607025,6.8946393]}},
{"type":"Feature","properties":{"fclass":"bakery","name":"Klassys"},"geometry":{"type":"Point","coordinates":[79.8622148,6.8877863]}},
{"type":"Feature","properties":{"fclass":"fast_food","name":"Sasha food court"},"geometry":{"type":"Point","coordinates":[79.8761526,7.1332412]}},
{"type":"Feature","properties":{"fclass":"bakery","name":"Calton"},"geometry":{"type":"Point","coordinates":[79.8622029,7.2687008]}},
{"type":"Feature","properties":{"fclass":"bakery","name":"Prasanna"},"geometry":{"type":"Point","coordinates":[79.8971065,7.0455687]}},
{"type":"Feature","properties":{"fclass":"bakery","name":"Makrin"},"geometry":{"type":"Point","coordinates":[79.9109969,6.8668407]}},
{"type":"Feature","properties":{"fclass":"bakery","name":"Swiss Bakers"},"geometry":{"type":"Point","coordinates":[79.9987963,6.4315841]}},
{"type":"Feature","properties":{"fclass":"fast_food","name":"Sey-nor sea food"},"geometry":{"type":"Point","coordinates":[79.8551023,6.931523]}},
{"type":"Feature","properties":{"fclass":"bakery","name":"Ambasevana Bakery"},"geometry":{"type":"Point","coordinates":[79.9284507,6.6688379]}},
{"type":"Feature","properties":{"fclass":"beverages","name":"Sushila Liquor Shop and Bar"},"geometry":{"type":"Point","coordinates":[79.9249693,6.6748026]}},
{"type":"Feature","properties":{"fclass":"restaurant","name":"Fishermen’s Villa"},"geometry":{"type":"Point","coordinates":[79.921056,6.6758403]}},
{"type":"Feature","properties":{"fclass":"fast_food","name":"Family Choice"},"geometry":{"type":"Point","coordinates":[79.9078567,6.7096922]}},
{"type":"Feature","properties":{"fclass":"cafe","name":"The Fab"},"geometry":{"type":"Point","coordinates":[79.9078099,6.7160778]}},
{"type":"Feature","properties":{"fclass":"bakery","name":"Baker's World"},"geometry":{"type":"Point","coordinates":[79.9075927,6.7107049]}},
{"type":"Feature","properties":{"fclass":"restaurant","name":"Nelum Kole"},"geometry":{"type":"Point","coordinates":[79.916281,6.8423885]}},
{"type":"Feature","properties":{"fclass":"bakery","name":"Softee"},"geometry":{"type":"Point","coordinates":[80.0869396,6.9187691]}},
{"type":"Feature","properties":{"fclass":"fast_food","name":"KFC Negombo"},"geometry":{"type":"Point","coordinates":[79.8476412,7.2129327]}},
{"type":"Feature","properties":{"fclass":"fast_food","name":"KFC"},"geometry":{"type":"Point","coordinates":[79.8479033,7.2130722]}},
{"type":"Feature","properties":{"fclass":"restaurant","name":"Edwin"},"geometry":{"type":"Point","coordinates":[79.8412236,7.2305558]}},
{"type":"Feature","properties":{"fclass":"restaurant","name":"Icebear Guesthouse"},"geometry":{"type":"Point","coordinates":[79.8400777,7.2242311]}},
{"type":"Feature","properties":{"fclass":"restaurant","name":"Nayomy"},"geometry":{"type":"Point","coordinates":[79.8398792,7.2189013]}},
{"type":"Feature","properties":{"fclass":"restaurant","name":"Seaview"},"geometry":{"type":"Point","coordinates":[79.8410983,7.2324926]}},
{"type":"Feature","properties":{"fclass":"beverages","name":null},"geometry":{"type":"Point","coordinates":[79.8412038,7.2319746]}},
{"type":"Feature","properties":{"fclass":"restaurant","name":"Echo Italian Restaurant"},"geometry":{"type":"Point","coordinates":[79.8477491,6.9181902]}},
{"type":"Feature","properties":{"fclass":"cafe","name":"FAB"},"geometry":{"type":"Point","coordinates":[79.9307468,6.8449181]}},
{"type":"Feature","properties":{"fclass":"bakery","name":"Reliance Confactionary"},"geometry":{"type":"Point","coordinates":[80.1551942,6.9402768]}},
{"type":"Feature","properties":{"fclass":"bakery","name":"Perigrine"},"geometry":{"type":"Point","coordinates":[79.9599484,6.8803639]}},
{"type":"Feature","properties":{"fclass":"cafe","name":"UCSC Canteen"},"geometry":{"type":"Point","coordinates":[79.8618695,6.9022636]}},
{"type":"Feature","properties":{"fclass":"restaurant","name":"Food Waves"},"geometry":{"type":"Point","coordinates":[79.8895561,6.8788306]}},
{"type":"Feature","properties":{"fclass":"restaurant","name":null},"geometry":{"type":"Point","coordinates":[79.8906468,6.9325695]}},
{"type":"Feature","properties":{"fclass":"restaurant","name":"Perera & Sons"},"geometry":{"type":"Point","coordinates":[79.9720984,6.9148035]}},
{"type":"Feature","properties":{"fclass":"cafe","name":"Bread Talk"},"geometry":{"type":"Point","coordinates":[79.8646097,6.9180439]}},
{"type":"Feature","properties":{"fclass":"restaurant","name":"Son Restaurant"},"geometry":{"type":"Point","coordinates":[79.9222482,7.0315012]}},
{"type":"Feature","properties":{"fclass":"fast_food","name":"KFC"},"geometry":{"type":"Point","coordinates":[79.967283,6.8401641]}},
{"type":"Feature","properties":{"fclass":"restaurant","name":"Hiruni Take-Away"},"geometry":{"type":"Point","coordinates":[79.8989546,6.8751219]}},
{"type":"Feature","properties":{"fclass":"restaurant","name":"Pasta Hut"},"geometry":{"type":"Point","coordinates":[79.8992393,6.8754928]}},
{"type":"Feature","properties":{"fclass":"bakery","name":"Royal Bakery"},"geometry":{"type":"Point","coordinates":[79.9365686,6.9563728]}},
{"type":"Feature","properties":{"fclass":"cafe","name":"Little Lion Franchise"},"geometry":{"type":"Point","coordinates":[80.0315545,6.851313]}},
{"type":"Feature","properties":{"fclass":"cafe","name":"Pasco"},"geometry":{"type":"Point","coordinates":[80.0409338,6.852813]}},
{"type":"Feature","properties":{"fclass":"cafe","name":"Perera & Sons"},"geometry":{"type":"Point","coordinates":[79.8744556,6.87877]}},
{"type":"Feature","properties":{"fclass":"restaurant","name":"LaaBeach Restaurant"},"geometry":{"type":"Point","coordinates":[79.8772359,6.7809097]}},
{"type":"Feature","properties":{"fclass":"restaurant","name":"Sappid"},"geometry":{"type":"Point","coordinates":[79.9013859,6.8751097]}},
{"type":"Feature","properties":{"fclass":"restaurant","name":"Se-Ar Restaurant"},"geometry":{"type":"Point","coordinates":[79.8998789,6.8795308]}},
{"type":"Feature","properties":{"fclass":"restaurant","name":"Boardwalk"},"geometry":{"type":"Point","coordinates":[79.9098334,6.9043696]}},
{"type":"Feature","properties":{"fclass":"restaurant","name":"Passat"},"geometry":{"type":"Point","coordinates":[79.9323125,6.654802]}},
{"type":"Feature","properties":{"fclass":"restaurant","name":"Rybachiy"},"geometry":{"type":"Point","coordinates":[79.9325762,6.6544235]}},
{"type":"Feature","properties":{"fclass":"restaurant","name":"Oasis Beach"},"geometry":{"type":"Point","coordinates":[79.94711,6.6114014]}},
{"type":"Feature","properties":{"fclass":"restaurant","name":"Paradise"},"geometry":{"type":"Point","coordinates":[79.9468009,6.6125218]}},
{"type":"Feature","properties":{"fclass":"restaurant","name":"Sea shell"},"geometry":{"type":"Point","coordinates":[79.9512108,6.6081646]}},
{"type":"Feature","properties":{"fclass":"bakery","name":"Manel Bakers"},"geometry":{"type":"Point","coordinates":[79.9188529,6.853615]}},
{"type":"Feature","properties":{"fclass":"cafe","name":"Daddy's"},"geometry":{"type":"Point","coordinates":[79.9296177,6.8457404]}},
{"type":"Feature","properties":{"fclass":"fast_food","name":"Domino's"},"geometry":{"type":"Point","coordinates":[79.9307175,6.8448084]}},
{"type":"Feature","properties":{"fclass":"restaurant","name":"Draggon Family Restaurant"},"geometry":{"type":"Point","coordinates":[79.9137413,6.6958083]}},
{"type":"Feature","properties":{"fclass":"bakery","name":"Perera & Sons"},"geometry":{"type":"Point","coordinates":[79.8649972,6.8870695]}},
{"type":"Feature","properties":{"fclass":"restaurant","name":"Fresh Lobster"},"geometry":{"type":"Point","coordinates":[79.9617333,6.5646519]}},
{"type":"Feature","properties":{"fclass":"restaurant","name":"Nirmala"},"geometry":{"type":"Point","coordinates":[79.9319622,6.6644723]}},
{"type":"Feature","properties":{"fclass":"bakery","name":"Indika Bakers"},"geometry":{"type":"Point","coordinates":[79.916684,6.8470604]}},
{"type":"Feature","properties":{"fclass":"food_court","name":null},"geometry":{"type":"Point","coordinates":[80.0003641,6.4320814]}},
{"type":"Feature","properties":{"fclass":"fast_food","name":"KFC"},"geometry":{"type":"Point","coordinates":[79.8633475,6.9053673]}},
{"type":"Feature","properties":{"fclass":"bakery","name":"Susiko"},"geometry":{"type":"Point","coordinates":[80.001516,6.8411955]}},
{"type":"Feature","properties":{"fclass":"restaurant","name":"Dilaj"},"geometry":{"type":"Point","coordinates":[80.0007419,6.8409416]}},
{"type":"Feature","properties":{"fclass":"cafe","name":"Nilanthi Bakers"},"geometry":{"type":"Point","coordinates":[79.908022,6.8569184]}},
{"type":"Feature","properties":{"fclass":"restaurant","name":"Ganga Garden"},"geometry":{"type":"Point","coordinates":[79.9940033,6.4375135]}},
{"type":"Feature","properties":{"fclass":"bakery","name":"Perera & Sons"},"geometry":{"type":"Point","coordinates":[80.0330991,7.0854552]}},
{"type":"Feature","properties":{"fclass":"restaurant","name":"Makrin Colombo"},"geometry":{"type":"Point","coordinates":[79.8483186,6.9340158]}},
{"type":"Feature","properties":{"fclass":"restaurant","name":null},"geometry":{"type":"Point","coordinates":[79.9934594,7.0925972]}},
{"type":"Feature","properties":{"fclass":"bakery","name":"PSK Bakery"},"geometry":{"type":"Point","coordinates":[79.9592841,6.8669432]}},
{"type":"Feature","properties":{"fclass":"restaurant","name":"Pizza Hut"},"geometry":{"type":"Point","coordinates":[79.9226759,6.9746359]}},
{"type":"Feature","properties":{"fclass":"cafe","name":"Namaluwa"},"geometry":{"type":"Point","coordinates":[80.0428807,6.9696653]}},
{"type":"Feature","properties":{"fclass":"restaurant","name":"Sugar Bistro & Wine Bar"},"geometry":{"type":"Point","coordinates":[79.8481163,6.9171294]}},
{"type":"Feature","properties":{"fclass":"cafe","name":"ANS BOOK SHOP"},"geometry":{"type":"Point","coordinates":[79.9079444,6.8421215]}},
{"type":"Feature","properties":{"fclass":"restaurant","name":"RnR"},"geometry":{"type":"Point","coordinates":[79.8629943,6.9049351]}},
{"type":"Feature","properties":{"fclass":"restaurant","name":"Tsing Tao"},"geometry":{"type":"Point","coordinates":[79.8631483,6.9052287]}},
{"type":"Feature","properties":{"fclass":"cafe","name":"The Ocean Front"},"geometry":{"type":"Point","coordinates":[79.8491989,6.9083776]}},
{"type":"Feature","properties":{"fclass":"fast_food","name":"Burger King"},"geometry":{"type":"Point","coordinates":[79.8506787,6.9089427]}},
{"type":"Feature","properties":{"fclass":"beverages","name":"Malabe Wine Store"},"geometry":{"type":"Point","coordinates":[79.9540745,6.9041951]}},
{"type":"Feature","properties":{"fclass":"restaurant","name":"Gammane"},"geometry":{"type":"Point","coordinates":[79.9753111,6.8395802]}},
{"type":"Feature","properties":{"fclass":"restaurant","name":"Taste Of Asia"},"geometry":{"type":"Point","coordinates":[79.8592573,6.8809019]}},
{"type":"Feature","properties":{"fclass":"restaurant","name":"Manhattan Fish Marcket"},"geometry":{"type":"Point","coordinates":[79.8984464,6.9087286]}},
{"type":"Feature","properties":{"fclass":"restaurant","name":"Pizza Hut"},"geometry":{"type":"Point","coordinates":[79.8983123,6.9087925]}},
{"type":"Feature","properties":{"fclass":"restaurant","name":"Korean Barbecue KBQ"},"geometry":{"type":"Point","coordinates":[79.8976659,6.9091717]}},
{"type":"Feature","properties":{"fclass":"restaurant","name":"Lords"},"geometry":{"type":"Point","coordinates":[79.8420934,7.2413102]}},
{"type":"Feature","properties":{"fclass":"restaurant","name":"Dolce Vita"},"geometry":{"type":"Point","coordinates":[79.8416465,7.239711]}},
{"type":"Feature","properties":{"fclass":"restaurant","name":"Wavezz"},"geometry":{"type":"Point","coordinates":[79.8419108,7.2388479]}},
{"type":"Feature","properties":{"fclass":"restaurant","name":"Tusker"},"geometry":{"type":"Point","coordinates":[79.8415316,7.2359019]}},
{"type":"Feature","properties":{"fclass":"restaurant","name":"Prego Italian"},"geometry":{"type":"Point","coordinates":[79.8414526,7.2356896]}},
{"type":"Feature","properties":{"fclass":"restaurant","name":"Ruwini Restaurant"},"geometry":{"type":"Point","coordinates":[79.8411268,7.2289782]}},
{"type":"Feature","properties":{"fclass":"bakery","name":null},"geometry":{"type":"Point","coordinates":[79.9553464,6.9031488]}},
{"type":"Feature","properties":{"fclass":"cafe","name":"Cafeteria"},"geometry":{"type":"Point","coordinates":[79.930086,7.027625]}},
{"type":"Feature","properties":{"fclass":"fast_food","name":"Domino's"},"geometry":{"type":"Point","coordinates":[79.8633713,6.9179118]}},
{"type":"Feature","properties":{"fclass":"cafe","name":null},"geometry":{"type":"Point","coordinates":[79.876032,6.9115889]}},
{"type":"Feature","properties":{"fclass":"cafe","name":"Kalbo Bakers"},"geometry":{"type":"Point","coordinates":[79.9266104,6.8665915]}},
{"type":"Feature","properties":{"fclass":"cafe","name":"Perera & Sons"},"geometry":{"type":"Point","coordinates":[79.9259946,6.8687998]}},
{"type":"Feature","properties":{"fclass":"restaurant","name":"Havi"},"geometry":{"type":"Point","coordinates":[79.9192969,6.8792323]}},
{"type":"Feature","properties":{"fclass":"restaurant","name":"Makrin"},"geometry":{"type":"Point","coordinates":[79.9244575,6.8781192]}},
{"type":"Feature","properties":{"fclass":"fast_food","name":"Subway"},"geometry":{"type":"Point","coordinates":[79.853871,6.9051253]}},
{"type":"Feature","properties":{"fclass":"restaurant","name":"Little Bridge"},"geometry":{"type":"Point","coordinates":[79.9130377,6.902873]}},
{"type":"Feature","properties":{"fclass":"cafe","name":"Perera & Sons"},"geometry":{"type":"Point","coordinates":[79.8868768,6.9111071]}},
{"type":"Feature","properties":{"fclass":"fast_food","name":"Pizza No.1"},"geometry":{"type":"Point","coordinates":[79.9995724,6.4294284]}},
{"type":"Feature","properties":{"fclass":"fast_food","name":null},"geometry":{"type":"Point","coordinates":[79.910745,6.9039371]}},
{"type":"Feature","properties":{"fclass":"cafe","name":null},"geometry":{"type":"Point","coordinates":[79.910745,6.904009]}},
{"type":"Feature","properties":{"fclass":"restaurant","name":null},"geometry":{"type":"Point","coordinates":[79.910742,6.9040812]}},
{"type":"Feature","properties":{"fclass":"restaurant","name":"Ruhunu Foods"},"geometry":{"type":"Point","coordinates":[79.9197977,6.8519423]}},
{"type":"Feature","properties":{"fclass":"restaurant","name":"Perera & Sons"},"geometry":{"type":"Point","coordinates":[79.9132214,6.9230998]}},
{"type":"Feature","properties":{"fclass":"restaurant","name":"Kalbo Pastry Shop"},"geometry":{"type":"Point","coordinates":[79.9275203,6.8536541]}},
{"type":"Feature","properties":{"fclass":"cafe","name":"Mangala Cafe"},"geometry":{"type":"Point","coordinates":[79.9283451,6.8517847]}},
{"type":"Feature","properties":{"fclass":"restaurant","name":"Ruhunu Foods"},"geometry":{"type":"Point","coordinates":[79.8467864,6.9359837]}},
{"type":"Feature","properties":{"fclass":"cafe","name":"Kolakada Shop"},"geometry":{"type":"Point","coordinates":[79.9278088,6.8533259]}},
{"type":"Feature","properties":{"fclass":"restaurant","name":"Local food Centre"},"geometry":{"type":"Point","coordinates":[79.9268617,6.847542]}},
{"type":"Feature","properties":{"fclass":"restaurant","name":"Barracuda Sea Food & Grill"},"geometry":{"type":"Point","coordinates":[79.8598864,6.8615619]}},
{"type":"Feature","properties":{"fclass":"restaurant","name":"The Coast Ocean Cuisine"},"geometry":{"type":"Point","coordinates":[79.8599294,6.8612773]}},
{"type":"Feature","properties":{"fclass":"restaurant","name":"Kurumba"},"geometry":{"type":"Point","coordinates":[79.8600324,6.8604208]}},
{"type":"Feature","properties":{"fclass":"restaurant","name":"Moon Nest Beach Wadi"},"geometry":{"type":"Point","coordinates":[79.8601933,6.8589987]}},
{"type":"Feature","properties":{"fclass":"restaurant","name":"Babi's Tent"},"geometry":{"type":"Point","coordinates":[79.8602316,6.8588668]}},
{"type":"Feature","properties":{"fclass":"restaurant","name":"Sun Set"},"geometry":{"type":"Point","coordinates":[79.8603739,6.8581685]}},
{"type":"Feature","properties":{"fclass":"restaurant","name":"Beach House Bristo"},"geometry":{"type":"Point","coordinates":[79.8609024,6.8555449]}},
{"type":"Feature","properties":{"fclass":"restaurant","name":"Lani's Place"},"geometry":{"type":"Point","coordinates":[79.8609146,6.8548183]}},
{"type":"Feature","properties":{"fclass":"restaurant","name":"Waves"},"geometry":{"type":"Point","coordinates":[79.8612398,6.8541806]}},
{"type":"Feature","properties":{"fclass":"restaurant","name":"Anura's Place"},"geometry":{"type":"Point","coordinates":[79.8614268,6.8528082]}},
{"type":"Feature","properties":{"fclass":"fast_food","name":"Domino's"},"geometry":{"type":"Point","coordinates":[79.8654974,6.854167]}},
{"type":"Feature","properties":{"fclass":"fast_food","name":"Saravana Bawan"},"geometry":{"type":"Point","coordinates":[79.8658407,6.853661]}},
{"type":"Feature","properties":{"fclass":"bakery","name":"New Broadway Bakers"},"geometry":{"type":"Point","coordinates":[79.8657312,6.8512161]}},
{"type":"Feature","properties":{"fclass":"cafe","name":"Perera & Sons"},"geometry":{"type":"Point","coordinates":[79.8642107,6.8601669]}},
{"type":"Feature","properties":{"fclass":"cafe","name":"The Chariot"},"geometry":{"type":"Point","coordinates":[79.8645869,6.8584589]}},
{"type":"Feature","properties":{"fclass":"restaurant","name":"Test Food"},"geometry":{"type":"Point","coordinates":[79.8700917,6.888957]}},
{"type":"Feature","properties":{"fclass":"restaurant","name":"Namaste Indian Restaurant"},"geometry":{"type":"Point","coordinates":[79.8972043,6.8649647]}},
{"type":"Feature","properties":{"fclass":"bakery","name":"Freshway Bakers"},"geometry":{"type":"Point","coordinates":[80.1926564,6.9352591]}},
{"type":"Feature","properties":{"fclass":"bakery","name":"Weerasiri Bakers"},"geometry":{"type":"Point","coordinates":[80.1936768,6.9363833]}},
{"type":"Feature","properties":{"fclass":"bakery","name":"Cream House"},"geometry":{"type":"Point","coordinates":[79.9303428,6.6639467]}},
{"type":"Feature","properties":{"fclass":"restaurant","name":"PT Country House"},"geometry":{"type":"Point","coordinates":[79.9907893,6.9481012]}},
{"type":"Feature","properties":{"fclass":"restaurant","name":"Kandila"},"geometry":{"type":"Point","coordinates":[80.0023604,6.9711797]}},
{"type":"Feature","properties":{"fclass":"cafe","name":"Chill Hut"},"geometry":{"type":"Point","coordinates":[79.9720782,6.9137857]}},
{"type":"Feature","properties":{"fclass":"cafe","name":"Kaju Milk Bar"},"geometry":{"type":"Point","coordinates":[79.9720634,6.9127249]}},
{"type":"Feature","properties":{"fclass":"cafe","name":"Madam Sanola Milk Bar"},"geometry":{"type":"Point","coordinates":[79.9720862,6.9139829]}},
{"type":"Feature","properties":{"fclass":"cafe","name":"Highland MilkBar"},"geometry":{"type":"Point","coordinates":[79.97214,6.9150084]}},
{"type":"Feature","properties":{"fclass":"beverages","name":"Kadawath wine stores"},"geometry":{"type":"Point","coordinates":[79.9509362,7.001975]}},
{"type":"Feature","properties":{"fclass":"restaurant","name":"Kirula Cafe"},"geometry":{"type":"Point","coordinates":[79.8739627,6.8790937]}},
{"type":"Feature","properties":{"fclass":"bakery","name":"Rathnayaka Bakery"},"geometry":{"type":"Point","coordinates":[79.9709045,6.9180112]}},
{"type":"Feature","properties":{"fclass":"restaurant","name":"Pizza Hut"},"geometry":{"type":"Point","coordinates":[79.8482164,6.9169034]}},
{"type":"Feature","properties":{"fclass":"restaurant","name":"Amirthaa Pure Vegetarian"},"geometry":{"type":"Point","coordinates":[79.858024,6.884842]}},
{"type":"Feature","properties":{"fclass":"bakery","name":"Indra Bakery"},"geometry":{"type":"Point","coordinates":[80.0174792,6.9250652]}},
{"type":"Feature","properties":{"fclass":"food_court","name":"Rasa Piyasa"},"geometry":{"type":"Point","coordinates":[80.0087172,6.9228682]}},
{"type":"Feature","properties":{"fclass":"food_court","name":"KDK bakers"},"geometry":{"type":"Point","coordinates":[80.0155082,6.9585933]}},
{"type":"Feature","properties":{"fclass":"cafe","name":"Sunethra Hotel"},"geometry":{"type":"Point","coordinates":[79.9019608,6.8412447]}},
{"type":"Feature","properties":{"fclass":"fast_food","name":"Burger King"},"geometry":{"type":"Point","coordinates":[79.904927,6.9053546]}},
{"type":"Feature","properties":{"fclass":"restaurant","name":"aasife"},"geometry":{"type":"Point","coordinates":[79.9047314,6.9056445]}},
{"type":"Feature","properties":{"fclass":"cafe","name":"Bread Talk"},"geometry":{"type":"Point","coordinates":[79.8978619,6.9086934]}},
{"type":"Feature","properties":{"fclass":"cafe","name":"Storm Cafeteria"},"geometry":{"type":"Point","coordinates":[79.960856,6.9158524]}},
{"type":"Feature","properties":{"fclass":"cafe","name":"BREAD TALK"},"geometry":{"type":"Point","coordinates":[79.8900917,6.8690285]}},
{"type":"Feature","properties":{"fclass":"cafe","name":"Green Cabin"},"geometry":{"type":"Point","coordinates":[79.8949449,6.8602961]}},
{"type":"Feature","properties":{"fclass":"restaurant","name":"Jettlers"},"geometry":{"type":"Point","coordinates":[79.9743722,6.9191964]}},
{"type":"Feature","properties":{"fclass":"beverages","name":"Koswatte Wine Stores"},"geometry":{"type":"Point","coordinates":[79.9295603,6.908153]}},
{"type":"Feature","properties":{"fclass":"bakery","name":"Local Paan Kade"},"geometry":{"type":"Point","coordinates":[79.9706074,6.9160234]}},
{"type":"Feature","properties":{"fclass":"bakery","name":"Paan Kade"},"geometry":{"type":"Point","coordinates":[79.9721028,6.9159035]}},
{"type":"Feature","properties":{"fclass":"beverages","name":"Gothatuwa Wine Stores"},"geometry":{"type":"Point","coordinates":[79.9158542,6.9208487]}},
{"type":"Feature","properties":{"fclass":"restaurant","name":"Master Wok"},"geometry":{"type":"Point","coordinates":[79.9214251,6.8033794]}},
{"type":"Feature","properties":{"fclass":"restaurant","name":"Little Lion"},"geometry":{"type":"Point","coordinates":[79.9223371,6.802077]}},
{"type":"Feature","properties":{"fclass":"cafe","name":"Testa Bake House"},"geometry":{"type":"Point","coordinates":[79.8544004,6.9332571]}},
{"type":"Feature","properties":{"fclass":"restaurant","name":"Family Restaurant"},"geometry":{"type":"Point","coordinates":[79.8404615,7.2248815]}},
{"type":"Feature","properties":{"fclass":"restaurant","name":"Eat Rite"},"geometry":{"type":"Point","coordinates":[79.8669653,6.9309373]}},
{"type":"Feature","properties":{"fclass":"restaurant","name":"Pizza Hut"},"geometry":{"type":"Point","coordinates":[79.9194031,6.9361303]}},
{"type":"Feature","properties":{"fclass":"restaurant","name":"Rasa Bojun"},"geometry":{"type":"Point","coordinates":[79.860327,6.895641]}},
{"type":"Feature","properties":{"fclass":"restaurant","name":"TGI Fridays"},"geometry":{"type":"Point","coordinates":[79.8439568,6.9334564]}},
{"type":"Feature","properties":{"fclass":"bakery","name":"BreadTalk"},"geometry":{"type":"Point","coordinates":[79.8589635,6.9171425]}},
{"type":"Feature","properties":{"fclass":"cafe","name":"Daddy's"},"geometry":{"type":"Point","coordinates":[79.9186885,6.8521732]}},
{"type":"Feature","properties":{"fclass":"restaurant","name":"Blue Sky"},"geometry":{"type":"Point","coordinates":[79.9269236,6.8470305]}},
{"type":"Feature","properties":{"fclass":"cafe","name":"Daddy's"},"geometry":{"type":"Point","coordinates":[79.9273078,6.847712]}},
{"type":"Feature","properties":{"fclass":"fast_food","name":"Pizza Hut"},"geometry":{"type":"Point","coordinates":[80.0307942,7.0835769]}},
{"type":"Feature","properties":{"fclass":"bakery","name":"Nayomis"},"geometry":{"type":"Point","coordinates":[79.8613516,7.220932]}},
{"type":"Feature","properties":{"fclass":"restaurant","name":"Peach Valley Chinese Restaurant"},"geometry":{"type":"Point","coordinates":[79.8574064,6.9097592]}},
{"type":"Feature","properties":{"fclass":"restaurant","name":"House of Biriyani"},"geometry":{"type":"Point","coordinates":[79.8746291,6.8634708]}},
{"type":"Feature","properties":{"fclass":"restaurant","name":"Curry Dish"},"geometry":{"type":"Point","coordinates":[79.8901635,6.8693114]}},
{"type":"Feature","properties":{"fclass":"restaurant","name":"City Foods"},"geometry":{"type":"Point","coordinates":[79.9008741,6.8761466]}},
{"type":"Feature","properties":{"fclass":"restaurant","name":"Kesel Kole"},"geometry":{"type":"Point","coordinates":[79.8945302,6.8791512]}},
{"type":"Feature","properties":{"fclass":"cafe","name":"Remarko Bakers"},"geometry":{"type":"Point","coordinates":[80.0018607,6.9722116]}},
{"type":"Feature","properties":{"fclass":"fast_food","name":"Namaluwa Food Center"},"geometry":{"type":"Point","coordinates":[80.0138395,6.9876098]}},
{"type":"Feature","properties":{"fclass":"cafe","name":"Himali Juice Centre"},"geometry":{"type":"Point","coordinates":[80.0629362,6.7170466]}},
{"type":"Feature","properties":{"fclass":"restaurant","name":"Madura reception hall"},"geometry":{"type":"Point","coordinates":[80.074441,6.720924]}},
{"type":"Feature","properties":{"fclass":"fast_food","name":"Quality Food Center (QFC)"},"geometry":{"type":"Point","coordinates":[80.074073,6.720847]}},
{"type":"Feature","properties":{"fclass":"fast_food","name":"KFC"},"geometry":{"type":"Point","coordinates":[79.8900353,6.9867619]}},
{"type":"Feature","properties":{"fclass":"restaurant","name":"Savannah Restaurant and Bar, Wattala"},"geometry":{"type":"Point","coordinates":[79.8910062,6.9884738]}},
{"type":"Feature","properties":{"fclass":"restaurant","name":"Chinese Dragon Cafe, Wattala"},"geometry":{"type":"Point","coordinates":[79.8956448,6.9946833]}},
{"type":"Feature","properties":{"fclass":"cafe","name":"Remarko Bakers"},"geometry":{"type":"Point","coordinates":[79.9529056,6.9753802]}},
{"type":"Feature","properties":{"fclass":"restaurant","name":"Dominos Pizza, Wattala."},"geometry":{"type":"Point","coordinates":[79.8881804,6.9832455]}},
{"type":"Feature","properties":{"fclass":"restaurant","name":"Fat Mamas"},"geometry":{"type":"Point","coordinates":[80.0556764,6.7201113]}},
{"type":"Feature","properties":{"fclass":"restaurant","name":"Ominra Family Restaurant"},"geometry":{"type":"Point","coordinates":[80.0251279,7.0149464]}},
{"type":"Feature","properties":{"fclass":"bakery","name":"Weerasiri Bake House & Stores"},"geometry":{"type":"Point","coordinates":[80.0347133,7.0869032]}},
{"type":"Feature","properties":{"fclass":"restaurant","name":"Perera & Sons"},"geometry":{"type":"Point","coordinates":[79.9010492,6.8751807]}},
{"type":"Feature","properties":{"fclass":"restaurant","name":"Ananda Bhavan"},"geometry":{"type":"Point","coordinates":[79.8636861,6.8909286]}},
{"type":"Feature","properties":{"fclass":"restaurant","name":"Moon River Chinese Sea Food Restaurant"},"geometry":{"type":"Point","coordinates":[79.8678798,6.8913389]}},
{"type":"Feature","properties":{"fclass":"restaurant","name":"Sensaal"},"geometry":{"type":"Point","coordinates":[79.8651646,6.8862565]}},
{"type":"Feature","properties":{"fclass":"restaurant","name":null},"geometry":{"type":"Point","coordinates":[79.8583996,6.9052985]}},
{"type":"Feature","properties":{"fclass":"fast_food","name":null},"geometry":{"type":"Point","coordinates":[79.8848916,6.7851423]}},
{"type":"Feature","properties":{"fclass":"restaurant","name":"Perera & Sons"},"geometry":{"type":"Point","coordinates":[80.0806044,6.8543193]}},
{"type":"Feature","properties":{"fclass":"restaurant","name":"The Flag & Whistle"},"geometry":{"type":"Point","coordinates":[79.8587425,6.9524819]}},
{"type":"Feature","properties":{"fclass":"restaurant","name":"Kingsland Hotel & restaurant"},"geometry":{"type":"Point","coordinates":[80.0903364,6.8583428]}},
{"type":"Feature","properties":{"fclass":"restaurant","name":"Avishka"},"geometry":{"type":"Point","coordinates":[79.9370052,6.8745933]}},
{"type":"Feature","properties":{"fclass":"restaurant","name":"7-Eleven"},"geometry":{"type":"Point","coordinates":[79.9340758,6.8747419]}},
{"type":"Feature","properties":{"fclass":"restaurant","name":"Zizygy family"},"geometry":{"type":"Point","coordinates":[80.057532,6.718964]}},
{"type":"Feature","properties":{"fclass":"restaurant","name":"Shanghai Terrace"},"geometry":{"type":"Point","coordinates":[79.9058925,6.8986837]}},
{"type":"Feature","properties":{"fclass":"restaurant","name":"Kushmi Food Centre"},"geometry":{"type":"Point","coordinates":[79.9045541,6.8930771]}},
{"type":"Feature","properties":{"fclass":"cafe","name":"Asiri Hotel"},"geometry":{"type":"Point","coordinates":[79.9922447,6.8467031]}},
{"type":"Feature","properties":{"fclass":"restaurant","name":"Janajaya Stores"},"geometry":{"type":"Point","coordinates":[79.9924485,6.8466765]}},
{"type":"Feature","properties":{"fclass":"restaurant","name":"Senthoor Lodge Pure Vegetarian"},"geometry":{"type":"Point","coordinates":[79.8763335,6.8923293]}},
{"type":"Feature","properties":{"fclass":"restaurant","name":"Family Super"},"geometry":{"type":"Point","coordinates":[79.9074018,6.7226664]}},
{"type":"Feature","properties":{"fclass":"fast_food","name":"Burger's King"},"geometry":{"type":"Point","coordinates":[79.8507689,6.9239571]}},
{"type":"Feature","properties":{"fclass":"restaurant","name":"kami Maki"},"geometry":{"type":"Point","coordinates":[79.8578477,6.8919477]}},
{"type":"Feature","properties":{"fclass":"fast_food","name":"Alumka Caterers"},"geometry":{"type":"Point","coordinates":[79.9352884,6.8777385]}},
{"type":"Feature","properties":{"fclass":"restaurant","name":null},"geometry":{"type":"Point","coordinates":[79.8701142,6.9316636]}},
{"type":"Feature","properties":{"fclass":"restaurant","name":"Hansa Rest"},"geometry":{"type":"Point","coordinates":[80.0682817,6.7011205]}},
{"type":"Feature","properties":{"fclass":"restaurant","name":"Nature Lovers Inn"},"geometry":{"type":"Point","coordinates":[80.1291294,6.7047017]}},
{"type":"Feature","properties":{"fclass":"cafe","name":"Rama's Tea House"},"geometry":{"type":"Point","coordinates":[79.9051183,6.9051774]}},
{"type":"Feature","properties":{"fclass":"restaurant","name":null},"geometry":{"type":"Point","coordinates":[79.9288419,6.8908652]}},
{"type":"Feature","properties":{"fclass":"cafe","name":"Eat Rite"},"geometry":{"type":"Point","coordinates":[79.9266498,6.8909539]}},
{"type":"Feature","properties":{"fclass":"beverages","name":"New Asha Wine Mart"},"geometry":{"type":"Point","coordinates":[79.8801162,6.9139948]}},
{"type":"Feature","properties":{"fclass":"restaurant","name":"Pizza Hut"},"geometry":{"type":"Point","coordinates":[79.8847406,6.7852538]}},
{"type":"Feature","properties":{"fclass":"fast_food","name":"Perera & Sons"},"geometry":{"type":"Point","coordinates":[79.9335089,6.9072851]}},
{"type":"Feature","properties":{"fclass":"restaurant","name":"Tissera Food Centre"},"geometry":{"type":"Point","coordinates":[79.9029962,7.0665015]}},
{"type":"Feature","properties":{"fclass":"cafe","name":"Lush deli cafe"},"geometry":{"type":"Point","coordinates":[79.9360994,6.907981]}},
{"type":"Feature","properties":{"fclass":"restaurant","name":"Niro"},"geometry":{"type":"Point","coordinates":[79.9359516,6.9081937]}},
{"type":"Feature","properties":{"fclass":"beverages","name":"Ivonka wine stores"},"geometry":{"type":"Point","coordinates":[79.8742372,6.8788551]}},
{"type":"Feature","properties":{"fclass":"beverages","name":"Victoria wine stores"},"geometry":{"type":"Point","coordinates":[79.8745103,6.8788399]}},
{"type":"Feature","properties":{"fclass":"cafe","name":"Good Market"},"geometry":{"type":"Point","coordinates":[79.8631139,6.9057401]}},
{"type":"Feature","properties":{"fclass":"cafe","name":"Sri Lankan Tea Moments"},"geometry":{"type":"Point","coordinates":[79.863385,6.9054804]}},
{"type":"Feature","properties":{"fclass":"cafe","name":"Tea Breeze"},"geometry":{"type":"Point","coordinates":[79.8637225,6.9057873]}},
{"type":"Feature","properties":{"fclass":"cafe","name":"Barista"},"geometry":{"type":"Point","coordinates":[79.8437291,6.9325027]}},
{"type":"Feature","properties":{"fclass":"fast_food","name":"KFC"},"geometry":{"type":"Point","coordinates":[79.8434873,6.934128]}},
{"type":"Feature","properties":{"fclass":"cafe","name":"Site Walk Cafe"},"geometry":{"type":"Point","coordinates":[79.8441539,6.9333976]}},
{"type":"Feature","properties":{"fclass":"restaurant","name":"The Steuart"},"geometry":{"type":"Point","coordinates":[79.8433155,6.9341343]}},
{"type":"Feature","properties":{"fclass":"cafe","name":"HarposColombo Fort Cafe"},"geometry":{"type":"Point","coordinates":[79.8434348,6.9336675]}},
{"type":"Feature","properties":{"fclass":"cafe","name":"Heladiv Tea Club"},"geometry":{"type":"Point","coordinates":[79.8436079,6.9336455]}},
{"type":"Feature","properties":{"fclass":"restaurant","name":"Iko Tei"},"geometry":{"type":"Point","coordinates":[79.8435862,6.9334557]}},
{"type":"Feature","properties":{"fclass":"bakery","name":"Mallika Bakers (Pvt) Ltd"},"geometry":{"type":"Point","coordinates":[79.8886972,6.7987426]}},
{"type":"Feature","properties":{"fclass":"beverages","name":null},"geometry":{"type":"Point","coordinates":[79.888708,6.7985456]}},
{"type":"Feature","properties":{"fclass":"food_court","name":"Grand Pila"},"geometry":{"type":"Point","coordinates":[79.8562116,6.8917888]}},
{"type":"Feature","properties":{"fclass":"restaurant","name":"Don's Deli"},"geometry":{"type":"Point","coordinates":[79.8539634,6.8909917]}},
{"type":"Feature","properties":{"fclass":"bakery","name":"Don's Deli"},"geometry":{"type":"Point","coordinates":[79.8539634,6.8909917]}},
{"type":"Feature","properties":{"fclass":"restaurant","name":"The Fat Crab"},"geometry":{"type":"Point","coordinates":[79.8540141,6.8909906]}},
{"type":"Feature","properties":{"fclass":"restaurant","name":"The Noodle Monkey"},"geometry":{"type":"Point","coordinates":[79.8539554,6.8909379]}},
{"type":"Feature","properties":{"fclass":"cafe","name":"Laksala Museum Gallery Café"},"geometry":{"type":"Point","coordinates":[79.8619558,6.9106305]}},
{"type":"Feature","properties":{"fclass":"fast_food","name":"Burger King"},"geometry":{"type":"Point","coordinates":[79.8454748,7.2132842]}},
{"type":"Feature","properties":{"fclass":"fast_food","name":null},"geometry":{"type":"Point","coordinates":[80.0987332,6.7298512]}},
{"type":"Feature","properties":{"fclass":"beverages","name":"J N Mirada"},"geometry":{"type":"Point","coordinates":[79.8628071,6.9179078]}},
{"type":"Feature","properties":{"fclass":"restaurant","name":"Kaema Sutra"},"geometry":{"type":"Point","coordinates":[79.8689551,6.90285]}},
{"type":"Feature","properties":{"fclass":"restaurant","name":null},"geometry":{"type":"Point","coordinates":[79.8641368,6.9260489]}},
{"type":"Feature","properties":{"fclass":"restaurant","name":"Green Lobster Family Restaurant"},"geometry":{"type":"Point","coordinates":[79.9224538,6.8505159]}},
{"type":"Feature","properties":{"fclass":"restaurant","name":null},"geometry":{"type":"Point","coordinates":[80.0230854,6.8652519]}},
{"type":"Feature","properties":{"fclass":"restaurant","name":"Amila Hotel"},"geometry":{"type":"Point","coordinates":[80.0233371,6.8649131]}},
{"type":"Feature","properties":{"fclass":"restaurant","name":null},"geometry":{"type":"Point","coordinates":[80.0237157,6.8652002]}},
{"type":"Feature","properties":{"fclass":"restaurant","name":null},"geometry":{"type":"Point","coordinates":[80.0234389,6.8652381]}},
{"type":"Feature","properties":{"fclass":"fast_food","name":null},"geometry":{"type":"Point","coordinates":[80.0231973,6.8650072]}},
{"type":"Feature","properties":{"fclass":"restaurant","name":null},"geometry":{"type":"Point","coordinates":[80.0249593,6.8637509]}},
{"type":"Feature","properties":{"fclass":"fast_food","name":"Burger King"},"geometry":{"type":"Point","coordinates":[79.8908626,6.988316]}},
{"type":"Feature","properties":{"fclass":"restaurant","name":"Hotel olanro"},"geometry":{"type":"Point","coordinates":[79.8445329,7.2265313]}},
{"type":"Feature","properties":{"fclass":"restaurant","name":"Pizza Hut"},"geometry":{"type":"Point","coordinates":[79.9851053,6.8795641]}},
{"type":"Feature","properties":{"fclass":"bakery","name":"Fab"},"geometry":{"type":"Point","coordinates":[79.891359,6.9882652]}},
{"type":"Feature","properties":{"fclass":"restaurant","name":"Athukorala Food Centre"},"geometry":{"type":"Point","coordinates":[80.0758668,6.6942754]}},
{"type":"Feature","properties":{"fclass":"bakery","name":"FAB"},"geometry":{"type":"Point","coordinates":[79.9153295,6.9021605]}},
{"type":"Feature","properties":{"fclass":"restaurant","name":null},"geometry":{"type":"Point","coordinates":[79.9606956,6.9043623]}},
{"type":"Feature","properties":{"fclass":"fast_food","name":"Chinese Fast Food"},"geometry":{"type":"Point","coordinates":[79.9589921,6.9035386]}},
{"type":"Feature","properties":{"fclass":"fast_food","name":"Rama's Tea House"},"geometry":{"type":"Point","coordinates":[79.9052804,6.9049762]}},
{"type":"Feature","properties":{"fclass":"food_court","name":"Cey Nor Sea Fish"},"geometry":{"type":"Point","coordinates":[79.8549654,6.931342]}},
{"type":"Feature","properties":{"fclass":"cafe","name":"Mitzy's"},"geometry":{"type":"Point","coordinates":[79.85744,6.9019364]}},
{"type":"Feature","properties":{"fclass":"restaurant","name":"Zylan Restaurant"},"geometry":{"type":"Point","coordinates":[79.8737577,6.9143529]}},
{"type":"Feature","properties":{"fclass":"restaurant","name":"Chinese Dragon Cafe"},"geometry":{"type":"Point","coordinates":[79.844004,6.9337447]}},
{"type":"Feature","properties":{"fclass":"bakery","name":"Bluebell"},"geometry":{"type":"Point","coordinates":[79.9725545,6.8934357]}},
{"type":"Feature","properties":{"fclass":"restaurant","name":null},"geometry":{"type":"Point","coordinates":[79.97234,6.89328]}},
{"type":"Feature","properties":{"fclass":"fast_food","name":"Monasha"},"geometry":{"type":"Point","coordinates":[79.9722156,6.9154611]}},
{"type":"Feature","properties":{"fclass":"restaurant","name":"Lake Edge Rooftop Fine Dining Restaurant"},"geometry":{"type":"Point","coordinates":[79.9149315,6.8435843]}},
{"type":"Feature","properties":{"fclass":"restaurant","name":"Burgerland Family Restaurant"},"geometry":{"type":"Point","coordinates":[79.9149669,6.8435667]}},
{"type":"Feature","properties":{"fclass":"restaurant","name":"Dinemore"},"geometry":{"type":"Point","coordinates":[79.8891363,6.9854631]}},
{"type":"Feature","properties":{"fclass":"restaurant","name":"Pan Restaurant"},"geometry":{"type":"Point","coordinates":[79.8929237,6.9878677]}},
{"type":"Feature","properties":{"fclass":"restaurant","name":"Pizza Hut"},"geometry":{"type":"Point","coordinates":[80.0770679,6.4687962]}},
{"type":"Feature","properties":{"fclass":"bakery","name":null},"geometry":{"type":"Point","coordinates":[79.8940523,7.0793646]}},
{"type":"Feature","properties":{"fclass":"restaurant","name":"Little hut"},"geometry":{"type":"Point","coordinates":[79.9975323,7.0926948]}},
{"type":"Feature","properties":{"fclass":"cafe","name":"Avanhala by CHC"},"geometry":{"type":"Point","coordinates":[79.9137631,6.854912]}},
{"type":"Feature","properties":{"fclass":"restaurant","name":"Cury Leaf"},"geometry":{"type":"Point","coordinates":[79.8449394,6.9320567]}},
{"type":"Feature","properties":{"fclass":"restaurant","name":"Red Balloon"},"geometry":{"type":"Point","coordinates":[79.9324778,6.844803]}},
{"type":"Feature","properties":{"fclass":"restaurant","name":"Tenderfresh"},"geometry":{"type":"Point","coordinates":[79.8531331,6.9070014]}},
{"type":"Feature","properties":{"fclass":"restaurant","name":"Bars Café"},"geometry":{"type":"Point","coordinates":[79.853212,6.9067293]}},
{"type":"Feature","properties":{"fclass":"restaurant","name":"Eagle sweet house"},"geometry":{"type":"Point","coordinates":[80.1428032,7.0996835]}},
{"type":"Feature","properties":{"fclass":"cafe","name":"Wadula Family restaurant"},"geometry":{"type":"Point","coordinates":[80.1427227,7.1003767]}},
{"type":"Feature","properties":{"fclass":"restaurant","name":"Ranabima Stores"},"geometry":{"type":"Point","coordinates":[80.121211,7.07677]}},
{"type":"Feature","properties":{"fclass":"restaurant","name":"Perera & Sons Bakers"},"geometry":{"type":"Point","coordinates":[80.020127,7.091498]}},
{"type":"Feature","properties":{"fclass":"restaurant","name":"Rasa Bojun"},"geometry":{"type":"Point","coordinates":[79.97283,7.020649]}},
{"type":"Feature","properties":{"fclass":"restaurant","name":"School canteen"},"geometry":{"type":"Point","coordinates":[80.0065895,7.0923798]}},
{"type":"Feature","properties":{"fclass":"restaurant","name":"Milana's Restaurant"},"geometry":{"type":"Point","coordinates":[79.8662464,6.8630467]}},
{"type":"Feature","properties":{"fclass":"restaurant","name":"Little hut"},"geometry":{"type":"Point","coordinates":[80.002261,7.092529]}},
{"type":"Feature","properties":{"fclass":"restaurant","name":"In… on the Green"},"geometry":{"type":"Point","coordinates":[79.8466617,6.9201848]}},
{"type":"Feature","properties":{"fclass":"bakery","name":null},"geometry":{"type":"Point","coordinates":[80.144536,7.0975721]}},
{"type":"Feature","properties":{"fclass":"restaurant","name":null},"geometry":{"type":"Point","coordinates":[79.8412524,7.2331665]}},
{"type":"Feature","properties":{"fclass":"restaurant","name":null},"geometry":{"type":"Point","coordinates":[79.8415167,7.2355357]}},
{"type":"Feature","properties":{"fclass":"cafe","name":"The t-Lounge by Dilmah"},"geometry":{"type":"Point","coordinates":[79.8436359,6.9344618]}},
{"type":"Feature","properties":{"fclass":"cafe","name":null},"geometry":{"type":"Point","coordinates":[80.1808429,6.9353564]}},
{"type":"Feature","properties":{"fclass":"restaurant","name":"Amaya Reception"},"geometry":{"type":"Point","coordinates":[80.0243096,6.4426289]}},
{"type":"Feature","properties":{"fclass":"fast_food","name":"Ben Foods"},"geometry":{"type":"Point","coordinates":[79.8982045,7.0327269]}},
{"type":"Feature","properties":{"fclass":"restaurant","name":"Pier 88"},"geometry":{"type":"Point","coordinates":[80.0008713,6.428221]}},
{"type":"Feature","properties":{"fclass":"fast_food","name":"Perera & Sons"},"geometry":{"type":"Point","coordinates":[79.9223175,7.0281533]}},
{"type":"Feature","properties":{"fclass":"bakery","name":"Perera and Sons"},"geometry":{"type":"Point","coordinates":[79.9050745,6.8943106]}},
{"type":"Feature","properties":{"fclass":"cafe","name":"The Pastry Shop by Klassy"},"geometry":{"type":"Point","coordinates":[79.8931205,6.8984312]}},
{"type":"Feature","properties":{"fclass":"restaurant","name":null},"geometry":{"type":"Point","coordinates":[79.8418792,7.2415758]}},
{"type":"Feature","properties":{"fclass":"restaurant","name":null},"geometry":{"type":"Point","coordinates":[80.143351,7.1002]}},
{"type":"Feature","properties":{"fclass":"bakery","name":null},"geometry":{"type":"Point","coordinates":[80.142359,7.101283]}},
{"type":"Feature","properties":{"fclass":"restaurant","name":null},"geometry":{"type":"Point","coordinates":[80.104808,7.133078]}},
{"type":"Feature","properties":{"fclass":"restaurant","name":"Diyaulpatha Tea Garden Resort"},"geometry":{"type":"Point","coordinates":[80.1296028,6.4713672]}},
{"type":"Feature","properties":{"fclass":"restaurant","name":"ISSO Prwan Crazy"},"geometry":{"type":"Point","coordinates":[79.8663478,6.8929836]}},
{"type":"Feature","properties":{"fclass":"restaurant","name":"Quick Thai"},"geometry":{"type":"Point","coordinates":[79.8667493,6.907979]}},
{"type":"Feature","properties":{"fclass":"restaurant","name":"Acropol Restaurant"},"geometry":{"type":"Point","coordinates":[79.8539245,6.8983333]}},
{"type":"Feature","properties":{"fclass":"restaurant","name":"Big Bite Biriyani"},"geometry":{"type":"Point","coordinates":[79.8991566,6.9082348]}},
{"type":"Feature","properties":{"fclass":"restaurant","name":"Shandong"},"geometry":{"type":"Point","coordinates":[79.8993845,6.9080329]}},
{"type":"Feature","properties":{"fclass":"restaurant","name":"Chinese Dragon Cafe"},"geometry":{"type":"Point","coordinates":[79.899862,6.907756]}},
{"type":"Feature","properties":{"fclass":"bakery","name":"Bread Talk"},"geometry":{"type":"Point","coordinates":[79.8991968,6.9078838]}},
{"type":"Feature","properties":{"fclass":"restaurant","name":"Aahara Wood Fired Kitchen"},"geometry":{"type":"Point","coordinates":[79.8604563,6.8591174]}},
{"type":"Feature","properties":{"fclass":"restaurant","name":"Ruwala Beach park and Restaurant"},"geometry":{"type":"Point","coordinates":[79.8601729,6.8593009]}},
{"type":"Feature","properties":{"fclass":"restaurant","name":"Tinder Lounge"},"geometry":{"type":"Point","coordinates":[79.8600897,6.8594967]}},
{"type":"Feature","properties":{"fclass":"restaurant","name":"Arabian Knights"},"geometry":{"type":"Point","coordinates":[79.852333,6.9043107]}},
{"type":"Feature","properties":{"fclass":"cafe","name":"The Coffee Bean & Tea Leaf"},"geometry":{"type":"Point","coordinates":[79.8515125,6.9114296]}},
{"type":"Feature","properties":{"fclass":"restaurant","name":"Arthur's Pizza"},"geometry":{"type":"Point","coordinates":[79.8668302,6.8417637]}},
{"type":"Feature","properties":{"fclass":"restaurant","name":"Yaal Restaurant"},"geometry":{"type":"Point","coordinates":[79.8586912,6.8697721]}},
{"type":"Feature","properties":{"fclass":"bakery","name":"Sumanadisi Bakers"},"geometry":{"type":"Point","coordinates":[79.8587977,6.8691168]}},
{"type":"Feature","properties":{"fclass":"restaurant","name":"Al Maas Indian Family Restaurant"},"geometry":{"type":"Point","coordinates":[79.8565822,6.8799176]}},
{"type":"Feature","properties":{"fclass":"cafe","name":"London House of Coffe"},"geometry":{"type":"Point","coordinates":[79.8666713,6.9102826]}},
{"type":"Feature","properties":{"fclass":"restaurant","name":null},"geometry":{"type":"Point","coordinates":[79.9059287,6.8965809]}},
{"type":"Feature","properties":{"fclass":"restaurant","name":null},"geometry":{"type":"Point","coordinates":[79.9026311,7.0492077]}},
{"type":"Feature","properties":{"fclass":"fast_food","name":"Domino's"},"geometry":{"type":"Point","coordinates":[79.9540241,6.9044104]}},
{"type":"Feature","properties":{"fclass":"cafe","name":"BREAD TALK"},"geometry":{"type":"Point","coordinates":[79.9212596,6.8511726]}},
{"type":"Feature","properties":{"fclass":"cafe","name":"BREAD TALK"},"geometry":{"type":"Point","coordinates":[79.9212739,6.8511817]}},
{"type":"Feature","properties":{"fclass":"restaurant","name":null},"geometry":{"type":"Point","coordinates":[79.8483754,6.9188556]}},
{"type":"Feature","properties":{"fclass":"restaurant","name":"Loop Restaurant & Cafe"},"geometry":{"type":"Point","coordinates":[79.8966974,7.0522063]}},
{"type":"Feature","properties":{"fclass":"restaurant","name":null},"geometry":{"type":"Point","coordinates":[79.841579,7.237589]}},
{"type":"Feature","properties":{"fclass":"beverages","name":"Arangala Wine Stores"},"geometry":{"type":"Point","coordinates":[79.96448,6.8909787]}},
{"type":"Feature","properties":{"fclass":"restaurant","name":null},"geometry":{"type":"Point","coordinates":[79.9946372,6.4385924]}},
{"type":"Feature","properties":{"fclass":"fast_food","name":"Mr. Koththu"},"geometry":{"type":"Point","coordinates":[79.9115572,6.883251]}},
{"type":"Feature","properties":{"fclass":"restaurant","name":"Hotel Hemadan"},"geometry":{"type":"Point","coordinates":[79.9974409,6.4288266]}},
{"type":"Feature","properties":{"fclass":"cafe","name":null},"geometry":{"type":"Point","coordinates":[79.8419272,7.2415091]}},
{"type":"Feature","properties":{"fclass":"restaurant","name":null},"geometry":{"type":"Point","coordinates":[79.8432355,7.2366331]}},
{"type":"Feature","properties":{"fclass":"fast_food","name":null},"geometry":{"type":"Point","coordinates":[79.8621697,6.8801858]}},
{"type":"Feature","properties":{"fclass":"restaurant","name":"Chinese Dragon Cafe"},"geometry":{"type":"Point","coordinates":[79.8870718,6.8843525]}},
{"type":"Feature","properties":{"fclass":"restaurant","name":"COi by Vichalya"},"geometry":{"type":"Point","coordinates":[79.8635297,6.9180256]}},
{"type":"Feature","properties":{"fclass":"restaurant","name":"Park Street Mews"},"geometry":{"type":"Point","coordinates":[79.8590568,6.9167101]}},
{"type":"Feature","properties":{"fclass":"restaurant","name":"Aqua Pizza"},"geometry":{"type":"Point","coordinates":[79.8586998,6.9166285]}},
{"type":"Feature","properties":{"fclass":"restaurant","name":"rare at Residence"},"geometry":{"type":"Point","coordinates":[79.8582302,6.9170287]}},
{"type":"Feature","properties":{"fclass":"restaurant","name":"Kuuraku Japanese Restaurant"},"geometry":{"type":"Point","coordinates":[79.8586273,6.9165936]}},
{"type":"Feature","properties":{"fclass":"restaurant","name":"Roots"},"geometry":{"type":"Point","coordinates":[79.8650485,6.9167941]}},
{"type":"Feature","properties":{"fclass":"restaurant","name":"Jack Tree"},"geometry":{"type":"Point","coordinates":[79.8651766,6.9168007]}},
{"type":"Feature","properties":{"fclass":"fast_food","name":"Perera & Sons"},"geometry":{"type":"Point","coordinates":[79.8879402,6.9817618]}},
{"type":"Feature","properties":{"fclass":"cafe","name":"CIOCONAT Lounge"},"geometry":{"type":"Point","coordinates":[79.8753309,6.912576]}},
{"type":"Feature","properties":{"fclass":"restaurant","name":"Hazari's -The Arabic Restaurant"},"geometry":{"type":"Point","coordinates":[79.8686729,6.8914067]}},
{"type":"Feature","properties":{"fclass":"restaurant","name":"Harpo's"},"geometry":{"type":"Point","coordinates":[79.9051126,6.9048621]}},
{"type":"Feature","properties":{"fclass":"restaurant","name":"Dao Krua Thai"},"geometry":{"type":"Point","coordinates":[79.8531129,6.9101096]}},
{"type":"Feature","properties":{"fclass":"restaurant","name":"ZEN Japanese Restaurant"},"geometry":{"type":"Point","coordinates":[79.8737645,6.9142058]}},
{"type":"Feature","properties":{"fclass":"bakery","name":null},"geometry":{"type":"Point","coordinates":[79.9057647,6.9006984]}},
{"type":"Feature","properties":{"fclass":"bakery","name":"Divine Cake"},"geometry":{"type":"Point","coordinates":[79.8971242,7.0073869]}},
{"type":"Feature","properties":{"fclass":"restaurant","name":null},"geometry":{"type":"Point","coordinates":[79.8493413,7.2242501]}},
{"type":"Feature","properties":{"fclass":"bakery","name":null},"geometry":{"type":"Point","coordinates":[79.8452448,7.236667]}},
{"type":"Feature","properties":{"fclass":"bakery","name":null},"geometry":{"type":"Point","coordinates":[79.8508318,7.2300133]}},
{"type":"Feature","properties":{"fclass":"bakery","name":null},"geometry":{"type":"Point","coordinates":[79.8510063,7.227648]}},
{"type":"Feature","properties":{"fclass":"restaurant","name":"Negombo Hotel"},"geometry":{"type":"Point","coordinates":[79.8487574,7.2236243]}},
{"type":"Feature","properties":{"fclass":"cafe","name":null},"geometry":{"type":"Point","coordinates":[79.8508105,7.2297593]}},
{"type":"Feature","properties":{"fclass":"bakery","name":null},"geometry":{"type":"Point","coordinates":[79.8503876,7.2255835]}},
{"type":"Feature","properties":{"fclass":"bakery","name":null},"geometry":{"type":"Point","coordinates":[79.8477046,7.2222011]}},
{"type":"Feature","properties":{"fclass":"beverages","name":null},"geometry":{"type":"Point","coordinates":[79.8354716,7.2101436]}},
{"type":"Feature","properties":{"fclass":"cafe","name":null},"geometry":{"type":"Point","coordinates":[79.8519258,6.9164814]}},
{"type":"Feature","properties":{"fclass":"cafe","name":"AMRO Vegetarian Cafe"},"geometry":{"type":"Point","coordinates":[79.892942,6.8721826]}},
{"type":"Feature","properties":{"fclass":"cafe","name":"Cafe By Boo"},"geometry":{"type":"Point","coordinates":[79.9075566,6.8566094]}},
{"type":"Feature","properties":{"fclass":"restaurant","name":"Sri Suryas Hotel"},"geometry":{"type":"Point","coordinates":[79.8546891,6.9428573]}},
{"type":"Feature","properties":{"fclass":"restaurant","name":"Pizza Hut"},"geometry":{"type":"Point","coordinates":[79.8442219,6.934377]}},
{"type":"Feature","properties":{"fclass":"restaurant","name":"Pagoda Tea Room"},"geometry":{"type":"Point","coordinates":[79.8440753,6.9346015]}},
{"type":"Feature","properties":{"fclass":"restaurant","name":"TOM YUM"},"geometry":{"type":"Point","coordinates":[79.8592985,6.880777]}},
{"type":"Feature","properties":{"fclass":"restaurant","name":null},"geometry":{"type":"Point","coordinates":[79.8685158,6.9114102]}},
{"type":"Feature","properties":{"fclass":"fast_food","name":"Domino's"},"geometry":{"type":"Point","coordinates":[79.9074352,6.7219908]}},
{"type":"Feature","properties":{"fclass":"restaurant","name":null},"geometry":{"type":"Point","coordinates":[79.8531291,6.9351329]}},
{"type":"Feature","properties":{"fclass":"bakery","name":"Don Bakers"},"geometry":{"type":"Point","coordinates":[79.9407843,7.004973]}},
{"type":"Feature","properties":{"fclass":"food_court","name":"Gimanhala"},"geometry":{"type":"Point","coordinates":[79.875165,7.1385232]}},
{"type":"Feature","properties":{"fclass":"cafe","name":null},"geometry":{"type":"Point","coordinates":[79.8674008,6.9116734]}},
{"type":"Feature","properties":{"fclass":"cafe","name":null},"geometry":{"type":"Point","coordinates":[79.8580608,6.9042702]}},
{"type":"Feature","properties":{"fclass":"restaurant","name":null},"geometry":{"type":"Point","coordinates":[79.99031,6.8467457]}},
{"type":"Feature","properties":{"fclass":"restaurant","name":"Peking Palace"},"geometry":{"type":"Point","coordinates":[79.924056,6.8948525]}},
{"type":"Feature","properties":{"fclass":"restaurant","name":"Taj Mahal Palace"},"geometry":{"type":"Point","coordinates":[79.9240467,6.8949027]}},
{"type":"Feature","properties":{"fclass":"restaurant","name":null},"geometry":{"type":"Point","coordinates":[80.0333097,6.5817688]}},
{"type":"Feature","properties":{"fclass":"restaurant","name":null},"geometry":{"type":"Point","coordinates":[79.8626033,6.8300254]}},
{"type":"Feature","properties":{"fclass":"cafe","name":"a&m cup cakes"},"geometry":{"type":"Point","coordinates":[79.8545669,6.8967609]}},
{"type":"Feature","properties":{"fclass":"fast_food","name":"Burger King"},"geometry":{"type":"Point","coordinates":[79.9064394,6.7160626]}},
{"type":"Feature","properties":{"fclass":"fast_food","name":"Burger King"},"geometry":{"type":"Point","coordinates":[79.8666388,6.8421829]}},
{"type":"Feature","properties":{"fclass":"fast_food","name":"Subway"},"geometry":{"type":"Point","coordinates":[79.8671806,6.8414014]}},
{"type":"Feature","properties":{"fclass":"restaurant","name":null},"geometry":{"type":"Point","coordinates":[79.8418289,7.2395419]}},
{"type":"Feature","properties":{"fclass":"restaurant","name":null},"geometry":{"type":"Point","coordinates":[79.8418463,7.2399887]}},
{"type":"Feature","properties":{"fclass":"restaurant","name":null},"geometry":{"type":"Point","coordinates":[79.8413124,7.2458661]}},
{"type":"Feature","properties":{"fclass":"restaurant","name":"Swig Beach Family Restaurant"},"geometry":{"type":"Point","coordinates":[79.9075395,6.7005338]}},
{"type":"Feature","properties":{"fclass":"restaurant","name":null},"geometry":{"type":"Point","coordinates":[79.9073495,6.7122496]}},
{"type":"Feature","properties":{"fclass":"cafe","name":null},"geometry":{"type":"Point","coordinates":[79.8685577,6.8287196]}},
{"type":"Feature","properties":{"fclass":"fast_food","name":"Shop"},"geometry":{"type":"Point","coordinates":[79.8736865,6.8569513]}},
{"type":"Feature","properties":{"fclass":"cafe","name":"Heist"},"geometry":{"type":"Point","coordinates":[79.8651096,6.8724496]}},
{"type":"Feature","properties":{"fclass":"restaurant","name":"HAZARI'S"},"geometry":{"type":"Point","coordinates":[79.8511736,6.901052]}},
{"type":"Feature","properties":{"fclass":"restaurant","name":"Chinese Juchunyuan"},"geometry":{"type":"Point","coordinates":[79.8543721,6.9029427]}},
{"type":"Feature","properties":{"fclass":"restaurant","name":"Giovanni's"},"geometry":{"type":"Point","coordinates":[79.8679096,6.8914952]}},
{"type":"Feature","properties":{"fclass":"restaurant","name":null},"geometry":{"type":"Point","coordinates":[79.8648754,6.8720942]}},
{"type":"Feature","properties":{"fclass":"restaurant","name":null},"geometry":{"type":"Point","coordinates":[79.8533572,6.9123638]}},
{"type":"Feature","properties":{"fclass":"restaurant","name":null},"geometry":{"type":"Point","coordinates":[79.8608492,6.8558717]}},
{"type":"Feature","properties":{"fclass":"restaurant","name":null},"geometry":{"type":"Point","coordinates":[79.8409201,7.2268733]}},
{"type":"Feature","properties":{"fclass":"beverages","name":"Wine House"},"geometry":{"type":"Point","coordinates":[79.8541419,6.9329243]}},
{"type":"Feature","properties":{"fclass":"cafe","name":null},"geometry":{"type":"Point","coordinates":[79.8788882,6.8913327]}},
{"type":"Feature","properties":{"fclass":"restaurant","name":null},"geometry":{"type":"Point","coordinates":[79.8419635,7.2417469]}},
{"type":"Feature","properties":{"fclass":"restaurant","name":null},"geometry":{"type":"Point","coordinates":[79.841838,7.2396851]}},
{"type":"Feature","properties":{"fclass":"restaurant","name":null},"geometry":{"type":"Point","coordinates":[79.8328196,7.2109077]}},
{"type":"Feature","properties":{"fclass":"restaurant","name":null},"geometry":{"type":"Point","coordinates":[79.8407497,7.2272832]}},
{"type":"Feature","properties":{"fclass":"restaurant","name":null},"geometry":{"type":"Point","coordinates":[79.8602498,6.9088949]}},
{"type":"Feature","properties":{"fclass":"cafe","name":null},"geometry":{"type":"Point","coordinates":[79.8569,6.88951]}},
{"type":"Feature","properties":{"fclass":"cafe","name":null},"geometry":{"type":"Point","coordinates":[79.8459005,7.2175516]}},
{"type":"Feature","properties":{"fclass":"restaurant","name":"Pizza Hut"},"geometry":{"type":"Point","coordinates":[79.8845354,6.8402389]}},
{"type":"Feature","properties":{"fclass":"restaurant","name":"Glen Rich Restaurant"},"geometry":{"type":"Point","coordinates":[79.8849407,6.8382625]}},
{"type":"Feature","properties":{"fclass":"bakery","name":"Samiru Bakers"},"geometry":{"type":"Point","coordinates":[79.8848732,6.8394214]}},
{"type":"Feature","properties":{"fclass":"food_court","name":"Nelum Kole"},"geometry":{"type":"Point","coordinates":[79.8847122,6.8363644]}},
{"type":"Feature","properties":{"fclass":"fast_food","name":"Five Star"},"geometry":{"type":"Point","coordinates":[79.8847399,6.8374185]}},
{"type":"Feature","properties":{"fclass":"food_court","name":"Himsara"},"geometry":{"type":"Point","coordinates":[79.8710511,6.8924807]}},
{"type":"Feature","properties":{"fclass":"food_court","name":"Bojunka"},"geometry":{"type":"Point","coordinates":[79.9461257,6.9069055]}},
{"type":"Feature","properties":{"fclass":"restaurant","name":"Eat Right"},"geometry":{"type":"Point","coordinates":[79.8745392,6.8722514]}},
{"type":"Feature","properties":{"fclass":"restaurant","name":null},"geometry":{"type":"Point","coordinates":[79.8594025,6.8806738]}},
{"type":"Feature","properties":{"fclass":"restaurant","name":"PSK Hotel"},"geometry":{"type":"Point","coordinates":[79.9656829,6.8595096]}},
{"type":"Feature","properties":{"fclass":"cafe","name":null},"geometry":{"type":"Point","coordinates":[79.8709013,6.9621511]}},
{"type":"Feature","properties":{"fclass":"bakery","name":"Wish Bakers"},"geometry":{"type":"Point","coordinates":[79.8956738,6.9365718]}},
{"type":"Feature","properties":{"fclass":"food_court","name":"Lemongrass"},"geometry":{"type":"Point","coordinates":[79.9526621,6.904869]}},
{"type":"Feature","properties":{"fclass":"food_court","name":null},"geometry":{"type":"Point","coordinates":[79.9553756,6.9045217]}},
{"type":"Feature","properties":{"fclass":"cafe","name":null},"geometry":{"type":"Point","coordinates":[79.9053086,6.9033475]}},
{"type":"Feature","properties":{"fclass":"cafe","name":"Gonuts"},"geometry":{"type":"Point","coordinates":[79.8759994,6.911485]}},
{"type":"Feature","properties":{"fclass":"fast_food","name":"Burger King"},"geometry":{"type":"Point","coordinates":[79.953135,6.9048003]}},
{"type":"Feature","properties":{"fclass":"bakery","name":"Don & Sons"},"geometry":{"type":"Point","coordinates":[79.9480334,6.9987187]}},
{"type":"Feature","properties":{"fclass":"bakery","name":"Sumedha Bakers"},"geometry":{"type":"Point","coordinates":[79.945981,6.9069832]}},
{"type":"Feature","properties":{"fclass":"bakery","name":"Calton Bakers"},"geometry":{"type":"Point","coordinates":[79.9046793,6.8613255]}},
{"type":"Feature","properties":{"fclass":"restaurant","name":"Ambulthiyal"},"geometry":{"type":"Point","coordinates":[79.8938441,6.8661311]}},
{"type":"Feature","properties":{"fclass":"restaurant","name":"Chinese Dragon Cafe"},"geometry":{"type":"Point","coordinates":[79.8934378,6.86644]}},
{"type":"Feature","properties":{"fclass":"fast_food","name":"My Burger"},"geometry":{"type":"Point","coordinates":[79.8934713,6.8663801]}},
{"type":"Feature","properties":{"fclass":"restaurant","name":"Aayura"},"geometry":{"type":"Point","coordinates":[79.9277241,6.8658611]}},
{"type":"Feature","properties":{"fclass":"food_court","name":"Lobster Seafood"},"geometry":{"type":"Point","coordinates":[79.9567366,6.9015221]}},
{"type":"Feature","properties":{"fclass":"food_court","name":"Angel Flavours"},"geometry":{"type":"Point","coordinates":[79.9275209,6.905487]}},
{"type":"Feature","properties":{"fclass":"bakery","name":"Sinhagiri Bakers"},"geometry":{"type":"Point","coordinates":[79.9460069,6.914617]}},
{"type":"Feature","properties":{"fclass":"cafe","name":"Aroma cafe"},"geometry":{"type":"Point","coordinates":[80.0306188,7.0834418]}},
{"type":"Feature","properties":{"fclass":"restaurant","name":null},"geometry":{"type":"Point","coordinates":[79.966066,6.8140587]}},
{"type":"Feature","properties":{"fclass":"beverages","name":"Kesbewa Wine Stores"},"geometry":{"type":"Point","coordinates":[79.9405071,6.7948533]}},
{"type":"Feature","properties":{"fclass":"restaurant","name":"Zensa Family Restaurant"},"geometry":{"type":"Point","coordinates":[80.0142588,7.0708619]}},
{"type":"Feature","properties":{"fclass":"food_court","name":"Royal Boat House"},"geometry":{"type":"Point","coordinates":[79.8855496,6.972161]}},
{"type":"Feature","properties":{"fclass":"bakery","name":"Don & Sons"},"geometry":{"type":"Point","coordinates":[79.8895159,6.9785253]}},
{"type":"Feature","properties":{"fclass":"cafe","name":null},"geometry":{"type":"Point","coordinates":[79.8756832,6.8988615]}},
{"type":"Feature","properties":{"fclass":"cafe","name":"Sunny Restaurant"},"geometry":{"type":"Point","coordinates":[79.8423482,7.2478595]}},
{"type":"Feature","properties":{"fclass":"bakery","name":"Wish Bakers"},"geometry":{"type":"Point","coordinates":[79.9133056,6.9234792]}},
{"type":"Feature","properties":{"fclass":"bakery","name":"Uncle Sam's"},"geometry":{"type":"Point","coordinates":[79.8887615,6.7990671]}},
{"type":"Feature","properties":{"fclass":"food_court","name":"Momo Restaurant"},"geometry":{"type":"Point","coordinates":[79.8872812,6.9743589]}},
{"type":"Feature","properties":{"fclass":"cafe","name":"Gunathilaka hotel & Grocery"},"geometry":{"type":"Point","coordinates":[80.0284504,7.0813671]}},
{"type":"Feature","properties":{"fclass":"fast_food","name":"palpatha"},"geometry":{"type":"Point","coordinates":[80.0314514,7.0842167]}},
{"type":"Feature","properties":{"fclass":"bakery","name":"Kannangara Hotel & Bakery"},"geometry":{"type":"Point","coordinates":[80.0815572,6.4113636]}},
{"type":"Feature","properties":{"fclass":"fast_food","name":"Burger King"},"geometry":{"type":"Point","coordinates":[79.9238594,6.9749038]}},
{"type":"Feature","properties":{"fclass":"restaurant","name":"Bijou"},"geometry":{"type":"Point","coordinates":[79.8418251,7.2394747]}},
{"type":"Feature","properties":{"fclass":"restaurant","name":"Peking Palace"},"geometry":{"type":"Point","coordinates":[79.9241102,6.8948052]}},
{"type":"Feature","properties":{"fclass":"restaurant","name":"Renaissance Banquet Hall"},"geometry":{"type":"Point","coordinates":[79.9519409,6.9048921]}},
{"type":"Feature","properties":{"fclass":"bakery","name":null},"geometry":{"type":"Point","coordinates":[80.1451052,7.0976969]}},
{"type":"Feature","properties":{"fclass":"restaurant","name":null},"geometry":{"type":"Point","coordinates":[80.1442678,7.0782685]}},
{"type":"Feature","properties":{"fclass":"restaurant","name":null},"geometry":{"type":"Point","coordinates":[80.1313417,7.0431618]}},
{"type":"Feature","properties":{"fclass":"bakery","name":"Bread Line"},"geometry":{"type":"Point","coordinates":[79.9444677,6.90837]}},
{"type":"Feature","properties":{"fclass":"bakery","name":"The Cake Factory"},"geometry":{"type":"Point","coordinates":[79.8563005,6.9052874]}},
{"type":"Feature","properties":{"fclass":"restaurant","name":null},"geometry":{"type":"Point","coordinates":[79.8657165,6.8834358]}},
{"type":"Feature","properties":{"fclass":"restaurant","name":"Wele palpatha"},"geometry":{"type":"Point","coordinates":[80.0289092,7.0818464]}},
{"type":"Feature","properties":{"fclass":"restaurant","name":"Sunflower(?????????)"},"geometry":{"type":"Point","coordinates":[79.9819846,6.4485923]}},
{"type":"Feature","properties":{"fclass":"food_court","name":"Awanhala"},"geometry":{"type":"Point","coordinates":[79.9720272,6.9136552]}},
{"type":"Feature","properties":{"fclass":"fast_food","name":"Perera & Sons"},"geometry":{"type":"Point","coordinates":[79.9003615,6.9673462]}},
{"type":"Feature","properties":{"fclass":"cafe","name":"Hela Bojun Hala"},"geometry":{"type":"Point","coordinates":[79.9139874,6.900236]}},
{"type":"Feature","properties":{"fclass":"cafe","name":null},"geometry":{"type":"Point","coordinates":[79.8663307,6.843834]}},
{"type":"Feature","properties":{"fclass":"restaurant","name":null},"geometry":{"type":"Point","coordinates":[79.8629698,6.8401723]}},
{"type":"Feature","properties":{"fclass":"beverages","name":"Lanza beer shop"},"geometry":{"type":"Point","coordinates":[79.8410794,7.2319399]}},
{"type":"Feature","properties":{"fclass":"beverages","name":"Arken beer shop"},"geometry":{"type":"Point","coordinates":[79.8409038,7.2266485]}},
{"type":"Feature","properties":{"fclass":"cafe","name":"The Century Café"},"geometry":{"type":"Point","coordinates":[79.8349283,7.2101724]}},
{"type":"Feature","properties":{"fclass":"restaurant","name":"Serendib Seafood Restaurant"},"geometry":{"type":"Point","coordinates":[79.8417497,7.2399049]}},
{"type":"Feature","properties":{"fclass":"cafe","name":"Tea Prince of Kandy"},"geometry":{"type":"Point","coordinates":[79.8687632,6.9027843]}},
{"type":"Feature","properties":{"fclass":"cafe","name":"Hela Bojun Hala - Nittumbuwa"},"geometry":{"type":"Point","coordinates":[80.0762932,7.1315157]}},
{"type":"Feature","properties":{"fclass":"food_court","name":"Cocos Food Court"},"geometry":{"type":"Point","coordinates":[79.9532813,6.9047203]}},
{"type":"Feature","properties":{"fclass":"restaurant","name":"Mr. Crab"},"geometry":{"type":"Point","coordinates":[79.8410146,7.2310426]}},
{"type":"Feature","properties":{"fclass":"bakery","name":"Dons Bakers"},"geometry":{"type":"Point","coordinates":[79.9150803,6.9500337]}},
{"type":"Feature","properties":{"fclass":"bakery","name":null},"geometry":{"type":"Point","coordinates":[79.9722518,6.9158869]}},
{"type":"Feature","properties":{"fclass":"fast_food","name":null},"geometry":{"type":"Point","coordinates":[79.9747343,6.9211822]}},
{"type":"Feature","properties":{"fclass":"restaurant","name":"New Thisara Restaurant"},"geometry":{"type":"Point","coordinates":[79.9493204,6.8467163]}},
{"type":"Feature","properties":{"fclass":"restaurant","name":"Bread Magic"},"geometry":{"type":"Point","coordinates":[79.9480754,6.8465945]}},
{"type":"Feature","properties":{"fclass":"restaurant","name":"Embilipitiya Fruit Shop"},"geometry":{"type":"Point","coordinates":[79.9486289,6.84679]}},
{"type":"Feature","properties":{"fclass":"fast_food","name":null},"geometry":{"type":"Point","coordinates":[79.8497429,6.9237504]}},
{"type":"Feature","properties":{"fclass":"beverages","name":null},"geometry":{"type":"Point","coordinates":[79.9928682,7.0929923]}},
{"type":"Feature","properties":{"fclass":"restaurant","name":null},"geometry":{"type":"Point","coordinates":[79.8610967,6.8912967]}},
{"type":"Feature","properties":{"fclass":"restaurant","name":null},"geometry":{"type":"Point","coordinates":[79.8506663,6.9244458]}},
{"type":"Feature","properties":{"fclass":"beverages","name":null},"geometry":{"type":"Point","coordinates":[79.8464565,6.9322294]}},
{"type":"Feature","properties":{"fclass":"restaurant","name":null},"geometry":{"type":"Point","coordinates":[79.8645237,6.9428758]}},
{"type":"Feature","properties":{"fclass":"cafe","name":null},"geometry":{"type":"Point","coordinates":[79.9022018,6.9067566]}},
{"type":"Feature","properties":{"fclass":"cafe","name":"Hyve Dessert Bar"},"geometry":{"type":"Point","coordinates":[79.8654754,6.8907263]}},
{"type":"Feature","properties":{"fclass":"restaurant","name":"Sushi-Kai"},"geometry":{"type":"Point","coordinates":[79.8672103,6.8916258]}},
{"type":"Feature","properties":{"fclass":"beverages","name":null},"geometry":{"type":"Point","coordinates":[79.8628507,6.9182062]}},
{"type":"Feature","properties":{"fclass":"restaurant","name":"Nara Thai"},"geometry":{"type":"Point","coordinates":[79.8531233,6.9068437]}},
{"type":"Feature","properties":{"fclass":"restaurant","name":"Thai Cuisine Boulevard"},"geometry":{"type":"Point","coordinates":[79.8555936,6.8985322]}},
{"type":"Feature","properties":{"fclass":"fast_food","name":"KFC"},"geometry":{"type":"Point","coordinates":[79.9299469,6.9813023]}},
{"type":"Feature","properties":{"fclass":"restaurant","name":"Plaza Hotel & Bake House"},"geometry":{"type":"Point","coordinates":[79.8612919,6.8749268]}},
{"type":"Feature","properties":{"fclass":"fast_food","name":"Perera & Sons"},"geometry":{"type":"Point","coordinates":[79.8595814,6.9461521]}},
{"type":"Feature","properties":{"fclass":"restaurant","name":"Steam Boat"},"geometry":{"type":"Point","coordinates":[79.9245144,6.9761064]}},
{"type":"Feature","properties":{"fclass":"fast_food","name":"Lala The Food Joint"},"geometry":{"type":"Point","coordinates":[79.8578382,7.1909526]}},
{"type":"Feature","properties":{"fclass":"restaurant","name":"Divya Sinhala Bath Kade"},"geometry":{"type":"Point","coordinates":[79.9260203,7.1280362]}},
{"type":"Feature","properties":{"fclass":"restaurant","name":"Kalana Food Cabin"},"geometry":{"type":"Point","coordinates":[80.0743544,6.7211841]}},
{"type":"Feature","properties":{"fclass":"cafe","name":"Cajun on Wheels"},"geometry":{"type":"Point","coordinates":[79.8686285,6.9005107]}},
{"type":"Feature","properties":{"fclass":"restaurant","name":"Maha Gedara Family Restaurant"},"geometry":{"type":"Point","coordinates":[79.8931089,6.9883462]}},
{"type":"Feature","properties":{"fclass":"bakery","name":null},"geometry":{"type":"Point","coordinates":[80.1336986,7.0187268]}},
{"type":"Feature","properties":{"fclass":"restaurant","name":"Lotus Leaf Restaurant"},"geometry":{"type":"Point","coordinates":[79.9990445,6.4332151]}},
{"type":"Feature","properties":{"fclass":"restaurant","name":"Little Food Cabin"},"geometry":{"type":"Point","coordinates":[79.854187,6.9052854]}},
{"type":"Feature","properties":{"fclass":"restaurant","name":"Gunasiri Hotel"},"geometry":{"type":"Point","coordinates":[79.8512062,6.9132273]}},
{"type":"Feature","properties":{"fclass":"restaurant","name":null},"geometry":{"type":"Point","coordinates":[79.8863834,6.9119328]}},
{"type":"Feature","properties":{"fclass":"bakery","name":"Raheemiya hotel & bakery"},"geometry":{"type":"Point","coordinates":[79.8406994,7.2069096]}},
{"type":"Feature","properties":{"fclass":"restaurant","name":null},"geometry":{"type":"Point","coordinates":[79.8403435,7.2303924]}},
{"type":"Feature","properties":{"fclass":"fast_food","name":"Burger King"},"geometry":{"type":"Point","coordinates":[79.8692165,6.902592]}},
{"type":"Feature","properties":{"fclass":"fast_food","name":"Don & Sons"},"geometry":{"type":"Point","coordinates":[79.9249873,6.9763261]}},
{"type":"Feature","properties":{"fclass":"fast_food","name":"Don & Sons"},"geometry":{"type":"Point","coordinates":[79.9478938,6.9986851]}},
{"type":"Feature","properties":{"fclass":"restaurant","name":null},"geometry":{"type":"Point","coordinates":[79.8444425,6.9334624]}},
{"type":"Feature","properties":{"fclass":"bakery","name":"Akbar Town Bakery"},"geometry":{"type":"Point","coordinates":[79.9095555,6.9914724]}},
{"type":"Feature","properties":{"fclass":"restaurant","name":null},"geometry":{"type":"Point","coordinates":[79.8966897,7.007597]}},
{"type":"Feature","properties":{"fclass":"cafe","name":null},"geometry":{"type":"Point","coordinates":[79.8501316,6.9238413]}},
{"type":"Feature","properties":{"fclass":"fast_food","name":null},"geometry":{"type":"Point","coordinates":[79.8774937,6.9051145]}},
{"type":"Feature","properties":{"fclass":"restaurant","name":"Sarasa Hotel"},"geometry":{"type":"Point","coordinates":[79.9067391,6.9673227]}},
{"type":"Feature","properties":{"fclass":"beverages","name":"Sayuru Wine Store"},"geometry":{"type":"Point","coordinates":[79.9332407,6.9517307]}},
{"type":"Feature","properties":{"fclass":"cafe","name":null},"geometry":{"type":"Point","coordinates":[79.8523855,6.9036026]}},
{"type":"Feature","properties":{"fclass":"fast_food","name":"The Mango Tree"},"geometry":{"type":"Point","coordinates":[79.8650481,6.916875]}},
{"type":"Feature","properties":{"fclass":"restaurant","name":null},"geometry":{"type":"Point","coordinates":[79.8421061,7.2415443]}},
{"type":"Feature","properties":{"fclass":"restaurant","name":null},"geometry":{"type":"Point","coordinates":[79.8415548,7.2403165]}},
{"type":"Feature","properties":{"fclass":"fast_food","name":"Subway"},"geometry":{"type":"Point","coordinates":[79.8443588,6.9333466]}},
{"type":"Feature","properties":{"fclass":"restaurant","name":null},"geometry":{"type":"Point","coordinates":[79.8445005,6.9343772]}},
{"type":"Feature","properties":{"fclass":"beverages","name":null},"geometry":{"type":"Point","coordinates":[79.8502407,6.9342368]}},
{"type":"Feature","properties":{"fclass":"cafe","name":null},"geometry":{"type":"Point","coordinates":[79.8437545,6.9340884]}},
{"type":"Feature","properties":{"fclass":"restaurant","name":"Chinese Dragon cafe"},"geometry":{"type":"Point","coordinates":[79.8565646,6.8861699]}},
{"type":"Feature","properties":{"fclass":"fast_food","name":"Domino's"},"geometry":{"type":"Point","coordinates":[79.9627555,6.8420606]}},
{"type":"Feature","properties":{"fclass":"food_court","name":"Family Restaurant"},"geometry":{"type":"Point","coordinates":[79.9667551,6.937021]}},
{"type":"Feature","properties":{"fclass":"bakery","name":"Swarna Bakery"},"geometry":{"type":"Point","coordinates":[79.9466877,7.002426]}},
{"type":"Feature","properties":{"fclass":"beverages","name":null},"geometry":{"type":"Point","coordinates":[79.8412397,7.2320883]}},
{"type":"Feature","properties":{"fclass":"restaurant","name":null},"geometry":{"type":"Point","coordinates":[79.9831696,6.4478506]}},
{"type":"Feature","properties":{"fclass":"cafe","name":null},"geometry":{"type":"Point","coordinates":[79.9999239,6.4335447]}},
{"type":"Feature","properties":{"fclass":"restaurant","name":null},"geometry":{"type":"Point","coordinates":[79.9792008,6.4508243]}},
{"type":"Feature","properties":{"fclass":"cafe","name":"Perera & Sons"},"geometry":{"type":"Point","coordinates":[79.989331,6.877713]}},
{"type":"Feature","properties":{"fclass":"restaurant","name":"Gum Bayya"},"geometry":{"type":"Point","coordinates":[79.8322907,7.142221]}},
{"type":"Feature","properties":{"fclass":"restaurant","name":"Green Cabin"},"geometry":{"type":"Point","coordinates":[79.8540971,6.8980737]}},
{"type":"Feature","properties":{"fclass":"restaurant","name":null},"geometry":{"type":"Point","coordinates":[79.8528048,6.91643]}},
{"type":"Feature","properties":{"fclass":"cafe","name":null},"geometry":{"type":"Point","coordinates":[79.8644806,6.9429509]}},
{"type":"Feature","properties":{"fclass":"fast_food","name":"McDonald's"},"geometry":{"type":"Point","coordinates":[79.8605688,6.9480346]}},
{"type":"Feature","properties":{"fclass":"fast_food","name":"KFC - Wattala"},"geometry":{"type":"Point","coordinates":[79.8902936,6.9872219]}},
{"type":"Feature","properties":{"fclass":"cafe","name":null},"geometry":{"type":"Point","coordinates":[79.8409985,7.2287732]}},
{"type":"Feature","properties":{"fclass":"restaurant","name":null},"geometry":{"type":"Point","coordinates":[80.1545012,7.1977716]}},
{"type":"Feature","properties":{"fclass":"restaurant","name":"Diyatha Station"},"geometry":{"type":"Point","coordinates":[79.9096922,6.9074795]}},
{"type":"Feature","properties":{"fclass":"restaurant","name":null},"geometry":{"type":"Point","coordinates":[79.9791304,6.450919]}},
{"type":"Feature","properties":{"fclass":"restaurant","name":null},"geometry":{"type":"Point","coordinates":[79.8408219,7.2286368]}},
{"type":"Feature","properties":{"fclass":"restaurant","name":"Sasha"},"geometry":{"type":"Point","coordinates":[79.8569078,7.1927241]}},
{"type":"Feature","properties":{"fclass":"cafe","name":null},"geometry":{"type":"Point","coordinates":[79.9270727,6.847206]}},
{"type":"Feature","properties":{"fclass":"restaurant","name":null},"geometry":{"type":"Point","coordinates":[79.8411126,7.2295455]}},
{"type":"Feature","properties":{"fclass":"restaurant","name":"Graze Kitchen"},"geometry":{"type":"Point","coordinates":[79.8448456,6.9320689]}},
{"type":"Feature","properties":{"fclass":"restaurant","name":"Flow"},"geometry":{"type":"Point","coordinates":[79.8562971,6.9207537]}},
{"type":"Feature","properties":{"fclass":"bakery","name":"Imeero Family Restaurant and Lounge"},"geometry":{"type":"Point","coordinates":[79.9973165,6.7187548]}},
{"type":"Feature","properties":{"fclass":"bakery","name":null},"geometry":{"type":"Point","coordinates":[79.8875671,6.8883972]}},
{"type":"Feature","properties":{"fclass":"cafe","name":"Life Food"},"geometry":{"type":"Point","coordinates":[79.8532126,6.9162584]}},
{"type":"Feature","properties":{"fclass":"restaurant","name":null},"geometry":{"type":"Point","coordinates":[79.8576284,6.9055318]}},
{"type":"Feature","properties":{"fclass":"restaurant","name":"La Olives Hotel"},"geometry":{"type":"Point","coordinates":[80.1723847,7.20347]}},
{"type":"Feature","properties":{"fclass":"restaurant","name":null},"geometry":{"type":"Point","coordinates":[79.9247396,6.8483381]}},
{"type":"Feature","properties":{"fclass":"restaurant","name":"Chinese Food"},"geometry":{"type":"Point","coordinates":[79.9247568,6.8482333]}},
{"type":"Feature","properties":{"fclass":"fast_food","name":"Burger King"},"geometry":{"type":"Point","coordinates":[79.8603208,6.9485752]}},
{"type":"Feature","properties":{"fclass":"fast_food","name":"KFC"},"geometry":{"type":"Point","coordinates":[79.8595874,6.948648]}},
{"type":"Feature","properties":{"fclass":"fast_food","name":"Domino's"},"geometry":{"type":"Point","coordinates":[79.8604529,6.9481413]}},
{"type":"Feature","properties":{"fclass":"restaurant","name":"Pizza Hut"},"geometry":{"type":"Point","coordinates":[79.8598807,6.9484961]}},
{"type":"Feature","properties":{"fclass":"bakery","name":"K-town bakes"},"geometry":{"type":"Point","coordinates":[79.8617182,6.9475034]}},
{"type":"Feature","properties":{"fclass":"cafe","name":null},"geometry":{"type":"Point","coordinates":[79.9034713,6.8806945]}},
{"type":"Feature","properties":{"fclass":"fast_food","name":null},"geometry":{"type":"Point","coordinates":[80.1736191,7.2045021]}},
{"type":"Feature","properties":{"fclass":"beverages","name":null},"geometry":{"type":"Point","coordinates":[79.8417482,7.2392621]}},
{"type":"Feature","properties":{"fclass":"fast_food","name":"KFC"},"geometry":{"type":"Point","coordinates":[79.9538111,6.9035352]}},
{"type":"Feature","properties":{"fclass":"cafe","name":null},"geometry":{"type":"Point","coordinates":[79.8648538,6.8389624]}},
{"type":"Feature","properties":{"fclass":"restaurant","name":null},"geometry":{"type":"Point","coordinates":[79.8627295,6.8430029]}},
{"type":"Feature","properties":{"fclass":"bakery","name":"Little Star"},"geometry":{"type":"Point","coordinates":[79.8672866,6.8369601]}},
{"type":"Feature","properties":{"fclass":"fast_food","name":null},"geometry":{"type":"Point","coordinates":[79.8652111,6.9436877]}},
{"type":"Feature","properties":{"fclass":"fast_food","name":null},"geometry":{"type":"Point","coordinates":[79.8491237,6.9089706]}},
{"type":"Feature","properties":{"fclass":"restaurant","name":"Chana's"},"geometry":{"type":"Point","coordinates":[79.8633389,6.8759358]}},
{"type":"Feature","properties":{"fclass":"fast_food","name":"Nana's King"},"geometry":{"type":"Point","coordinates":[79.845114,6.9218146]}},
{"type":"Feature","properties":{"fclass":"fast_food","name":null},"geometry":{"type":"Point","coordinates":[79.8649103,6.9184354]}},
{"type":"Feature","properties":{"fclass":"fast_food","name":null},"geometry":{"type":"Point","coordinates":[79.8629306,6.9031016]}},
{"type":"Feature","properties":{"fclass":"fast_food","name":null},"geometry":{"type":"Point","coordinates":[79.8651809,6.9251501]}},
{"type":"Feature","properties":{"fclass":"fast_food","name":null},"geometry":{"type":"Point","coordinates":[79.8652587,6.9269935]}},
{"type":"Feature","properties":{"fclass":"fast_food","name":null},"geometry":{"type":"Point","coordinates":[79.8501147,6.9381527]}},
{"type":"Feature","properties":{"fclass":"fast_food","name":null},"geometry":{"type":"Point","coordinates":[79.8485108,6.937052]}},
{"type":"Feature","properties":{"fclass":"fast_food","name":null},"geometry":{"type":"Point","coordinates":[79.8466977,6.9363909]}},
{"type":"Feature","properties":{"fclass":"fast_food","name":null},"geometry":{"type":"Point","coordinates":[79.8563089,6.9323021]}},
{"type":"Feature","properties":{"fclass":"fast_food","name":null},"geometry":{"type":"Point","coordinates":[79.8529569,6.9385092]}},
{"type":"Feature","properties":{"fclass":"fast_food","name":null},"geometry":{"type":"Point","coordinates":[79.8516562,6.9383513]}},
{"type":"Feature","properties":{"fclass":"fast_food","name":null},"geometry":{"type":"Point","coordinates":[79.8522893,6.9231974]}},
{"type":"Feature","properties":{"fclass":"cafe","name":null},"geometry":{"type":"Point","coordinates":[79.8587922,6.9174386]}},
{"type":"Feature","properties":{"fclass":"restaurant","name":"Pizza Hut"},"geometry":{"type":"Point","coordinates":[79.9503436,6.9049109]}},
{"type":"Feature","properties":{"fclass":"restaurant","name":"Plus Nine Four"},"geometry":{"type":"Point","coordinates":[79.8639377,6.8936632]}},
{"type":"Feature","properties":{"fclass":"restaurant","name":null},"geometry":{"type":"Point","coordinates":[79.8551368,6.8862288]}},
{"type":"Feature","properties":{"fclass":"restaurant","name":null},"geometry":{"type":"Point","coordinates":[79.8483491,6.9171691]}},
{"type":"Feature","properties":{"fclass":"food_court","name":"YUm-E"},"geometry":{"type":"Point","coordinates":[79.8661638,6.8631953]}},
{"type":"Feature","properties":{"fclass":"restaurant","name":null},"geometry":{"type":"Point","coordinates":[79.8706741,6.9216277]}},
{"type":"Feature","properties":{"fclass":"fast_food","name":null},"geometry":{"type":"Point","coordinates":[79.8708341,6.921859]}},
{"type":"Feature","properties":{"fclass":"restaurant","name":null},"geometry":{"type":"Point","coordinates":[79.8540301,6.9053287]}},
{"type":"Feature","properties":{"fclass":"cafe","name":"Barefoot Garden Café"},"geometry":{"type":"Point","coordinates":[79.8537975,6.8965961]}},
{"type":"Feature","properties":{"fclass":"restaurant","name":"Ratnagiri Hotel"},"geometry":{"type":"Point","coordinates":[79.8442646,6.9333316]}},
{"type":"Feature","properties":{"fclass":"restaurant","name":"Shikisen"},"geometry":{"type":"Point","coordinates":[79.8563469,6.8969306]}},
{"type":"Feature","properties":{"fclass":"cafe","name":null},"geometry":{"type":"Point","coordinates":[79.8665423,6.9059855]}},
{"type":"Feature","properties":{"fclass":"restaurant","name":"Café Fort"},"geometry":{"type":"Point","coordinates":[79.844498,6.9334757]}},
{"type":"Feature","properties":{"fclass":"restaurant","name":null},"geometry":{"type":"Point","coordinates":[79.8685419,6.9616942]}},
{"type":"Feature","properties":{"fclass":"fast_food","name":null},"geometry":{"type":"Point","coordinates":[79.8540179,6.9393812]}},
{"type":"Feature","properties":{"fclass":"cafe","name":null},"geometry":{"type":"Point","coordinates":[79.8547893,6.9427675]}},
{"type":"Feature","properties":{"fclass":"restaurant","name":null},"geometry":{"type":"Point","coordinates":[79.8423322,7.2489133]}},
{"type":"Feature","properties":{"fclass":"restaurant","name":null},"geometry":{"type":"Point","coordinates":[80.1075171,7.3126739]}},
{"type":"Feature","properties":{"fclass":"cafe","name":null},"geometry":{"type":"Point","coordinates":[79.8419265,7.2414072]}},
{"type":"Feature","properties":{"fclass":"restaurant","name":null},"geometry":{"type":"Point","coordinates":[79.9499652,6.607451]}},
{"type":"Feature","properties":{"fclass":"restaurant","name":"Salgadu Bakers"},"geometry":{"type":"Point","coordinates":[79.9072759,6.713999]}},
{"type":"Feature","properties":{"fclass":"restaurant","name":"Mr.BBQ"},"geometry":{"type":"Point","coordinates":[79.8974857,7.0870652]}},
{"type":"Feature","properties":{"fclass":"fast_food","name":"Fayaz Arabic Shawarma"},"geometry":{"type":"Point","coordinates":[79.8661954,6.8630344]}},
{"type":"Feature","properties":{"fclass":"restaurant","name":null},"geometry":{"type":"Point","coordinates":[79.8521848,6.9047736]}},
{"type":"Feature","properties":{"fclass":"cafe","name":"Adithya Bakers"},"geometry":{"type":"Point","coordinates":[80.1362527,6.9399939]}},
{"type":"Feature","properties":{"fclass":"cafe","name":null},"geometry":{"type":"Point","coordinates":[79.8419294,7.2414527]}},
{"type":"Feature","properties":{"fclass":"cafe","name":null},"geometry":{"type":"Point","coordinates":[79.8637023,7.1737649]}},
{"type":"Feature","properties":{"fclass":"cafe","name":"Urban Green"},"geometry":{"type":"Point","coordinates":[79.8554007,6.9091848]}},
{"type":"Feature","properties":{"fclass":"fast_food","name":"The Hangout"},"geometry":{"type":"Point","coordinates":[79.8715139,6.9101779]}},
{"type":"Feature","properties":{"fclass":"cafe","name":null},"geometry":{"type":"Point","coordinates":[80.0184676,7.2236909]}},
{"type":"Feature","properties":{"fclass":"cafe","name":null},"geometry":{"type":"Point","coordinates":[79.8626553,6.887677]}},
{"type":"Feature","properties":{"fclass":"restaurant","name":null},"geometry":{"type":"Point","coordinates":[79.8413602,7.2312599]}},
{"type":"Feature","properties":{"fclass":"restaurant","name":null},"geometry":{"type":"Point","coordinates":[79.8435767,7.2120085]}},
{"type":"Feature","properties":{"fclass":"cafe","name":null},"geometry":{"type":"Point","coordinates":[79.8539611,7.2530776]}},
{"type":"Feature","properties":{"fclass":"restaurant","name":"Dindigul Thalappakatti Restaurant"},"geometry":{"type":"Point","coordinates":[79.8584166,6.8884429]}},
{"type":"Feature","properties":{"fclass":"cafe","name":"E-Cafe"},"geometry":{"type":"Point","coordinates":[79.8619546,6.892711]}},
{"type":"Feature","properties":{"fclass":"bakery","name":"Paan Paan"},"geometry":{"type":"Point","coordinates":[79.86152,6.8942075]}},
{"type":"Feature","properties":{"fclass":"restaurant","name":"Ranbath"},"geometry":{"type":"Point","coordinates":[79.8602084,6.8962099]}},
{"type":"Feature","properties":{"fclass":"restaurant","name":"Han Gook Gwan"},"geometry":{"type":"Point","coordinates":[79.861008,6.8953913]}},
{"type":"Feature","properties":{"fclass":"restaurant","name":"Luck Star"},"geometry":{"type":"Point","coordinates":[79.8605328,6.8953712]}},
{"type":"Feature","properties":{"fclass":"bakery","name":"Baguette French Bakery"},"geometry":{"type":"Point","coordinates":[79.8561177,6.898644]}},
{"type":"Feature","properties":{"fclass":"cafe","name":null},"geometry":{"type":"Point","coordinates":[80.1485543,7.1826687]}},
{"type":"Feature","properties":{"fclass":"restaurant","name":null},"geometry":{"type":"Point","coordinates":[79.991772,6.443655]}},
{"type":"Feature","properties":{"fclass":"bakery","name":"Remarco Bakers"},"geometry":{"type":"Point","coordinates":[79.9133929,6.9508878]}},
{"type":"Feature","properties":{"fclass":"bakery","name":"Sampath Bakery"},"geometry":{"type":"Point","coordinates":[79.9261614,6.6728033]}},
{"type":"Feature","properties":{"fclass":"restaurant","name":"Laya Leisure - Kukuleganga"},"geometry":{"type":"Point","coordinates":[80.2331889,6.582461]}},
{"type":"Feature","properties":{"fclass":"fast_food","name":"KFC"},"geometry":{"type":"Point","coordinates":[79.8853083,6.772108]}},
{"type":"Feature","properties":{"fclass":"restaurant","name":null},"geometry":{"type":"Point","coordinates":[79.8403498,7.2095676]}},
{"type":"Feature","properties":{"fclass":"restaurant","name":null},"geometry":{"type":"Point","coordinates":[79.9281653,6.6592615]}},
{"type":"Feature","properties":{"fclass":"beverages","name":null},"geometry":{"type":"Point","coordinates":[79.8692963,6.9234255]}},
{"type":"Feature","properties":{"fclass":"restaurant","name":null},"geometry":{"type":"Point","coordinates":[79.9411568,6.6262038]}},
{"type":"Feature","properties":{"fclass":"restaurant","name":null},"geometry":{"type":"Point","coordinates":[79.9513992,6.60811]}},
{"type":"Feature","properties":{"fclass":"restaurant","name":null},"geometry":{"type":"Point","coordinates":[79.8418753,7.2410581]}},
{"type":"Feature","properties":{"fclass":"restaurant","name":null},"geometry":{"type":"Point","coordinates":[79.8456658,6.9310534]}},
{"type":"Feature","properties":{"fclass":"restaurant","name":"Shanghai Lotus"},"geometry":{"type":"Point","coordinates":[79.9489851,6.9057446]}},
{"type":"Feature","properties":{"fclass":"fast_food","name":"Wimalagiri Food Court"},"geometry":{"type":"Point","coordinates":[79.8543425,6.9329638]}},
{"type":"Feature","properties":{"fclass":"fast_food","name":"Nana's"},"geometry":{"type":"Point","coordinates":[79.8449863,6.9223426]}},
{"type":"Feature","properties":{"fclass":"cafe","name":"Nuga"},"geometry":{"type":"Point","coordinates":[79.856574,6.9120813]}},
{"type":"Feature","properties":{"fclass":"restaurant","name":null},"geometry":{"type":"Point","coordinates":[79.8421393,7.2467163]}},
{"type":"Feature","properties":{"fclass":"cafe","name":null},"geometry":{"type":"Point","coordinates":[79.8592987,7.1854434]}},
{"type":"Feature","properties":{"fclass":"restaurant","name":null},"geometry":{"type":"Point","coordinates":[79.8399017,7.2248072]}},
{"type":"Feature","properties":{"fclass":"restaurant","name":"Vishwa Family Restaurant"},"geometry":{"type":"Point","coordinates":[79.948626,6.9753362]}},
{"type":"Feature","properties":{"fclass":"cafe","name":null},"geometry":{"type":"Point","coordinates":[79.8410027,7.2307366]}},
{"type":"Feature","properties":{"fclass":"fast_food","name":null},"geometry":{"type":"Point","coordinates":[79.856235,6.8916917]}},
{"type":"Feature","properties":{"fclass":"restaurant","name":"Perera and Sons"},"geometry":{"type":"Point","coordinates":[79.9175809,6.8188307]}},
{"type":"Feature","properties":{"fclass":"restaurant","name":"Hotel New Amirthaa"},"geometry":{"type":"Point","coordinates":[79.8564912,6.8909699]}},
{"type":"Feature","properties":{"fclass":"restaurant","name":null},"geometry":{"type":"Point","coordinates":[79.8569746,6.889387]}},
{"type":"Feature","properties":{"fclass":"restaurant","name":null},"geometry":{"type":"Point","coordinates":[79.8565336,6.8901204]}},
{"type":"Feature","properties":{"fclass":"restaurant","name":null},"geometry":{"type":"Point","coordinates":[79.8463619,6.931808]}},
{"type":"Feature","properties":{"fclass":"restaurant","name":"Sushi Kai"},"geometry":{"type":"Point","coordinates":[79.9257336,6.877404]}},
{"type":"Feature","properties":{"fclass":"restaurant","name":"The Sushi Bar Samurai"},"geometry":{"type":"Point","coordinates":[79.8992026,6.9078581]}},
{"type":"Feature","properties":{"fclass":"cafe","name":"Café Noir"},"geometry":{"type":"Point","coordinates":[79.9261638,6.8933696]}},
{"type":"Feature","properties":{"fclass":"restaurant","name":"Bao House"},"geometry":{"type":"Point","coordinates":[79.8559111,6.9133339]}},
{"type":"Feature","properties":{"fclass":"bakery","name":"BreadTalk"},"geometry":{"type":"Point","coordinates":[79.8663274,6.8909034]}},
{"type":"Feature","properties":{"fclass":"fast_food","name":"D&D Döner & Dürüm"},"geometry":{"type":"Point","coordinates":[79.8674348,6.8912674]}},
{"type":"Feature","properties":{"fclass":"beverages","name":null},"geometry":{"type":"Point","coordinates":[79.8665188,6.890953]}},
{"type":"Feature","properties":{"fclass":"restaurant","name":"Fat Wok"},"geometry":{"type":"Point","coordinates":[79.9063221,6.9041358]}},
{"type":"Feature","properties":{"fclass":"restaurant","name":"Brio"},"geometry":{"type":"Point","coordinates":[79.9213176,6.900053]}},
{"type":"Feature","properties":{"fclass":"restaurant","name":"Rocco's"},"geometry":{"type":"Point","coordinates":[79.8945356,6.9053691]}},
{"type":"Feature","properties":{"fclass":"restaurant","name":"M'Eat US Grill"},"geometry":{"type":"Point","coordinates":[79.9259687,6.8911864]}},
{"type":"Feature","properties":{"fclass":"restaurant","name":"7rose"},"geometry":{"type":"Point","coordinates":[79.9353107,6.8760967]}},
{"type":"Feature","properties":{"fclass":"fast_food","name":"Paan Paan"},"geometry":{"type":"Point","coordinates":[79.8650525,6.916637]}},
{"type":"Feature","properties":{"fclass":"fast_food","name":"The Regent"},"geometry":{"type":"Point","coordinates":[79.8650501,6.9169591]}},
{"type":"Feature","properties":{"fclass":"restaurant","name":null},"geometry":{"type":"Point","coordinates":[79.9489111,6.6332993]}},
{"type":"Feature","properties":{"fclass":"restaurant","name":null},"geometry":{"type":"Point","coordinates":[79.8433115,6.9336723]}},
{"type":"Feature","properties":{"fclass":"bakery","name":null},"geometry":{"type":"Point","coordinates":[80.0148331,6.457483]}},
{"type":"Feature","properties":{"fclass":"beverages","name":"tops!"},"geometry":{"type":"Point","coordinates":[79.9339394,6.8825128]}},
{"type":"Feature","properties":{"fclass":"cafe","name":"The Bakery at the Edge"},"geometry":{"type":"Point","coordinates":[79.9118889,6.9054176]}},
{"type":"Feature","properties":{"fclass":"restaurant","name":"Chariot"},"geometry":{"type":"Point","coordinates":[79.9556484,6.9040907]}},
{"type":"Feature","properties":{"fclass":"bakery","name":"Sei Kantha Bakery"},"geometry":{"type":"Point","coordinates":[79.884756,6.9130241]}},
{"type":"Feature","properties":{"fclass":"beverages","name":"Liberty Wine Stores"},"geometry":{"type":"Point","coordinates":[79.9353533,6.8760299]}},
{"type":"Feature","properties":{"fclass":"restaurant","name":"Sahal"},"geometry":{"type":"Point","coordinates":[79.868956,6.903005]}},
{"type":"Feature","properties":{"fclass":"cafe","name":"Simply Strawberries"},"geometry":{"type":"Point","coordinates":[79.9071081,6.9032099]}},
{"type":"Feature","properties":{"fclass":"cafe","name":"The Platter"},"geometry":{"type":"Point","coordinates":[79.8643748,6.8884208]}},
{"type":"Feature","properties":{"fclass":"restaurant","name":"Mexican House"},"geometry":{"type":"Point","coordinates":[79.8603318,6.8870578]}},
{"type":"Feature","properties":{"fclass":"restaurant","name":"Monarch Dynasty Wine&Dine"},"geometry":{"type":"Point","coordinates":[79.9383777,6.8717713]}},
{"type":"Feature","properties":{"fclass":"bakery","name":"Perera & Sons"},"geometry":{"type":"Point","coordinates":[79.9297359,6.8890505]}},
{"type":"Feature","properties":{"fclass":"restaurant","name":null},"geometry":{"type":"Point","coordinates":[79.8569164,6.8904641]}},
{"type":"Feature","properties":{"fclass":"restaurant","name":null},"geometry":{"type":"Point","coordinates":[79.8667335,6.8783656]}},
{"type":"Feature","properties":{"fclass":"restaurant","name":null},"geometry":{"type":"Point","coordinates":[79.8530302,6.9061477]}},
{"type":"Feature","properties":{"fclass":"restaurant","name":null},"geometry":{"type":"Point","coordinates":[79.853615,6.9063894]}},
{"type":"Feature","properties":{"fclass":"restaurant","name":null},"geometry":{"type":"Point","coordinates":[79.858432,6.9054259]}},
{"type":"Feature","properties":{"fclass":"restaurant","name":null},"geometry":{"type":"Point","coordinates":[79.8544966,6.9059963]}},
{"type":"Feature","properties":{"fclass":"restaurant","name":"Red Orchids"},"geometry":{"type":"Point","coordinates":[79.856327,6.8813495]}},
{"type":"Feature","properties":{"fclass":"restaurant","name":null},"geometry":{"type":"Point","coordinates":[79.871432,6.9105496]}},
{"type":"Feature","properties":{"fclass":"restaurant","name":null},"geometry":{"type":"Point","coordinates":[79.8637481,6.8880381]}},
{"type":"Feature","properties":{"fclass":"restaurant","name":null},"geometry":{"type":"Point","coordinates":[79.8606645,6.8946639]}},
{"type":"Feature","properties":{"fclass":"restaurant","name":null},"geometry":{"type":"Point","coordinates":[79.8564595,6.8931771]}},
{"type":"Feature","properties":{"fclass":"fast_food","name":"Shaxian"},"geometry":{"type":"Point","coordinates":[79.8538174,6.906456]}},
{"type":"Feature","properties":{"fclass":"restaurant","name":null},"geometry":{"type":"Point","coordinates":[79.8665274,6.8851454]}},
{"type":"Feature","properties":{"fclass":"restaurant","name":null},"geometry":{"type":"Point","coordinates":[79.8531438,6.900316]}},
{"type":"Feature","properties":{"fclass":"restaurant","name":null},"geometry":{"type":"Point","coordinates":[79.8626874,6.8877609]}},
{"type":"Feature","properties":{"fclass":"restaurant","name":null},"geometry":{"type":"Point","coordinates":[79.8522741,6.8968413]}},
{"type":"Feature","properties":{"fclass":"restaurant","name":"Queen’s"},"geometry":{"type":"Point","coordinates":[79.8412474,7.2304051]}},
{"type":"Feature","properties":{"fclass":"restaurant","name":"Oracle Restaurant"},"geometry":{"type":"Point","coordinates":[79.9218024,6.8789293]}},
{"type":"Feature","properties":{"fclass":"restaurant","name":"Yeyan KTV & BBQ"},"geometry":{"type":"Point","coordinates":[79.8560393,6.9122465]}},
{"type":"Feature","properties":{"fclass":"restaurant","name":"Ajith Family Restaurant"},"geometry":{"type":"Point","coordinates":[79.9092124,6.8841471]}},
{"type":"Feature","properties":{"fclass":"restaurant","name":"Sakya Pavilion"},"geometry":{"type":"Point","coordinates":[79.9382858,6.8948732]}},
{"type":"Feature","properties":{"fclass":"beverages","name":"Leelarathne Wine Shop"},"geometry":{"type":"Point","coordinates":[79.9344299,6.8809491]}},
{"type":"Feature","properties":{"fclass":"cafe","name":null},"geometry":{"type":"Point","coordinates":[79.866809,6.9257265]}},
{"type":"Feature","properties":{"fclass":"cafe","name":null},"geometry":{"type":"Point","coordinates":[79.8664671,6.9260962]}},
{"type":"Feature","properties":{"fclass":"cafe","name":null},"geometry":{"type":"Point","coordinates":[79.8409267,7.2311321]}},
{"type":"Feature","properties":{"fclass":"bakery","name":"Bluebell"},"geometry":{"type":"Point","coordinates":[79.9218593,6.8998884]}},
{"type":"Feature","properties":{"fclass":"cafe","name":"Alumka"},"geometry":{"type":"Point","coordinates":[79.9220224,6.8997799]}},
{"type":"Feature","properties":{"fclass":"restaurant","name":null},"geometry":{"type":"Point","coordinates":[79.8566228,6.9190693]}},
{"type":"Feature","properties":{"fclass":"restaurant","name":null},"geometry":{"type":"Point","coordinates":[79.8565223,6.9190961]}},
{"type":"Feature","properties":{"fclass":"restaurant","name":null},"geometry":{"type":"Point","coordinates":[79.899161,7.2271043]}},
{"type":"Feature","properties":{"fclass":"cafe","name":"HeBrews"},"geometry":{"type":"Point","coordinates":[79.9001531,6.9077188]}},
{"type":"Feature","properties":{"fclass":"restaurant","name":"The Grand Solis"},"geometry":{"type":"Point","coordinates":[79.8938003,6.9001505]}},
{"type":"Feature","properties":{"fclass":"restaurant","name":"Thalis"},"geometry":{"type":"Point","coordinates":[79.8718277,6.8870861]}},
{"type":"Feature","properties":{"fclass":"restaurant","name":null},"geometry":{"type":"Point","coordinates":[79.854922,6.8960134]}},
{"type":"Feature","properties":{"fclass":"cafe","name":"Barista"},"geometry":{"type":"Point","coordinates":[79.9346196,6.8792497]}},
{"type":"Feature","properties":{"fclass":"fast_food","name":"Dilanka"},"geometry":{"type":"Point","coordinates":[79.934167,6.8807298]}},
{"type":"Feature","properties":{"fclass":"fast_food","name":"Sanora"},"geometry":{"type":"Point","coordinates":[79.9344654,6.8798581]}},
{"type":"Feature","properties":{"fclass":"bakery","name":"Bluebell"},"geometry":{"type":"Point","coordinates":[79.9286203,6.8927362]}},
{"type":"Feature","properties":{"fclass":"restaurant","name":"Food"},"geometry":{"type":"Point","coordinates":[79.9332095,6.8831085]}},
{"type":"Feature","properties":{"fclass":"restaurant","name":"Red Orchids"},"geometry":{"type":"Point","coordinates":[79.9288965,6.8903562]}},
{"type":"Feature","properties":{"fclass":"restaurant","name":"RaSaaRaa Family Restaurant"},"geometry":{"type":"Point","coordinates":[79.9322783,6.8862764]}},
{"type":"Feature","properties":{"fclass":"restaurant","name":"Quick Thai"},"geometry":{"type":"Point","coordinates":[79.9289987,6.8900964]}},
{"type":"Feature","properties":{"fclass":"bakery","name":"Perera & Sons"},"geometry":{"type":"Point","coordinates":[79.928904,6.8903106]}},
{"type":"Feature","properties":{"fclass":"fast_food","name":"sigiri Restaurant"},"geometry":{"type":"Point","coordinates":[79.9286962,6.8922592]}},
{"type":"Feature","properties":{"fclass":"restaurant","name":"Jade Dragon"},"geometry":{"type":"Point","coordinates":[79.8522654,6.8970974]}},
{"type":"Feature","properties":{"fclass":"restaurant","name":"The Catch"},"geometry":{"type":"Point","coordinates":[79.9238842,6.8957253]}},
{"type":"Feature","properties":{"fclass":"restaurant","name":"Land of Kings"},"geometry":{"type":"Point","coordinates":[79.9235989,6.8955483]}},
{"type":"Feature","properties":{"fclass":"restaurant","name":"Sri Bhavan"},"geometry":{"type":"Point","coordinates":[79.9340535,6.8751448]}},
{"type":"Feature","properties":{"fclass":"bakery","name":"Paan Paan"},"geometry":{"type":"Point","coordinates":[79.8552253,6.8985017]}},
{"type":"Feature","properties":{"fclass":"restaurant","name":null},"geometry":{"type":"Point","coordinates":[79.8418191,7.2391699]}},
{"type":"Feature","properties":{"fclass":"restaurant","name":null},"geometry":{"type":"Point","coordinates":[79.8417358,7.2398236]}},
{"type":"Feature","properties":{"fclass":"restaurant","name":"Monsoon Colombo"},"geometry":{"type":"Point","coordinates":[79.8584841,6.9163929]}},
{"type":"Feature","properties":{"fclass":"cafe","name":null},"geometry":{"type":"Point","coordinates":[79.8665207,6.9094229]}},
{"type":"Feature","properties":{"fclass":"restaurant","name":"OVC Café"},"geometry":{"type":"Point","coordinates":[79.8590565,6.8971458]}},
{"type":"Feature","properties":{"fclass":"fast_food","name":null},"geometry":{"type":"Point","coordinates":[79.841214,7.2298308]}},
{"type":"Feature","properties":{"fclass":"restaurant","name":null},"geometry":{"type":"Point","coordinates":[79.8645414,6.8586254]}},
{"type":"Feature","properties":{"fclass":"restaurant","name":null},"geometry":{"type":"Point","coordinates":[79.8479562,6.9321557]}},
{"type":"Feature","properties":{"fclass":"restaurant","name":"Namaluwa Food Corner"},"geometry":{"type":"Point","coordinates":[80.1179466,6.9751346]}},
{"type":"Feature","properties":{"fclass":"restaurant","name":"Silver Spoon"},"geometry":{"type":"Point","coordinates":[79.9304053,6.8887118]}},
{"type":"Feature","properties":{"fclass":"fast_food","name":"Domino's"},"geometry":{"type":"Point","coordinates":[79.9305158,6.8886735]}},
{"type":"Feature","properties":{"fclass":"beverages","name":"Pelawatte Wine Stores"},"geometry":{"type":"Point","coordinates":[79.9303269,6.8888274]}},
{"type":"Feature","properties":{"fclass":"fast_food","name":"Burger King"},"geometry":{"type":"Point","coordinates":[79.8879312,6.7963921]}},
{"type":"Feature","properties":{"fclass":"restaurant","name":null},"geometry":{"type":"Point","coordinates":[79.8637308,6.9096771]}},
{"type":"Feature","properties":{"fclass":"restaurant","name":"Arroma"},"geometry":{"type":"Point","coordinates":[79.9224239,6.8981994]}},
{"type":"Feature","properties":{"fclass":"restaurant","name":null},"geometry":{"type":"Point","coordinates":[79.842699,7.233214]}},
{"type":"Feature","properties":{"fclass":"fast_food","name":null},"geometry":{"type":"Point","coordinates":[79.8496189,6.9075347]}},
{"type":"Feature","properties":{"fclass":"cafe","name":"koffee kulture"},"geometry":{"type":"Point","coordinates":[79.8649255,6.9138261]}},
{"type":"Feature","properties":{"fclass":"restaurant","name":null},"geometry":{"type":"Point","coordinates":[79.8572462,6.9099236]}},
{"type":"Feature","properties":{"fclass":"restaurant","name":null},"geometry":{"type":"Point","coordinates":[79.8562234,6.9116692]}},
{"type":"Feature","properties":{"fclass":"restaurant","name":"Harpo's"},"geometry":{"type":"Point","coordinates":[79.8979986,6.8743673]}},
{"type":"Feature","properties":{"fclass":"fast_food","name":"Ocean Food Parlour"},"geometry":{"type":"Point","coordinates":[79.896922,6.8746822]}},
{"type":"Feature","properties":{"fclass":"restaurant","name":"Kyoto Mirai"},"geometry":{"type":"Point","coordinates":[79.8496164,6.912491]}},
{"type":"Feature","properties":{"fclass":"restaurant","name":null},"geometry":{"type":"Point","coordinates":[79.92082,6.9003861]}},
{"type":"Feature","properties":{"fclass":"restaurant","name":"The Embazzy"},"geometry":{"type":"Point","coordinates":[79.8584157,6.9065651]}},
{"type":"Feature","properties":{"fclass":"cafe","name":"Nutrinova Café"},"geometry":{"type":"Point","coordinates":[79.9285218,6.8928271]}},
{"type":"Feature","properties":{"fclass":"restaurant","name":"Sundown Beach Restaurant"},"geometry":{"type":"Point","coordinates":[79.9459561,6.6143077]}},
{"type":"Feature","properties":{"fclass":"cafe","name":"Java Lounge"},"geometry":{"type":"Point","coordinates":[79.8919425,6.8969031]}},
{"type":"Feature","properties":{"fclass":"fast_food","name":"Tashila Food Centre"},"geometry":{"type":"Point","coordinates":[79.9282968,6.8911703]}},
{"type":"Feature","properties":{"fclass":"bakery","name":"Nilanthi Bakers"},"geometry":{"type":"Point","coordinates":[79.9020786,6.8839143]}},
{"type":"Feature","properties":{"fclass":"restaurant","name":null},"geometry":{"type":"Point","coordinates":[79.8838619,6.7859264]}},
{"type":"Feature","properties":{"fclass":"restaurant","name":"Pastamania"},"geometry":{"type":"Point","coordinates":[79.8555871,6.8993648]}},
{"type":"Feature","properties":{"fclass":"restaurant","name":"Dolce Italia"},"geometry":{"type":"Point","coordinates":[79.8633423,6.8872572]}},
{"type":"Feature","properties":{"fclass":"bakery","name":"Backer Frinds Pvt Ltd"},"geometry":{"type":"Point","coordinates":[79.8798456,6.8104371]}},
{"type":"Feature","properties":{"fclass":"fast_food","name":"Yushuf Fish and Chips"},"geometry":{"type":"Point","coordinates":[79.8629156,6.9499414]}},
{"type":"Feature","properties":{"fclass":"bakery","name":"Chinthaka Bake House"},"geometry":{"type":"Point","coordinates":[79.9002533,6.7602377]}},
{"type":"Feature","properties":{"fclass":"restaurant","name":"Chef Don"},"geometry":{"type":"Point","coordinates":[79.8985741,6.7575618]}},
{"type":"Feature","properties":{"fclass":"restaurant","name":"Las Brisas Lake Resort"},"geometry":{"type":"Point","coordinates":[79.9075158,6.7630861]}},
{"type":"Feature","properties":{"fclass":"bakery","name":"Oshi Bakers"},"geometry":{"type":"Point","coordinates":[79.899232,6.7552073]}},
{"type":"Feature","properties":{"fclass":"restaurant","name":"Waves Cafe"},"geometry":{"type":"Point","coordinates":[79.9028117,6.7555473]}},
{"type":"Feature","properties":{"fclass":"bakery","name":"Sunil Bakery"},"geometry":{"type":"Point","coordinates":[79.909432,6.7568802]}},
{"type":"Feature","properties":{"fclass":"restaurant","name":"Nilan Takeaaway Foods catering service"},"geometry":{"type":"Point","coordinates":[79.8775053,6.9716653]}},
{"type":"Feature","properties":{"fclass":"restaurant","name":"Spicy Food Caterers"},"geometry":{"type":"Point","coordinates":[79.8762737,6.9719113]}},
{"type":"Feature","properties":{"fclass":"cafe","name":"Food Bank"},"geometry":{"type":"Point","coordinates":[79.8756649,6.9734008]}},
{"type":"Feature","properties":{"fclass":"restaurant","name":"Royal Biriyani and B.B.Q"},"geometry":{"type":"Point","coordinates":[79.8760047,6.9738223]}},
{"type":"Feature","properties":{"fclass":"cafe","name":"Harbour Canteen"},"geometry":{"type":"Point","coordinates":[79.8584248,6.959422]}},
{"type":"Feature","properties":{"fclass":"restaurant","name":"Victoria pasrty shop"},"geometry":{"type":"Point","coordinates":[79.8627999,6.9582231]}},
{"type":"Feature","properties":{"fclass":"bakery","name":"Modara Bake House"},"geometry":{"type":"Point","coordinates":[79.8676448,6.9662844]}},
{"type":"Feature","properties":{"fclass":"restaurant","name":"Yahya Take Away"},"geometry":{"type":"Point","coordinates":[79.8697556,6.9685836]}},
{"type":"Feature","properties":{"fclass":"restaurant","name":"Buhari Hotel & Bake House"},"geometry":{"type":"Point","coordinates":[79.8727351,6.9706788]}},
{"type":"Feature","properties":{"fclass":"restaurant","name":"Mathara Rathu Kekulu Bath Kade"},"geometry":{"type":"Point","coordinates":[79.8729406,6.9710775]}},
{"type":"Feature","properties":{"fclass":"restaurant","name":"Fine N Dine"},"geometry":{"type":"Point","coordinates":[79.8713341,6.9728389]}},
{"type":"Feature","properties":{"fclass":"restaurant","name":"?????? ??????"},"geometry":{"type":"Point","coordinates":[79.8997015,6.7533034]}},
{"type":"Feature","properties":{"fclass":"restaurant","name":"Charith's"},"geometry":{"type":"Point","coordinates":[79.8999575,6.7531762]}},
{"type":"Feature","properties":{"fclass":"restaurant","name":"OSARA hotel & Cateres"},"geometry":{"type":"Point","coordinates":[79.9168986,6.8471854]}},
{"type":"Feature","properties":{"fclass":"restaurant","name":"Leaf Restaurant"},"geometry":{"type":"Point","coordinates":[79.9232414,6.8488882]}},
{"type":"Feature","properties":{"fclass":"restaurant","name":"Rasa Bojun"},"geometry":{"type":"Point","coordinates":[79.9258471,6.8476074]}},
{"type":"Feature","properties":{"fclass":"restaurant","name":"Happy Banana Family restaurant"},"geometry":{"type":"Point","coordinates":[79.9284376,6.8452391]}},
{"type":"Feature","properties":{"fclass":"restaurant","name":"Mjestic Cool Spot & Bombay"},"geometry":{"type":"Point","coordinates":[79.9262354,6.8465966]}},
{"type":"Feature","properties":{"fclass":"restaurant","name":"Pushpa Home"},"geometry":{"type":"Point","coordinates":[79.9262252,6.8462557]}},
{"type":"Feature","properties":{"fclass":"restaurant","name":"Poliwoods Food Maharagama"},"geometry":{"type":"Point","coordinates":[79.9256265,6.8444328]}},
{"type":"Feature","properties":{"fclass":"restaurant","name":"Rathu Kekulu Bath Kade"},"geometry":{"type":"Point","coordinates":[79.925553,6.8444588]}},
{"type":"Feature","properties":{"fclass":"restaurant","name":"Golden Kitchen"},"geometry":{"type":"Point","coordinates":[79.9249651,6.84418]}},
{"type":"Feature","properties":{"fclass":"restaurant","name":"Rasa gedara"},"geometry":{"type":"Point","coordinates":[79.9229075,6.8432952]}},
{"type":"Feature","properties":{"fclass":"restaurant","name":"Hotel Laxmi Bhawan"},"geometry":{"type":"Point","coordinates":[79.9224891,6.8430987]}},
{"type":"Feature","properties":{"fclass":"restaurant","name":"The White House"},"geometry":{"type":"Point","coordinates":[79.9216977,6.8429921]}},
{"type":"Feature","properties":{"fclass":"restaurant","name":"On Win Pool Paelour and Pub"},"geometry":{"type":"Point","coordinates":[79.9217542,6.8428068]}},
{"type":"Feature","properties":{"fclass":"restaurant","name":"Gedara Maharagama"},"geometry":{"type":"Point","coordinates":[79.9210249,6.8429022]}},
{"type":"Feature","properties":{"fclass":"fast_food","name":"Dimuthu Food Cabin"},"geometry":{"type":"Point","coordinates":[79.9179732,6.8422741]}},
{"type":"Feature","properties":{"fclass":"restaurant","name":"Ever Choice"},"geometry":{"type":"Point","coordinates":[79.9208391,6.8064277]}},
{"type":"Feature","properties":{"fclass":"restaurant","name":"Navodya Family Restaurant"},"geometry":{"type":"Point","coordinates":[79.9212891,6.8055866]}},
{"type":"Feature","properties":{"fclass":"bakery","name":"Susiko"},"geometry":{"type":"Point","coordinates":[79.9218635,6.8025933]}},
{"type":"Feature","properties":{"fclass":"cafe","name":"Abeyrathna Groceries"},"geometry":{"type":"Point","coordinates":[79.9172784,6.8058917]}},
{"type":"Feature","properties":{"fclass":"restaurant","name":"Liyanka Hotel"},"geometry":{"type":"Point","coordinates":[79.9183159,6.8038762]}},
{"type":"Feature","properties":{"fclass":"restaurant","name":"Liyanka Restaurant & Reception"},"geometry":{"type":"Point","coordinates":[79.9180469,6.8038551]}},
{"type":"Feature","properties":{"fclass":"bakery","name":"Little Lion"},"geometry":{"type":"Point","coordinates":[79.9224048,6.8019613]}},
{"type":"Feature","properties":{"fclass":"cafe","name":"PGP Juice Bar"},"geometry":{"type":"Point","coordinates":[79.9226059,6.8018015]}},
{"type":"Feature","properties":{"fclass":"restaurant","name":"Royal Cafe"},"geometry":{"type":"Point","coordinates":[79.9220159,6.8015139]}},
{"type":"Feature","properties":{"fclass":"restaurant","name":"The Hot Hut"},"geometry":{"type":"Point","coordinates":[79.9206479,6.8012323]}},
{"type":"Feature","properties":{"fclass":"restaurant","name":"Aasife Biriyani"},"geometry":{"type":"Point","coordinates":[79.9044759,6.9058395]}},
{"type":"Feature","properties":{"fclass":"restaurant","name":"Araliya Food Centre"},"geometry":{"type":"Point","coordinates":[79.905439,6.9036067]}},
{"type":"Feature","properties":{"fclass":"restaurant","name":"The Sizzle Ethul Kotte"},"geometry":{"type":"Point","coordinates":[79.905334,6.903552]}},
{"type":"Feature","properties":{"fclass":"bakery","name":"New Sasirika Bakers"},"geometry":{"type":"Point","coordinates":[79.9055072,6.9037891]}},
{"type":"Feature","properties":{"fclass":"restaurant","name":"Sri sha Bavan"},"geometry":{"type":"Point","coordinates":[79.9060102,6.8990186]}},
{"type":"Feature","properties":{"fclass":"restaurant","name":"Siripura Restaurant"},"geometry":{"type":"Point","coordinates":[79.9061078,6.8987147]}},
{"type":"Feature","properties":{"fclass":"fast_food","name":"Savonrich Food"},"geometry":{"type":"Point","coordinates":[79.9059867,6.8980733]}},
{"type":"Feature","properties":{"fclass":"restaurant","name":"Ran Ruwan Store"},"geometry":{"type":"Point","coordinates":[79.9059029,6.8962945]}},
{"type":"Feature","properties":{"fclass":"restaurant","name":"Cimply Yummy"},"geometry":{"type":"Point","coordinates":[79.9055346,6.8949829]}},
{"type":"Feature","properties":{"fclass":"cafe","name":"Rasadin Wade Kade"},"geometry":{"type":"Point","coordinates":[79.9055689,6.8946765]}},
{"type":"Feature","properties":{"fclass":"cafe","name":"Kürtösh by Klassy"},"geometry":{"type":"Point","coordinates":[79.9050139,6.8939307]}},
{"type":"Feature","properties":{"fclass":"restaurant","name":"Sapid Foods"},"geometry":{"type":"Point","coordinates":[79.9048055,6.8929912]}},
{"type":"Feature","properties":{"fclass":"restaurant","name":"Sirisara Hotel & Bakers"},"geometry":{"type":"Point","coordinates":[79.9052677,6.8914789]}},
{"type":"Feature","properties":{"fclass":"bakery","name":"Navasiri Bakers"},"geometry":{"type":"Point","coordinates":[79.9038296,6.8911769]}},
{"type":"Feature","properties":{"fclass":"cafe","name":"Okith Fresh Mart"},"geometry":{"type":"Point","coordinates":[79.903896,6.8909847]}},
{"type":"Feature","properties":{"fclass":"restaurant","name":"Alhewana Family Restaurant"},"geometry":{"type":"Point","coordinates":[79.8989985,6.883416]}},
{"type":"Feature","properties":{"fclass":"restaurant","name":"Box-O-Noodles"},"geometry":{"type":"Point","coordinates":[79.8988141,6.8833668]}},
{"type":"Feature","properties":{"fclass":"food_court","name":"Rasa"},"geometry":{"type":"Point","coordinates":[79.9008023,6.884072]}},
{"type":"Feature","properties":{"fclass":"bakery","name":"Kanora Bakery"},"geometry":{"type":"Point","coordinates":[79.9018329,6.8853183]}},
{"type":"Feature","properties":{"fclass":"fast_food","name":"Alhewana Foods"},"geometry":{"type":"Point","coordinates":[79.9021343,6.8867023]}},
{"type":"Feature","properties":{"fclass":"restaurant","name":"Sizzler"},"geometry":{"type":"Point","coordinates":[79.9023958,6.8873247]}},
{"type":"Feature","properties":{"fclass":"food_court","name":"Nelee Foods"},"geometry":{"type":"Point","coordinates":[79.9021846,6.8860214]}},
{"type":"Feature","properties":{"fclass":"restaurant","name":"The Fab - Pitakotte"},"geometry":{"type":"Point","coordinates":[79.9024176,6.8856788]}},
{"type":"Feature","properties":{"fclass":"bakery","name":"Gamage Bakery"},"geometry":{"type":"Point","coordinates":[79.9032545,6.8842997]}},
{"type":"Feature","properties":{"fclass":"restaurant","name":"Garton's Group Head Office (Garton's Ark)"},"geometry":{"type":"Point","coordinates":[79.8929365,6.8830896]}},
{"type":"Feature","properties":{"fclass":"restaurant","name":"Grand 65"},"geometry":{"type":"Point","coordinates":[79.8954112,6.8804398]}},
{"type":"Feature","properties":{"fclass":"bakery","name":"Udara Bakers"},"geometry":{"type":"Point","coordinates":[79.893394,6.8777846]}},
{"type":"Feature","properties":{"fclass":"restaurant","name":"Cafe79"},"geometry":{"type":"Point","coordinates":[79.892328,6.8761201]}},
{"type":"Feature","properties":{"fclass":"restaurant","name":"Box-O-Noodless"},"geometry":{"type":"Point","coordinates":[79.8989757,6.8832358]}},
{"type":"Feature","properties":{"fclass":"bakery","name":"CBlue Bow Bakery"},"geometry":{"type":"Point","coordinates":[79.8972126,6.8804814]}},
{"type":"Feature","properties":{"fclass":"restaurant","name":"Ruwan Foods"},"geometry":{"type":"Point","coordinates":[79.8994757,6.8767863]}},
{"type":"Feature","properties":{"fclass":"fast_food","name":"Cloud Wok"},"geometry":{"type":"Point","coordinates":[79.8998381,6.8759554]}},
{"type":"Feature","properties":{"fclass":"restaurant","name":"Palpatha"},"geometry":{"type":"Point","coordinates":[79.8991133,6.8754157]}},
{"type":"Feature","properties":{"fclass":"food_court","name":"Cuptails"},"geometry":{"type":"Point","coordinates":[79.8939771,6.8741598]}},
{"type":"Feature","properties":{"fclass":"cafe","name":"Sasirika Bakers"},"geometry":{"type":"Point","coordinates":[79.897929,6.8697464]}},
{"type":"Feature","properties":{"fclass":"restaurant","name":"Little Cottage Party Venue"},"geometry":{"type":"Point","coordinates":[79.8980902,6.870212]}},
{"type":"Feature","properties":{"fclass":"fast_food","name":"Lak Food"},"geometry":{"type":"Point","coordinates":[79.900606,6.8761774]}},
{"type":"Feature","properties":{"fclass":"restaurant","name":null},"geometry":{"type":"Point","coordinates":[79.8408352,7.2263217]}},
{"type":"Feature","properties":{"fclass":"restaurant","name":null},"geometry":{"type":"Point","coordinates":[79.9948762,6.4379658]}},
{"type":"Feature","properties":{"fclass":"restaurant","name":"Pho Vietnam"},"geometry":{"type":"Point","coordinates":[79.8604217,6.895476]}},
{"type":"Feature","properties":{"fclass":"restaurant","name":"Pizza Hut"},"geometry":{"type":"Point","coordinates":[79.9121219,6.8828007]}},
{"type":"Feature","properties":{"fclass":"restaurant","name":"Belmio Pizza"},"geometry":{"type":"Point","coordinates":[79.9320416,6.8758916]}},
{"type":"Feature","properties":{"fclass":"restaurant","name":"Cluster Restaurant"},"geometry":{"type":"Point","coordinates":[79.931726,6.8760902]}},
{"type":"Feature","properties":{"fclass":"cafe","name":null},"geometry":{"type":"Point","coordinates":[79.8646592,6.9088981]}},
{"type":"Feature","properties":{"fclass":"restaurant","name":"Samanala Restaurant & Reception Hall"},"geometry":{"type":"Point","coordinates":[79.9258556,6.876787]}},
{"type":"Feature","properties":{"fclass":"restaurant","name":null},"geometry":{"type":"Point","coordinates":[79.8434661,6.9342691]}},
{"type":"Feature","properties":{"fclass":"restaurant","name":null},"geometry":{"type":"Point","coordinates":[79.8416213,7.2360214]}},
{"type":"Feature","properties":{"fclass":"restaurant","name":"Sakura"},"geometry":{"type":"Point","coordinates":[79.8663284,6.8851529]}},
{"type":"Feature","properties":{"fclass":"fast_food","name":"Rasa"},"geometry":{"type":"Point","coordinates":[79.901024,6.8841827]}},
{"type":"Feature","properties":{"fclass":"restaurant","name":"Agra"},"geometry":{"type":"Point","coordinates":[79.8649185,6.9034936]}},
{"type":"Feature","properties":{"fclass":"fast_food","name":"Tasty Caterer"},"geometry":{"type":"Point","coordinates":[79.8700234,6.8893226]}},
{"type":"Feature","properties":{"fclass":"restaurant","name":"Chambers"},"geometry":{"type":"Point","coordinates":[79.8585304,6.9165227]}},
{"type":"Feature","properties":{"fclass":"cafe","name":"Barnes Garden Café"},"geometry":{"type":"Point","coordinates":[79.8645778,6.8401482]}},
{"type":"Feature","properties":{"fclass":"restaurant","name":"Tsukiji Uiochi"},"geometry":{"type":"Point","coordinates":[79.8682996,6.9035102]}},
{"type":"Feature","properties":{"fclass":"bakery","name":"Bluebell"},"geometry":{"type":"Point","coordinates":[79.9362583,6.8754198]}},
{"type":"Feature","properties":{"fclass":"restaurant","name":"The Port Restaurant & Beach Bar"},"geometry":{"type":"Point","coordinates":[79.8401819,7.2311285]}},
{"type":"Feature","properties":{"fclass":"beverages","name":null},"geometry":{"type":"Point","coordinates":[79.8430932,7.2172354]}},
{"type":"Feature","properties":{"fclass":"cafe","name":"Java"},"geometry":{"type":"Point","coordinates":[79.8705707,6.9128047]}},
{"type":"Feature","properties":{"fclass":"restaurant","name":"The Barnesbury"},"geometry":{"type":"Point","coordinates":[79.8736958,6.9127977]}},
{"type":"Feature","properties":{"fclass":"restaurant","name":"Fiftykay Orchids"},"geometry":{"type":"Point","coordinates":[79.9111531,6.9055755]}},
{"type":"Feature","properties":{"fclass":"cafe","name":null},"geometry":{"type":"Point","coordinates":[79.9292103,6.8925545]}},
{"type":"Feature","properties":{"fclass":"restaurant","name":"The Leone"},"geometry":{"type":"Point","coordinates":[80.1515104,7.1929961]}},
{"type":"Feature","properties":{"fclass":"fast_food","name":"PettiKade"},"geometry":{"type":"Point","coordinates":[79.8601233,6.8860324]}},
{"type":"Feature","properties":{"fclass":"restaurant","name":"Ocean Floor"},"geometry":{"type":"Point","coordinates":[79.8401724,7.2310229]}},
{"type":"Feature","properties":{"fclass":"fast_food","name":"Magic Corn"},"geometry":{"type":"Point","coordinates":[79.8665409,6.8884763]}},
{"type":"Feature","properties":{"fclass":"fast_food","name":"Paan Paan"},"geometry":{"type":"Point","coordinates":[79.8664976,6.8885514]}},
{"type":"Feature","properties":{"fclass":"cafe","name":"Roots"},"geometry":{"type":"Point","coordinates":[79.8665983,6.8883898]}},
{"type":"Feature","properties":{"fclass":"restaurant","name":"HoocH"},"geometry":{"type":"Point","coordinates":[79.8569355,6.8964828]}},
{"type":"Feature","properties":{"fclass":"cafe","name":"Arpico Crust Café"},"geometry":{"type":"Point","coordinates":[79.9338579,6.8831474]}},
{"type":"Feature","properties":{"fclass":"restaurant","name":"Liberty"},"geometry":{"type":"Point","coordinates":[79.9338392,6.8819928]}},
{"type":"Feature","properties":{"fclass":"cafe","name":"Rush"},"geometry":{"type":"Point","coordinates":[79.9409258,6.8746128]}},
{"type":"Feature","properties":{"fclass":"cafe","name":"Cafe Raw Refeshing Ayurvedic Wellness"},"geometry":{"type":"Point","coordinates":[79.8767853,6.9032648]}},
{"type":"Feature","properties":{"fclass":"fast_food","name":"N&N Little Lion"},"geometry":{"type":"Point","coordinates":[79.9255098,6.9366764]}},
{"type":"Feature","properties":{"fclass":"restaurant","name":"Mermaid Sea Food Restaurant"},"geometry":{"type":"Point","coordinates":[79.863508,7.1734642]}},
{"type":"Feature","properties":{"fclass":"restaurant","name":null},"geometry":{"type":"Point","coordinates":[79.8647088,7.1714485]}},
{"type":"Feature","properties":{"fclass":"cafe","name":"Cafe 64"},"geometry":{"type":"Point","coordinates":[79.8425564,6.9319075]}},
{"type":"Feature","properties":{"fclass":"restaurant","name":"Ginza Hohsen"},"geometry":{"type":"Point","coordinates":[79.8426092,6.9321209]}},
{"type":"Feature","properties":{"fclass":"bakery","name":"New Sirisara Bakers"},"geometry":{"type":"Point","coordinates":[79.9007459,6.8758304]}},
{"type":"Feature","properties":{"fclass":"restaurant","name":"Mackie's"},"geometry":{"type":"Point","coordinates":[79.8731051,6.8875997]}},
{"type":"Feature","properties":{"fclass":"restaurant","name":"Ceylon King"},"geometry":{"type":"Point","coordinates":[79.9056797,6.8966897]}},
{"type":"Feature","properties":{"fclass":"restaurant","name":"Lemongrass Takeaway"},"geometry":{"type":"Point","coordinates":[79.9061338,6.8968101]}},
{"type":"Feature","properties":{"fclass":"restaurant","name":"Sanuki"},"geometry":{"type":"Point","coordinates":[79.9330702,6.8746381]}},
{"type":"Feature","properties":{"fclass":"bakery","name":null},"geometry":{"type":"Point","coordinates":[79.8743336,6.9597302]}},
{"type":"Feature","properties":{"fclass":"restaurant","name":null},"geometry":{"type":"Point","coordinates":[79.9974837,6.429331]}},
{"type":"Feature","properties":{"fclass":"restaurant","name":null},"geometry":{"type":"Point","coordinates":[79.9420824,6.6281839]}},
{"type":"Feature","properties":{"fclass":"restaurant","name":"Kang's Kitchen"},"geometry":{"type":"Point","coordinates":[79.8661305,6.9114793]}},
{"type":"Feature","properties":{"fclass":"restaurant","name":"Tintagel Colombo"},"geometry":{"type":"Point","coordinates":[79.8699237,6.9151116]}},
{"type":"Feature","properties":{"fclass":"restaurant","name":"Blackout"},"geometry":{"type":"Point","coordinates":[79.8687619,6.9162794]}},
{"type":"Feature","properties":{"fclass":"cafe","name":"Black Cat"},"geometry":{"type":"Point","coordinates":[79.8695287,6.9154084]}},
{"type":"Feature","properties":{"fclass":"cafe","name":"Paradise Road Café"},"geometry":{"type":"Point","coordinates":[79.8622853,6.9163481]}},
{"type":"Feature","properties":{"fclass":"restaurant","name":null},"geometry":{"type":"Point","coordinates":[79.8497672,6.9174605]}},
{"type":"Feature","properties":{"fclass":"fast_food","name":"McDonald's"},"geometry":{"type":"Point","coordinates":[79.8449221,6.9282909]}},
{"type":"Feature","properties":{"fclass":"cafe","name":"Cafe 47"},"geometry":{"type":"Point","coordinates":[79.9317092,6.8758014]}},
{"type":"Feature","properties":{"fclass":"restaurant","name":"Salmon & Maki"},"geometry":{"type":"Point","coordinates":[79.9193201,6.8798898]}},
{"type":"Feature","properties":{"fclass":"restaurant","name":"Dinwella"},"geometry":{"type":"Point","coordinates":[80.0865317,6.8786109]}},
{"type":"Feature","properties":{"fclass":"cafe","name":"Café Plus"},"geometry":{"type":"Point","coordinates":[80.2059425,6.9546593]}},
{"type":"Feature","properties":{"fclass":"restaurant","name":"Leyons Food"},"geometry":{"type":"Point","coordinates":[80.101366,6.9181589]}},
{"type":"Feature","properties":{"fclass":"cafe","name":null},"geometry":{"type":"Point","coordinates":[79.8542651,6.9106723]}},
{"type":"Feature","properties":{"fclass":"beverages","name":null},"geometry":{"type":"Point","coordinates":[79.9968506,6.4355792]}},
{"type":"Feature","properties":{"fclass":"restaurant","name":"Chili Hot"},"geometry":{"type":"Point","coordinates":[79.9588618,6.8976728]}},
{"type":"Feature","properties":{"fclass":"restaurant","name":"Shelton Sea Food Restaurant"},"geometry":{"type":"Point","coordinates":[79.8633503,6.8377236]}},
{"type":"Feature","properties":{"fclass":"restaurant","name":"Catamaran Seafood Restaurant"},"geometry":{"type":"Point","coordinates":[79.8632997,6.8378187]}},
{"type":"Feature","properties":{"fclass":"restaurant","name":"Chopsticks"},"geometry":{"type":"Point","coordinates":[79.890192,6.856737]}},
{"type":"Feature","properties":{"fclass":"cafe","name":"Café Tasty"},"geometry":{"type":"Point","coordinates":[79.901505,6.882518]}},
{"type":"Feature","properties":{"fclass":"cafe","name":null},"geometry":{"type":"Point","coordinates":[79.9991775,6.4298378]}},
{"type":"Feature","properties":{"fclass":"cafe","name":null},"geometry":{"type":"Point","coordinates":[79.9994594,6.4293402]}},
{"type":"Feature","properties":{"fclass":"beverages","name":"Thalawathugoda Wine Stores"},"geometry":{"type":"Point","coordinates":[79.9344114,6.880988]}},
{"type":"Feature","properties":{"fclass":"bakery","name":"Caravan Fresh Bake Shop"},"geometry":{"type":"Point","coordinates":[79.9002418,6.8783557]}},
{"type":"Feature","properties":{"fclass":"restaurant","name":"The Spicy Kitchen"},"geometry":{"type":"Point","coordinates":[79.9005531,6.8761081]}},
{"type":"Feature","properties":{"fclass":"restaurant","name":"Green Leaf Restaurant"},"geometry":{"type":"Point","coordinates":[79.9549259,6.8815865]}},
{"type":"Feature","properties":{"fclass":"fast_food","name":"Big Bite Biriyani"},"geometry":{"type":"Point","coordinates":[79.8848996,6.8669502]}},
{"type":"Feature","properties":{"fclass":"fast_food","name":"Sri Lankan Palate"},"geometry":{"type":"Point","coordinates":[79.8575438,6.8849341]}},
{"type":"Feature","properties":{"fclass":"fast_food","name":"Burger King"},"geometry":{"type":"Point","coordinates":[79.9242606,6.8493774]}},
{"type":"Feature","properties":{"fclass":"cafe","name":"Java Lounge"},"geometry":{"type":"Point","coordinates":[79.9305712,6.8886688]}},
{"type":"Feature","properties":{"fclass":"bakery","name":"Bluebell"},"geometry":{"type":"Point","coordinates":[79.9308163,6.888609]}},
{"type":"Feature","properties":{"fclass":"fast_food","name":null},"geometry":{"type":"Point","coordinates":[79.843057,7.2323073]}},
{"type":"Feature","properties":{"fclass":"restaurant","name":null},"geometry":{"type":"Point","coordinates":[79.9495076,6.6049872]}},
{"type":"Feature","properties":{"fclass":"bakery","name":"Wish Bakers"},"geometry":{"type":"Point","coordinates":[79.9180896,6.902035]}},
{"type":"Feature","properties":{"fclass":"fast_food","name":"Kottu Hut"},"geometry":{"type":"Point","coordinates":[79.9194265,6.9020744]}},
{"type":"Feature","properties":{"fclass":"fast_food","name":"Guru Dosai"},"geometry":{"type":"Point","coordinates":[79.9067246,6.9098896]}},
{"type":"Feature","properties":{"fclass":"restaurant","name":"Dinemore"},"geometry":{"type":"Point","coordinates":[79.9220853,6.8990104]}},
{"type":"Feature","properties":{"fclass":"bakery","name":null},"geometry":{"type":"Point","coordinates":[79.9283859,6.8912845]}},
{"type":"Feature","properties":{"fclass":"fast_food","name":"Mr. Burger"},"geometry":{"type":"Point","coordinates":[79.8561768,6.8919678]}},
{"type":"Feature","properties":{"fclass":"restaurant","name":"Urban Grill"},"geometry":{"type":"Point","coordinates":[79.9270736,6.8935737]}},
{"type":"Feature","properties":{"fclass":"restaurant","name":null},"geometry":{"type":"Point","coordinates":[79.9627193,6.8800538]}},
{"type":"Feature","properties":{"fclass":"restaurant","name":null},"geometry":{"type":"Point","coordinates":[79.8710815,6.8931684]}},
{"type":"Feature","properties":{"fclass":"restaurant","name":null},"geometry":{"type":"Point","coordinates":[79.8710692,6.8931659]}},
{"type":"Feature","properties":{"fclass":"fast_food","name":"Rancrisp Cashews"},"geometry":{"type":"Point","coordinates":[79.8592987,6.9147348]}},
{"type":"Feature","properties":{"fclass":"cafe","name":"Simply Strawberries"},"geometry":{"type":"Point","coordinates":[79.8592798,6.9147603]}},
{"type":"Feature","properties":{"fclass":"restaurant","name":null},"geometry":{"type":"Point","coordinates":[79.8671105,6.841861]}},
{"type":"Feature","properties":{"fclass":"restaurant","name":"Scarlet Room"},"geometry":{"type":"Point","coordinates":[79.8563618,6.8977308]}},
{"type":"Feature","properties":{"fclass":"cafe","name":"Cherries"},"geometry":{"type":"Point","coordinates":[79.8562771,6.8973643]}},
{"type":"Feature","properties":{"fclass":"beverages","name":"K.D. Enterprises Water Shop"},"geometry":{"type":"Point","coordinates":[79.9385702,6.8721803]}},
{"type":"Feature","properties":{"fclass":"fast_food","name":"Food Center"},"geometry":{"type":"Point","coordinates":[79.9375025,6.9013024]}},
{"type":"Feature","properties":{"fclass":"restaurant","name":"Highway Edge"},"geometry":{"type":"Point","coordinates":[79.9723972,6.9389084]}},
{"type":"Feature","properties":{"fclass":"restaurant","name":"Na Sevana Family Restaurant"},"geometry":{"type":"Point","coordinates":[80.1550223,7.1981095]}},
{"type":"Feature","properties":{"fclass":"restaurant","name":"Pho Vietnam"},"geometry":{"type":"Point","coordinates":[79.8702951,6.9146946]}},
{"type":"Feature","properties":{"fclass":"restaurant","name":"Café Lan Tao"},"geometry":{"type":"Point","coordinates":[79.8653811,6.8907954]}},
{"type":"Feature","properties":{"fclass":"bakery","name":"Finagle"},"geometry":{"type":"Point","coordinates":[79.9273964,6.8911628]}},
{"type":"Feature","properties":{"fclass":"restaurant","name":"Pizza Hut"},"geometry":{"type":"Point","coordinates":[79.8659795,6.8903673]}},
{"type":"Feature","properties":{"fclass":"cafe","name":"New Torrington Bakery"},"geometry":{"type":"Point","coordinates":[79.866258,6.8911946]}},
{"type":"Feature","properties":{"fclass":"fast_food","name":"Peri Peri Kukula"},"geometry":{"type":"Point","coordinates":[79.8660612,6.8910501]}},
{"type":"Feature","properties":{"fclass":"restaurant","name":"The Cuisine Colombo"},"geometry":{"type":"Point","coordinates":[79.92732,6.8908175]}},
{"type":"Feature","properties":{"fclass":"restaurant","name":"Kim's Kitchen"},"geometry":{"type":"Point","coordinates":[79.927482,6.8911886]}},
{"type":"Feature","properties":{"fclass":"cafe","name":"Skrumptious"},"geometry":{"type":"Point","coordinates":[79.8671379,6.8931148]}},
{"type":"Feature","properties":{"fclass":"cafe","name":"Café Noir Blanc"},"geometry":{"type":"Point","coordinates":[79.8698328,6.8923641]}},
{"type":"Feature","properties":{"fclass":"cafe","name":"Peppermint Cafe"},"geometry":{"type":"Point","coordinates":[79.8708268,6.9111498]}},
{"type":"Feature","properties":{"fclass":"restaurant","name":"Arthur's Pizzeria"},"geometry":{"type":"Point","coordinates":[79.8746264,6.9112764]}},
{"type":"Feature","properties":{"fclass":"restaurant","name":"Pepper House"},"geometry":{"type":"Point","coordinates":[79.9461331,6.8799005]}},
{"type":"Feature","properties":{"fclass":"restaurant","name":"Clove Bistro"},"geometry":{"type":"Point","coordinates":[79.8994348,6.8837108]}},
{"type":"Feature","properties":{"fclass":"restaurant","name":"Superfood"},"geometry":{"type":"Point","coordinates":[79.8609075,6.906871]}},
{"type":"Feature","properties":{"fclass":"restaurant","name":"Sushi Kai Bar"},"geometry":{"type":"Point","coordinates":[79.8674148,6.8915764]}},
{"type":"Feature","properties":{"fclass":"cafe","name":"Tea senter"},"geometry":{"type":"Point","coordinates":[79.8964332,6.9052044]}},
{"type":"Feature","properties":{"fclass":"restaurant","name":"Kalunika"},"geometry":{"type":"Point","coordinates":[79.9052713,6.7186545]}},
{"type":"Feature","properties":{"fclass":"restaurant","name":"Mama Louis"},"geometry":{"type":"Point","coordinates":[79.9072701,6.9031169]}},
{"type":"Feature","properties":{"fclass":"cafe","name":"Brew Bar"},"geometry":{"type":"Point","coordinates":[79.8738708,6.9142776]}},
{"type":"Feature","properties":{"fclass":"restaurant","name":null},"geometry":{"type":"Point","coordinates":[79.9531348,6.946475]}},
{"type":"Feature","properties":{"fclass":"restaurant","name":"Achala Restuarant"},"geometry":{"type":"Point","coordinates":[79.9132848,6.871648]}},
{"type":"Feature","properties":{"fclass":"restaurant","name":"Pastry House"},"geometry":{"type":"Point","coordinates":[79.9144703,6.878726]}},
{"type":"Feature","properties":{"fclass":"cafe","name":"Herath text"},"geometry":{"type":"Point","coordinates":[79.8873627,6.9082101]}},
{"type":"Feature","properties":{"fclass":"fast_food","name":"Rancrisp Cashews"},"geometry":{"type":"Point","coordinates":[79.934408,6.8750915]}},
{"type":"Feature","properties":{"fclass":"fast_food","name":"Domino's Pizza"},"geometry":{"type":"Point","coordinates":[79.9031907,6.8390975]}},
{"type":"Feature","properties":{"fclass":"fast_food","name":"Risi Rasa Food&Bakers"},"geometry":{"type":"Point","coordinates":[79.9174607,6.8813297]}},
{"type":"Feature","properties":{"fclass":"restaurant","name":"FoodLab"},"geometry":{"type":"Point","coordinates":[79.9396844,6.8938146]}},
{"type":"Feature","properties":{"fclass":"fast_food","name":"Pot Biriyani"},"geometry":{"type":"Point","coordinates":[79.9281929,6.8933557]}},
{"type":"Feature","properties":{"fclass":"fast_food","name":"Wonder Pop"},"geometry":{"type":"Point","coordinates":[79.9336671,6.8831419]}},
{"type":"Feature","properties":{"fclass":"food_court","name":"Curry Box"},"geometry":{"type":"Point","coordinates":[79.8632712,6.917961]}},
{"type":"Feature","properties":{"fclass":"cafe","name":"Tea Avenue"},"geometry":{"type":"Point","coordinates":[79.9197043,6.879333]}},
{"type":"Feature","properties":{"fclass":"restaurant","name":"Mintage"},"geometry":{"type":"Point","coordinates":[79.9122915,6.8827844]}},
{"type":"Feature","properties":{"fclass":"restaurant","name":"The Four Leafed Clover"},"geometry":{"type":"Point","coordinates":[79.8713737,6.8786455]}},
{"type":"Feature","properties":{"fclass":"fast_food","name":"Flying Fox"},"geometry":{"type":"Point","coordinates":[79.8917345,6.8741991]}},
{"type":"Feature","properties":{"fclass":"cafe","name":"Bubble Me"},"geometry":{"type":"Point","coordinates":[79.8668602,6.8912229]}},
{"type":"Feature","properties":{"fclass":"restaurant","name":"Don Corleone's"},"geometry":{"type":"Point","coordinates":[79.8684083,6.9119656]}},
{"type":"Feature","properties":{"fclass":"cafe","name":"The Tantra"},"geometry":{"type":"Point","coordinates":[79.8683956,6.9118942]}},
{"type":"Feature","properties":{"fclass":"restaurant","name":"Hondahitha Meekiri"},"geometry":{"type":"Point","coordinates":[79.8989489,6.8833129]}},
{"type":"Feature","properties":{"fclass":"cafe","name":"Cafe Beverly"},"geometry":{"type":"Point","coordinates":[79.9027104,6.9067887]}},
{"type":"Feature","properties":{"fclass":"bakery","name":"Gayan Bakers"},"geometry":{"type":"Point","coordinates":[80.1011879,7.0752117]}},
{"type":"Feature","properties":{"fclass":"restaurant","name":"Wilder's"},"geometry":{"type":"Point","coordinates":[79.8901202,6.8962887]}},
{"type":"Feature","properties":{"fclass":"cafe","name":"CoCo Fresh Tea & Juice"},"geometry":{"type":"Point","coordinates":[79.88974,6.8961481]}},
{"type":"Feature","properties":{"fclass":"restaurant","name":"The Grove"},"geometry":{"type":"Point","coordinates":[79.8827365,6.8731047]}},
{"type":"Feature","properties":{"fclass":"bakery","name":null},"geometry":{"type":"Point","coordinates":[79.9450799,6.9085714]}},
{"type":"Feature","properties":{"fclass":"fast_food","name":"Pizza Hut"},"geometry":{"type":"Point","coordinates":[79.9498166,6.9747116]}},
{"type":"Feature","properties":{"fclass":"restaurant","name":"Nozomi"},"geometry":{"type":"Point","coordinates":[79.9264702,6.8911589]}},
{"type":"Feature","properties":{"fclass":"restaurant","name":"Weerasiri Cafe"},"geometry":{"type":"Point","coordinates":[80.1994751,6.9480536]}},
{"type":"Feature","properties":{"fclass":"restaurant","name":"Ranamuthu Restaurant & Guest House"},"geometry":{"type":"Point","coordinates":[80.1993437,6.9478965]}},
{"type":"Feature","properties":{"fclass":"restaurant","name":"Indian Summer"},"geometry":{"type":"Point","coordinates":[79.8682844,6.9114058]}},
{"type":"Feature","properties":{"fclass":"restaurant","name":"Veggie bowl"},"geometry":{"type":"Point","coordinates":[79.8728081,6.8684945]}},
{"type":"Feature","properties":{"fclass":"beverages","name":"Royal Wine Stores"},"geometry":{"type":"Point","coordinates":[79.891827,6.8751434]}},
{"type":"Feature","properties":{"fclass":"restaurant","name":"Gypsy Bae"},"geometry":{"type":"Point","coordinates":[79.9070114,6.9099792]}},
{"type":"Feature","properties":{"fclass":"restaurant","name":"Heritage eco resort"},"geometry":{"type":"Point","coordinates":[79.9149679,6.9560528]}},
{"type":"Feature","properties":{"fclass":"restaurant","name":"Beb villas"},"geometry":{"type":"Point","coordinates":[79.8972556,6.8912107]}},
{"type":"Feature","properties":{"fclass":"restaurant","name":"Randiya hotel"},"geometry":{"type":"Point","coordinates":[79.8934152,6.7505407]}},
{"type":"Feature","properties":{"fclass":"restaurant","name":"Aknara hotel"},"geometry":{"type":"Point","coordinates":[79.9013955,6.7360729]}},
{"type":"Feature","properties":{"fclass":"restaurant","name":"Grand bolgoda"},"geometry":{"type":"Point","coordinates":[79.8869864,6.7689198]}},
{"type":"Feature","properties":{"fclass":"restaurant","name":"Wadiya"},"geometry":{"type":"Point","coordinates":[79.8564895,6.8780829]}},
{"type":"Feature","properties":{"fclass":"restaurant","name":"Sea shark"},"geometry":{"type":"Point","coordinates":[79.8605714,6.8564604]}},
{"type":"Feature","properties":{"fclass":"restaurant","name":"Grandeeza hotel"},"geometry":{"type":"Point","coordinates":[79.8590886,7.186172]}},
{"type":"Feature","properties":{"fclass":"restaurant","name":"Airport castle"},"geometry":{"type":"Point","coordinates":[79.8688261,7.1627768]}},
{"type":"Feature","properties":{"fclass":"restaurant","name":"Wasana nature resort"},"geometry":{"type":"Point","coordinates":[79.8878266,7.0379996]}},
{"type":"Feature","properties":{"fclass":"restaurant","name":"La Laguna"},"geometry":{"type":"Point","coordinates":[79.8642964,7.1721609]}},
{"type":"Feature","properties":{"fclass":"restaurant","name":"Jaadi"},"geometry":{"type":"Point","coordinates":[79.8626678,7.1778607]}},
{"type":"Feature","properties":{"fclass":"restaurant","name":"Arachana airport transit"},"geometry":{"type":"Point","coordinates":[79.878187,7.1350678]}},
{"type":"Feature","properties":{"fclass":"restaurant","name":null},"geometry":{"type":"Point","coordinates":[79.8988258,7.0743292]}},
{"type":"Feature","properties":{"fclass":"restaurant","name":"Kottamba resort"},"geometry":{"type":"Point","coordinates":[79.8690425,6.9944372]}},
{"type":"Feature","properties":{"fclass":"restaurant","name":"Sky transit hotel"},"geometry":{"type":"Point","coordinates":[79.8812158,7.1220479]}},
{"type":"Feature","properties":{"fclass":"restaurant","name":"Best Western Hotel"},"geometry":{"type":"Point","coordinates":[79.8762995,6.8840703]}},
{"type":"Feature","properties":{"fclass":"restaurant","name":"Arcopol"},"geometry":{"type":"Point","coordinates":[79.8538011,6.8981918]}},
{"type":"Feature","properties":{"fclass":"restaurant","name":"Cinnamon life"},"geometry":{"type":"Point","coordinates":[79.8490506,6.9252122]}},
{"type":"Feature","properties":{"fclass":"restaurant","name":"Lotus heritage"},"geometry":{"type":"Point","coordinates":[80.0063601,6.8554282]}},
{"type":"Feature","properties":{"fclass":"restaurant","name":"Cake corner - pannipitiya"},"geometry":{"type":"Point","coordinates":[79.9546476,6.8491565]}},
{"type":"Feature","properties":{"fclass":"restaurant","name":"Hotel Mandakini"},"geometry":{"type":"Point","coordinates":[79.9268813,6.9111363]}},
{"type":"Feature","properties":{"fclass":"restaurant","name":"Pearl grand"},"geometry":{"type":"Point","coordinates":[79.8553072,6.8965776]}},
{"type":"Feature","properties":{"fclass":"restaurant","name":"Gihans beach Resort"},"geometry":{"type":"Point","coordinates":[79.8614723,6.8525115]}},
{"type":"Feature","properties":{"fclass":"restaurant","name":"Marine cebab"},"geometry":{"type":"Point","coordinates":[79.8600817,6.8600994]}},
{"type":"Feature","properties":{"fclass":"restaurant","name":"Sunil beach resort"},"geometry":{"type":"Point","coordinates":[79.863301,6.8366611]}},
{"type":"Feature","properties":{"fclass":"restaurant","name":"Mount breeze hotel"},"geometry":{"type":"Point","coordinates":[79.8633535,6.8406729]}},
{"type":"Feature","properties":{"fclass":"restaurant","name":"Surf club"},"geometry":{"type":"Point","coordinates":[79.8625959,6.8439888]}},
{"type":"Feature","properties":{"fclass":"restaurant","name":"Addara beach club"},"geometry":{"type":"Point","coordinates":[79.8627809,6.8419469]}},
{"type":"Feature","properties":{"fclass":"restaurant","name":"La Langousterie"},"geometry":{"type":"Point","coordinates":[79.8630609,6.8359409]}},
{"type":"Feature","properties":{"fclass":"restaurant","name":"Thilanka beach resort"},"geometry":{"type":"Point","coordinates":[79.8648847,6.8352839]}},
{"type":"Feature","properties":{"fclass":"restaurant","name":"OYO 282"},"geometry":{"type":"Point","coordinates":[79.8797432,6.7765408]}},
{"type":"Feature","properties":{"fclass":"restaurant","name":"Oruwa Restaurant"},"geometry":{"type":"Point","coordinates":[79.8958746,6.7319432]}},
{"type":"Feature","properties":{"fclass":"restaurant","name":"Maresia Beach Villa"},"geometry":{"type":"Point","coordinates":[79.9274456,6.6606815]}},
{"type":"Feature","properties":{"fclass":"restaurant","name":"Cuppies"},"geometry":{"type":"Point","coordinates":[79.889906,6.7603153]}},
{"type":"Feature","properties":{"fclass":"restaurant","name":"Thambuttegama wade kade"},"geometry":{"type":"Point","coordinates":[79.8877425,6.7638887]}},
{"type":"Feature","properties":{"fclass":"restaurant","name":"Bolgoda queens villa"},"geometry":{"type":"Point","coordinates":[79.8913115,6.7560593]}},
{"type":"Feature","properties":{"fclass":"restaurant","name":"River Side Inn"},"geometry":{"type":"Point","coordinates":[79.9043224,6.731526]}},
{"type":"Feature","properties":{"fclass":"restaurant","name":"Surf Deck Restaurant"},"geometry":{"type":"Point","coordinates":[79.9076165,6.7002565]}},
{"type":"Feature","properties":{"fclass":"restaurant","name":"Jie Jie Beach"},"geometry":{"type":"Point","coordinates":[79.9059211,6.7036964]}},
{"type":"Feature","properties":{"fclass":"restaurant","name":"Sand Castle Wadduwa"},"geometry":{"type":"Point","coordinates":[79.918137,6.6811637]}},
{"type":"Feature","properties":{"fclass":"restaurant","name":"Palm Beach Villa"},"geometry":{"type":"Point","coordinates":[79.920821,6.6753768]}},
{"type":"Feature","properties":{"fclass":"restaurant","name":"Serendiva Beach Hotel"},"geometry":{"type":"Point","coordinates":[79.9324814,6.6535339]}},
{"type":"Feature","properties":{"fclass":"restaurant","name":"Mihilaka Holiday Homes"},"geometry":{"type":"Point","coordinates":[79.926421,6.6718939]}},
{"type":"Feature","properties":{"fclass":"restaurant","name":"Lohas Beach Resort"},"geometry":{"type":"Point","coordinates":[79.9526602,6.5970661]}},
{"type":"Feature","properties":{"fclass":"restaurant","name":"Gedara Villa"},"geometry":{"type":"Point","coordinates":[79.9558542,6.5963565]}},
{"type":"Feature","properties":{"fclass":"restaurant","name":"Mermaid Hotel"},"geometry":{"type":"Point","coordinates":[79.9454823,6.6173381]}},
{"type":"Feature","properties":{"fclass":"restaurant","name":"Royal Oshin Hotel"},"geometry":{"type":"Point","coordinates":[79.9548824,6.5892086]}},
{"type":"Feature","properties":{"fclass":"restaurant","name":"Pol Athu Bath Kade"},"geometry":{"type":"Point","coordinates":[79.9065859,6.9673337]}},
{"type":"Feature","properties":{"fclass":"restaurant","name":"Bhoomie Eco Resort"},"geometry":{"type":"Point","coordinates":[79.9510131,6.9149526]}},
{"type":"Feature","properties":{"fclass":"restaurant","name":"backpacker.lk Residence"},"geometry":{"type":"Point","coordinates":[79.9367053,6.8879358]}},
{"type":"Feature","properties":{"fclass":"restaurant","name":"Parogon Hotel"},"geometry":{"type":"Point","coordinates":[79.9357062,6.8793636]}},
{"type":"Feature","properties":{"fclass":"cafe","name":"The Avenue"},"geometry":{"type":"Point","coordinates":[79.8559749,6.8976464]}},
{"type":"Feature","properties":{"fclass":"cafe","name":"Mummy's Delight"},"geometry":{"type":"Point","coordinates":[79.8682745,6.8634339]}},
{"type":"Feature","properties":{"fclass":"cafe","name":"Harpo's Pizza & Pasta"},"geometry":{"type":"Point","coordinates":[79.8661238,6.8500515]}},
{"type":"Feature","properties":{"fclass":"cafe","name":"Chamenka Guest House"},"geometry":{"type":"Point","coordinates":[79.8741895,6.8472465]}},
{"type":"Feature","properties":{"fclass":"cafe","name":"Frangipani"},"geometry":{"type":"Point","coordinates":[79.8669764,6.8508326]}},
{"type":"Feature","properties":{"fclass":"cafe","name":"Clock Inn Dehiwala"},"geometry":{"type":"Point","coordinates":[79.8675939,6.8508778]}},
{"type":"Feature","properties":{"fclass":"restaurant","name":"The BYOB Society"},"geometry":{"type":"Point","coordinates":[79.9389249,6.8774813]}},
{"type":"Feature","properties":{"fclass":"restaurant","name":"Ammachi Vegetarian Food"},"geometry":{"type":"Point","coordinates":[79.8660906,6.8744761]}},
{"type":"Feature","properties":{"fclass":"cafe","name":"MAMA THAI"},"geometry":{"type":"Point","coordinates":[79.8697609,6.8646775]}},
{"type":"Feature","properties":{"fclass":"cafe","name":"Colts Cricket Club Canteen"},"geometry":{"type":"Point","coordinates":[79.8675627,6.8854842]}},
{"type":"Feature","properties":{"fclass":"cafe","name":"SmoochyS"},"geometry":{"type":"Point","coordinates":[79.8691114,6.8848704]}},
{"type":"Feature","properties":{"fclass":"cafe","name":"Nom Nom Thai"},"geometry":{"type":"Point","coordinates":[79.8701106,6.882238]}},
{"type":"Feature","properties":{"fclass":"cafe","name":"Ponnusamy Chettinad"},"geometry":{"type":"Point","coordinates":[79.8770776,6.8889539]}},
{"type":"Feature","properties":{"fclass":"cafe","name":"Arthur's Pizzeria - Havelock Road"},"geometry":{"type":"Point","coordinates":[79.8681753,6.8850089]}},
{"type":"Feature","properties":{"fclass":"cafe","name":"aVana Resort"},"geometry":{"type":"Point","coordinates":[79.8899562,6.8931002]}},
{"type":"Feature","properties":{"fclass":"cafe","name":"Hotel Nippon"},"geometry":{"type":"Point","coordinates":[79.8522367,6.9240552]}},
{"type":"Feature","properties":{"fclass":"restaurant","name":"Green Garden Reception Hall"},"geometry":{"type":"Point","coordinates":[79.9677268,6.8273497]}},
{"type":"Feature","properties":{"fclass":"restaurant","name":"PappaRich"},"geometry":{"type":"Point","coordinates":[79.8585505,6.9181748]}},
{"type":"Feature","properties":{"fclass":"restaurant","name":"Irish Bar & Grill"},"geometry":{"type":"Point","coordinates":[79.8599517,6.9156356]}},
{"type":"Feature","properties":{"fclass":"restaurant","name":"YWCA International Guest House"},"geometry":{"type":"Point","coordinates":[79.8600932,6.9194574]}},
{"type":"Feature","properties":{"fclass":"restaurant","name":"Walauwa Leisure Ceylon"},"geometry":{"type":"Point","coordinates":[79.8598185,6.9202477]}},
{"type":"Feature","properties":{"fclass":"cafe","name":"Yasmin's"},"geometry":{"type":"Point","coordinates":[79.9254944,6.8775572]}},
{"type":"Feature","properties":{"fclass":"cafe","name":"Barista"},"geometry":{"type":"Point","coordinates":[79.9345816,6.8793456]}},
{"type":"Feature","properties":{"fclass":"restaurant","name":"Cleopatra Nightclub"},"geometry":{"type":"Point","coordinates":[79.8519764,6.9103726]}},
{"type":"Feature","properties":{"fclass":"restaurant","name":"Pearl Grand Hotel"},"geometry":{"type":"Point","coordinates":[79.8553794,6.8961798]}},
{"type":"Feature","properties":{"fclass":"restaurant","name":"668"},"geometry":{"type":"Point","coordinates":[79.8649163,6.9139566]}},
{"type":"Feature","properties":{"fclass":"restaurant","name":null},"geometry":{"type":"Point","coordinates":[79.8654609,6.8544676]}},
{"type":"Feature","properties":{"fclass":"restaurant","name":"POL ATHU BATH KADE"},"geometry":{"type":"Point","coordinates":[79.8650596,6.8560947]}},
{"type":"Feature","properties":{"fclass":"restaurant","name":"Spring Court"},"geometry":{"type":"Point","coordinates":[79.8628924,6.8602772]}},
{"type":"Feature","properties":{"fclass":"restaurant","name":"Malwana Bake House"},"geometry":{"type":"Point","coordinates":[80.0167635,6.9492898]}},
{"type":"Feature","properties":{"fclass":"restaurant","name":"Midipokura Awanhala"},"geometry":{"type":"Point","coordinates":[79.9808496,6.9277976]}},
{"type":"Feature","properties":{"fclass":"restaurant","name":"Caravan Fresh"},"geometry":{"type":"Point","coordinates":[79.8572086,6.8875842]}},
{"type":"Feature","properties":{"fclass":"restaurant","name":"Ichiban Japanese Restuarant"},"geometry":{"type":"Point","coordinates":[79.8619197,6.8807811]}},
{"type":"Feature","properties":{"fclass":"restaurant","name":"Nilnadee Inn"},"geometry":{"type":"Point","coordinates":[79.9637301,6.9403097]}},
{"type":"Feature","properties":{"fclass":"restaurant","name":"Jambo Gardens Hotel"},"geometry":{"type":"Point","coordinates":[79.8448473,7.2188918]}},
{"type":"Feature","properties":{"fclass":"restaurant","name":"Hotel Nathariya"},"geometry":{"type":"Point","coordinates":[79.8441485,7.2285367]}},
{"type":"Feature","properties":{"fclass":"restaurant","name":"Hotel Pugoda Village"},"geometry":{"type":"Point","coordinates":[80.112273,6.9812132]}},
{"type":"Feature","properties":{"fclass":"restaurant","name":"Kanro Holiday Resort"},"geometry":{"type":"Point","coordinates":[80.0844553,6.9306546]}},
{"type":"Feature","properties":{"fclass":"restaurant","name":"Shanthi Reception Hall"},"geometry":{"type":"Point","coordinates":[79.9016826,6.9858004]}},
{"type":"Feature","properties":{"fclass":"restaurant","name":"Hotel Aubrona"},"geometry":{"type":"Point","coordinates":[79.9073689,6.9827057]}},
{"type":"Feature","properties":{"fclass":"restaurant","name":"Nilambara Hotel"},"geometry":{"type":"Point","coordinates":[79.9100543,6.9817175]}},
{"type":"Feature","properties":{"fclass":"restaurant","name":"Kelaniya Heritage"},"geometry":{"type":"Point","coordinates":[79.9226875,6.9754589]}},
{"type":"Feature","properties":{"fclass":"restaurant","name":"Wanaguru Reception Hall"},"geometry":{"type":"Point","coordinates":[79.965943,6.8881187]}},
{"type":"Feature","properties":{"fclass":"restaurant","name":"Shavindra's Crib"},"geometry":{"type":"Point","coordinates":[79.9390362,6.8755632]}},
{"type":"Feature","properties":{"fclass":"restaurant","name":"Lakshan Bake House"},"geometry":{"type":"Point","coordinates":[79.9435374,6.8602975]}},
{"type":"Feature","properties":{"fclass":"restaurant","name":"Kandoori"},"geometry":{"type":"Point","coordinates":[79.8581156,6.8784951]}},
{"type":"Feature","properties":{"fclass":"restaurant","name":"SAWADEE THAI RESTAURANT"},"geometry":{"type":"Point","coordinates":[79.8582065,6.872653]}},
{"type":"Feature","properties":{"fclass":"restaurant","name":"Opulent Caterers"},"geometry":{"type":"Point","coordinates":[79.9005535,6.901932]}},
{"type":"Feature","properties":{"fclass":"restaurant","name":"Frutta’s cafe"},"geometry":{"type":"Point","coordinates":[79.907104,6.9027074]}},
{"type":"Feature","properties":{"fclass":"restaurant","name":"Gonuts With Donuts"},"geometry":{"type":"Point","coordinates":[79.8815559,6.8753063]}},
{"type":"Feature","properties":{"fclass":"restaurant","name":"Haritha Cottage"},"geometry":{"type":"Point","coordinates":[79.9177618,6.9766999]}},
{"type":"Feature","properties":{"fclass":"restaurant","name":"Sanara Garden Banquet Hall"},"geometry":{"type":"Point","coordinates":[79.9286902,6.9981515]}},
{"type":"Feature","properties":{"fclass":"restaurant","name":"Tenshiho, Green Garden Resort"},"geometry":{"type":"Point","coordinates":[79.9464367,6.9978417]}},
{"type":"Feature","properties":{"fclass":"restaurant","name":"Oreeka Hotel - Katunayaka"},"geometry":{"type":"Point","coordinates":[79.8931065,7.2304026]}},
{"type":"Feature","properties":{"fclass":"restaurant","name":"Negombo Ma Boutique Residence"},"geometry":{"type":"Point","coordinates":[79.8848668,7.2239936]}},
{"type":"Feature","properties":{"fclass":"restaurant","name":"The Lighthouse Negombo"},"geometry":{"type":"Point","coordinates":[79.8275085,7.1592748]}},
{"type":"Feature","properties":{"fclass":"restaurant","name":"Cocomo Sri Lanka"},"geometry":{"type":"Point","coordinates":[79.8471508,7.0910777]}},
{"type":"Feature","properties":{"fclass":"beverages","name":"Liqor Land"},"geometry":{"type":"Point","coordinates":[79.8702041,6.8885092]}},
{"type":"Feature","properties":{"fclass":"cafe","name":"ipark Juice Bar & Snacks"},"geometry":{"type":"Point","coordinates":[79.9280642,6.8929343]}},
{"type":"Feature","properties":{"fclass":"bakery","name":"My Story Sweet&Spicy Foods"},"geometry":{"type":"Point","coordinates":[79.9378276,6.8999984]}},
{"type":"Feature","properties":{"fclass":"fast_food","name":"Char Siu"},"geometry":{"type":"Point","coordinates":[79.8666292,6.9156898]}},
{"type":"Feature","properties":{"fclass":"fast_food","name":"McDonald's"},"geometry":{"type":"Point","coordinates":[79.868797,6.8273551]}},
{"type":"Feature","properties":{"fclass":"fast_food","name":"Buzzfood Bistro"},"geometry":{"type":"Point","coordinates":[79.9445669,6.9084311]}},
{"type":"Feature","properties":{"fclass":"beverages","name":"Duroi Wine Stores"},"geometry":{"type":"Point","coordinates":[79.876256,6.9162644]}},
{"type":"Feature","properties":{"fclass":"bakery","name":"Halwayhura Bake House"},"geometry":{"type":"Point","coordinates":[80.1914073,6.7164878]}},
{"type":"Feature","properties":{"fclass":"restaurant","name":null},"geometry":{"type":"Point","coordinates":[79.8258515,7.1683841]}},
{"type":"Feature","properties":{"fclass":"restaurant","name":"Tenku Japanese Restaurant"},"geometry":{"type":"Point","coordinates":[79.8419082,6.9329303]}},
{"type":"Feature","properties":{"fclass":"restaurant","name":"The Hummus Bar"},"geometry":{"type":"Point","coordinates":[79.892796,6.9139724]}},
{"type":"Feature","properties":{"fclass":"restaurant","name":"Yue Chuan"},"geometry":{"type":"Point","coordinates":[79.8422731,6.9330767]}},
{"type":"Feature","properties":{"fclass":"restaurant","name":"Amigos Grill&Chill"},"geometry":{"type":"Point","coordinates":[79.9380902,6.873268]}},
{"type":"Feature","properties":{"fclass":"bakery","name":null},"geometry":{"type":"Point","coordinates":[79.901745,6.8767149]}},
{"type":"Feature","properties":{"fclass":"beverages","name":"Halpita Wine Stores"},"geometry":{"type":"Point","coordinates":[79.9619796,6.7870864]}},
{"type":"Feature","properties":{"fclass":"restaurant","name":"Sigiri Food Centre"},"geometry":{"type":"Point","coordinates":[79.9498632,6.7920002]}},
{"type":"Feature","properties":{"fclass":"restaurant","name":"Greenland Food Center"},"geometry":{"type":"Point","coordinates":[79.9317158,6.7967086]}},
{"type":"Feature","properties":{"fclass":"bakery","name":"Perera and Sons"},"geometry":{"type":"Point","coordinates":[79.92936,6.7982647]}},
{"type":"Feature","properties":{"fclass":"restaurant","name":"Ovita Cafe"},"geometry":{"type":"Point","coordinates":[79.9627006,6.7873063]}},
{"type":"Feature","properties":{"fclass":"restaurant","name":"Lake View Restaurant & Bar"},"geometry":{"type":"Point","coordinates":[79.9395617,6.7966766]}},
{"type":"Feature","properties":{"fclass":"bakery","name":"Crimson Bakery"},"geometry":{"type":"Point","coordinates":[79.936135,6.7951541]}},
{"type":"Feature","properties":{"fclass":"restaurant","name":"Red Balloon Family Restaurant"},"geometry":{"type":"Point","coordinates":[79.9297027,6.7980094]}},
{"type":"Feature","properties":{"fclass":"fast_food","name":"Isso wade"},"geometry":{"type":"Point","coordinates":[79.9295591,6.7979913]}},
{"type":"Feature","properties":{"fclass":"fast_food","name":"Domino's"},"geometry":{"type":"Point","coordinates":[79.9298136,6.797978]}},
{"type":"Feature","properties":{"fclass":"restaurant","name":"Grand 7 Hotel & Restaurant"},"geometry":{"type":"Point","coordinates":[79.9409836,6.7976522]}},
{"type":"Feature","properties":{"fclass":"bakery","name":"Master Bakers"},"geometry":{"type":"Point","coordinates":[79.9650145,6.7872605]}},
{"type":"Feature","properties":{"fclass":"beverages","name":"Piliyandala Wine Stores"},"geometry":{"type":"Point","coordinates":[79.9248305,6.7998332]}},
{"type":"Feature","properties":{"fclass":"bakery","name":"Baker's Hut"},"geometry":{"type":"Point","coordinates":[79.9245038,6.7998729]}},
{"type":"Feature","properties":{"fclass":"beverages","name":"Pelawatta Wine Store"},"geometry":{"type":"Point","coordinates":[80.2170056,6.4054136]}},
{"type":"Feature","properties":{"fclass":"restaurant","name":"Pizza Hut"},"geometry":{"type":"Point","coordinates":[79.8753402,6.916629]}},
{"type":"Feature","properties":{"fclass":"cafe","name":"The Cafe"},"geometry":{"type":"Point","coordinates":[79.9270961,6.8756756]}},
{"type":"Feature","properties":{"fclass":"fast_food","name":"Fish and Chips"},"geometry":{"type":"Point","coordinates":[79.854458,6.8971143]}},
{"type":"Feature","properties":{"fclass":"beverages","name":"Arpico Liquor"},"geometry":{"type":"Point","coordinates":[79.9338077,6.883455]}},
{"type":"Feature","properties":{"fclass":"restaurant","name":"Love a Pizza"},"geometry":{"type":"Point","coordinates":[79.8555751,6.8988687]}},
{"type":"Feature","properties":{"fclass":"cafe","name":"Il Caffè"},"geometry":{"type":"Point","coordinates":[79.8556002,6.899155]}},
{"type":"Feature","properties":{"fclass":"cafe","name":"Bubblelement"},"geometry":{"type":"Point","coordinates":[79.8555884,6.8985281]}},
{"type":"Feature","properties":{"fclass":"restaurant","name":"cloves"},"geometry":{"type":"Point","coordinates":[79.97448,6.8130118]}},
{"type":"Feature","properties":{"fclass":"bakery","name":"Wonder Bakery Café"},"geometry":{"type":"Point","coordinates":[79.9692797,6.819585]}},
{"type":"Feature","properties":{"fclass":"cafe","name":"Café 1959"},"geometry":{"type":"Point","coordinates":[79.8547253,6.8951226]}},
{"type":"Feature","properties":{"fclass":"fast_food","name":"Taco Bell"},"geometry":{"type":"Point","coordinates":[79.9003601,6.9075699]}},
{"type":"Feature","properties":{"fclass":"restaurant","name":"Pizza Hut"},"geometry":{"type":"Point","coordinates":[79.9003866,6.9076015]}},
{"type":"Feature","properties":{"fclass":"fast_food","name":"Joy Food"},"geometry":{"type":"Point","coordinates":[79.9413615,6.8688105]}},
{"type":"Feature","properties":{"fclass":"fast_food","name":"Senaaro Family Restaurant"},"geometry":{"type":"Point","coordinates":[80.1129824,7.1845077]}},
{"type":"Feature","properties":{"fclass":"restaurant","name":"Pizza Hut"},"geometry":{"type":"Point","coordinates":[79.9953795,6.4378628]}},
{"type":"Feature","properties":{"fclass":"restaurant","name":null},"geometry":{"type":"Point","coordinates":[79.9833351,6.4863769]}},
{"type":"Feature","properties":{"fclass":"fast_food","name":"KFC"},"geometry":{"type":"Point","coordinates":[79.9645122,6.5732113]}},
{"type":"Feature","properties":{"fclass":"fast_food","name":null},"geometry":{"type":"Point","coordinates":[79.9483167,6.6159488]}},
{"type":"Feature","properties":{"fclass":"fast_food","name":"KFC"},"geometry":{"type":"Point","coordinates":[79.9067287,6.7240195]}},
{"type":"Feature","properties":{"fclass":"fast_food","name":"Domino's"},"geometry":{"type":"Point","coordinates":[79.8692647,6.8270175]}},
{"type":"Feature","properties":{"fclass":"fast_food","name":"Domino's"},"geometry":{"type":"Point","coordinates":[79.88682,6.7920417]}},
{"type":"Feature","properties":{"fclass":"restaurant","name":null},"geometry":{"type":"Point","coordinates":[79.8415683,6.935615]}},
{"type":"Feature","properties":{"fclass":"cafe","name":"Ninewells Cafeteria"},"geometry":{"type":"Point","coordinates":[79.8828354,6.8945818]}},
{"type":"Feature","properties":{"fclass":"restaurant","name":"Al Reem"},"geometry":{"type":"Point","coordinates":[79.894904,6.9065948]}},
{"type":"Feature","properties":{"fclass":"restaurant","name":"The Viking"},"geometry":{"type":"Point","coordinates":[79.8933791,6.8987241]}},
{"type":"Feature","properties":{"fclass":"restaurant","name":"J Lobster Restaurant"},"geometry":{"type":"Point","coordinates":[79.9497452,6.6093621]}},
{"type":"Feature","properties":{"fclass":"fast_food","name":"Bon Cafe"},"geometry":{"type":"Point","coordinates":[79.9769092,7.0944653]}},
{"type":"Feature","properties":{"fclass":"beverages","name":"tops!"},"geometry":{"type":"Point","coordinates":[79.9724641,6.9119292]}},
{"type":"Feature","properties":{"fclass":"bakery","name":null},"geometry":{"type":"Point","coordinates":[80.1382265,7.1268612]}},
{"type":"Feature","properties":{"fclass":"restaurant","name":null},"geometry":{"type":"Point","coordinates":[79.8537941,6.9353114]}},
{"type":"Feature","properties":{"fclass":"cafe","name":"miss winni Bubble Tea"},"geometry":{"type":"Point","coordinates":[79.8532819,6.9058053]}},
{"type":"Feature","properties":{"fclass":"fast_food","name":"Heapich"},"geometry":{"type":"Point","coordinates":[80.089936,6.8564827]}},
{"type":"Feature","properties":{"fclass":"restaurant","name":"Pizza Hut"},"geometry":{"type":"Point","coordinates":[79.9462845,6.8526498]}},
{"type":"Feature","properties":{"fclass":"fast_food","name":"Queens Grand Kitchen"},"geometry":{"type":"Point","coordinates":[79.8969302,7.0865232]}},
{"type":"Feature","properties":{"fclass":"restaurant","name":"Pizza Hut"},"geometry":{"type":"Point","coordinates":[79.8948038,6.9062436]}},
{"type":"Feature","properties":{"fclass":"beverages","name":"Samantha Wine Stores"},"geometry":{"type":"Point","coordinates":[80.0012968,6.8682568]}},
{"type":"Feature","properties":{"fclass":"bakery","name":"Bakes"},"geometry":{"type":"Point","coordinates":[79.9333429,6.8841586]}},
{"type":"Feature","properties":{"fclass":"fast_food","name":"Street Burger"},"geometry":{"type":"Point","coordinates":[79.8543697,6.8892515]}},
{"type":"Feature","properties":{"fclass":"fast_food","name":"Taco Bell"},"geometry":{"type":"Point","coordinates":[79.8683375,6.8295734]}},
{"type":"Feature","properties":{"fclass":"restaurant","name":"Rishi Foods"},"geometry":{"type":"Point","coordinates":[79.8611671,6.8752567]}},
{"type":"Feature","properties":{"fclass":"cafe","name":"Barista"},"geometry":{"type":"Point","coordinates":[79.8924308,6.9883799]}},
{"type":"Feature","properties":{"fclass":"bakery","name":"BreadTalk"},"geometry":{"type":"Point","coordinates":[79.890983,6.9883858]}},
{"type":"Feature","properties":{"fclass":"cafe","name":"Coconut Bar"},"geometry":{"type":"Point","coordinates":[79.8398194,7.2281285]}},
{"type":"Feature","properties":{"fclass":"restaurant","name":"The Junk Yard by The Barn"},"geometry":{"type":"Point","coordinates":[79.9341143,6.8670432]}},
{"type":"Feature","properties":{"fclass":"restaurant","name":"Islandspice"},"geometry":{"type":"Point","coordinates":[79.9301686,6.8677474]}},
{"type":"Feature","properties":{"fclass":"restaurant","name":"Kamakura"},"geometry":{"type":"Point","coordinates":[79.9299185,6.8674145]}},
{"type":"Feature","properties":{"fclass":"restaurant","name":"Tarka"},"geometry":{"type":"Point","coordinates":[79.9299668,6.8674711]}},
{"type":"Feature","properties":{"fclass":"restaurant","name":"Lanna Thai"},"geometry":{"type":"Point","coordinates":[79.930064,6.8676209]}},
{"type":"Feature","properties":{"fclass":"restaurant","name":"Imperial Palace"},"geometry":{"type":"Point","coordinates":[79.9301029,6.8676649]}},
{"type":"Feature","properties":{"fclass":"fast_food","name":"Popeyes"},"geometry":{"type":"Point","coordinates":[79.8571247,6.8958081]}},
{"type":"Feature","properties":{"fclass":"restaurant","name":"La Cuxina"},"geometry":{"type":"Point","coordinates":[79.9259306,6.8911925]}},
{"type":"Feature","properties":{"fclass":"restaurant","name":"Pizza Hut"},"geometry":{"type":"Point","coordinates":[79.9280324,6.8907086]}},
{"type":"Feature","properties":{"fclass":"fast_food","name":"Garfield's Kitchen"},"geometry":{"type":"Point","coordinates":[79.9259586,6.8912178]}},
{"type":"Feature","properties":{"fclass":"restaurant","name":"Curry Clan"},"geometry":{"type":"Point","coordinates":[79.9201181,6.8791572]}},
{"type":"Feature","properties":{"fclass":"restaurant","name":"Elite Family Restaurant"},"geometry":{"type":"Point","coordinates":[79.9265094,6.8933393]}},
{"type":"Feature","properties":{"fclass":"restaurant","name":"Ramen Misoya"},"geometry":{"type":"Point","coordinates":[79.8629112,6.9049004]}},
{"type":"Feature","properties":{"fclass":"fast_food","name":"4-S Burgers"},"geometry":{"type":"Point","coordinates":[79.9271353,6.8904726]}},
{"type":"Feature","properties":{"fclass":"restaurant","name":"The King's rock"},"geometry":{"type":"Point","coordinates":[79.866467,6.8726933]}},
{"type":"Feature","properties":{"fclass":"fast_food","name":"KFC"},"geometry":{"type":"Point","coordinates":[79.9315681,6.9834966]}},
{"type":"Feature","properties":{"fclass":"fast_food","name":"Kumara Fruit Shop"},"geometry":{"type":"Point","coordinates":[80.0591398,7.1543084]}},
{"type":"Feature","properties":{"fclass":"bakery","name":"Sun Bakers"},"geometry":{"type":"Point","coordinates":[80.0590812,7.1543702]}},
{"type":"Feature","properties":{"fclass":"cafe","name":"Sree Ranga Those Kade"},"geometry":{"type":"Point","coordinates":[80.0584775,7.1542707]}},
{"type":"Feature","properties":{"fclass":"cafe","name":"Orient Shop"},"geometry":{"type":"Point","coordinates":[80.05891,7.1541894]}},
{"type":"Feature","properties":{"fclass":"bakery","name":"Orient Shop"},"geometry":{"type":"Point","coordinates":[80.05817,7.1533176]}},
{"type":"Feature","properties":{"fclass":"fast_food","name":"Sumanagiri Bakery"},"geometry":{"type":"Point","coordinates":[80.0574598,7.1547587]}},
{"type":"Feature","properties":{"fclass":"fast_food","name":"sisara"},"geometry":{"type":"Point","coordinates":[80.0538603,7.1571389]}},
{"type":"Feature","properties":{"fclass":"restaurant","name":"Pizza Hut"},"geometry":{"type":"Point","coordinates":[79.8680707,6.8294278]}},
{"type":"Feature","properties":{"fclass":"fast_food","name":"Taco Bell"},"geometry":{"type":"Point","coordinates":[79.8851626,6.8717322]}},
{"type":"Feature","properties":{"fclass":"cafe","name":"SH Cafe by Siam house"},"geometry":{"type":"Point","coordinates":[79.8862532,7.1735567]}},
{"type":"Feature","properties":{"fclass":"bakery","name":null},"geometry":{"type":"Point","coordinates":[79.8837659,7.2391987]}},
{"type":"Feature","properties":{"fclass":"restaurant","name":"Chendu foods"},"geometry":{"type":"Point","coordinates":[79.8657082,6.8748516]}},
{"type":"Feature","properties":{"fclass":"bakery","name":"Everyday bakery"},"geometry":{"type":"Point","coordinates":[79.86563,6.8747238]}},
{"type":"Feature","properties":{"fclass":"bakery","name":"Everyday bakery"},"geometry":{"type":"Point","coordinates":[79.8623931,6.8695162]}},
{"type":"Feature","properties":{"fclass":"restaurant","name":"Beruwala Eating house"},"geometry":{"type":"Point","coordinates":[79.8618955,6.8723149]}},
{"type":"Feature","properties":{"fclass":"restaurant","name":"Elite Indian Restaurant"},"geometry":{"type":"Point","coordinates":[79.8678775,6.8311823]}},
{"type":"Feature","properties":{"fclass":"fast_food","name":"Popeyes"},"geometry":{"type":"Point","coordinates":[79.8663069,6.8362743]}},
{"type":"Feature","properties":{"fclass":"restaurant","name":"Chili's"},"geometry":{"type":"Point","coordinates":[79.8445759,6.9274575]}},
{"type":"Feature","properties":{"fclass":"fast_food","name":null},"geometry":{"type":"Point","coordinates":[79.8657641,6.8748652]}},
{"type":"Feature","properties":{"fclass":"cafe","name":"Mithaiwala"},"geometry":{"type":"Point","coordinates":[79.8618959,6.8721296]}},
{"type":"Feature","properties":{"fclass":"fast_food","name":"Vijaya Fresh juice"},"geometry":{"type":"Point","coordinates":[79.8616426,6.8721954]}},
{"type":"Feature","properties":{"fclass":"beverages","name":"Royal beer shop"},"geometry":{"type":"Point","coordinates":[79.861609,6.8722865]}},
{"type":"Feature","properties":{"fclass":"fast_food","name":"Faluda shop"},"geometry":{"type":"Point","coordinates":[79.8615622,6.8727394]}},
{"type":"Feature","properties":{"fclass":"restaurant","name":"Starbelly"},"geometry":{"type":"Point","coordinates":[79.9338996,6.8827722]}},
{"type":"Feature","properties":{"fclass":"food_court","name":null},"geometry":{"type":"Point","coordinates":[79.8549705,6.8941167]}},
{"type":"Feature","properties":{"fclass":"cafe","name":null},"geometry":{"type":"Point","coordinates":[80.0633623,6.6240102]}},
{"type":"Feature","properties":{"fclass":"restaurant","name":null},"geometry":{"type":"Point","coordinates":[80.0700321,6.601865]}},
{"type":"Feature","properties":{"fclass":"restaurant","name":null},"geometry":{"type":"Point","coordinates":[80.0880762,6.6117547]}},
{"type":"Feature","properties":{"fclass":"restaurant","name":"Spice Road"},"geometry":{"type":"Point","coordinates":[79.8700679,6.8924261]}},
{"type":"Feature","properties":{"fclass":"beverages","name":"New Wine Stores Naharenpita"},"geometry":{"type":"Point","coordinates":[79.8721538,6.8926988]}},
{"type":"Feature","properties":{"fclass":"restaurant","name":"Golden palace resturant"},"geometry":{"type":"Point","coordinates":[79.862203,6.8709109]}},
{"type":"Feature","properties":{"fclass":"restaurant","name":"R.S.Food Corner"},"geometry":{"type":"Point","coordinates":[79.8617952,6.8714231]}},
{"type":"Feature","properties":{"fclass":"fast_food","name":"Road2Kade"},"geometry":{"type":"Point","coordinates":[79.855378,6.8842473]}},
{"type":"Feature","properties":{"fclass":"cafe","name":"Chaiwala Colombo"},"geometry":{"type":"Point","coordinates":[79.8553102,6.8845191]}},
{"type":"Feature","properties":{"fclass":"beverages","name":"Kawaleo Wine Stores"},"geometry":{"type":"Point","coordinates":[79.8551649,6.8851169]}},
{"type":"Feature","properties":{"fclass":"fast_food","name":"The Slider Station"},"geometry":{"type":"Point","coordinates":[79.9307486,6.8758791]}},
{"type":"Feature","properties":{"fclass":"restaurant","name":"Mahens"},"geometry":{"type":"Point","coordinates":[79.8642983,6.8733915]}},
{"type":"Feature","properties":{"fclass":"bakery","name":"Sumanadisi Bakery"},"geometry":{"type":"Point","coordinates":[79.8656454,6.8764951]}},
{"type":"Feature","properties":{"fclass":"restaurant","name":"Breeze Barracuda"},"geometry":{"type":"Point","coordinates":[79.8461544,6.9211938]}},
{"type":"Feature","properties":{"fclass":"restaurant","name":"Rolex Hotel"},"geometry":{"type":"Point","coordinates":[79.8623538,6.8682424]}},
{"type":"Feature","properties":{"fclass":"restaurant","name":"Yarl Resturant"},"geometry":{"type":"Point","coordinates":[79.8623283,6.8683311]}},
{"type":"Feature","properties":{"fclass":"restaurant","name":"Arusuvai"},"geometry":{"type":"Point","coordinates":[79.862324,6.8683792]}},
{"type":"Feature","properties":{"fclass":"restaurant","name":"The Mango Tree"},"geometry":{"type":"Point","coordinates":[79.8625043,6.867661]}},
{"type":"Feature","properties":{"fclass":"bakery","name":"Sumanadisi"},"geometry":{"type":"Point","coordinates":[79.8632127,6.8657417]}},
{"type":"Feature","properties":{"fclass":"restaurant","name":"Rishi Foods"},"geometry":{"type":"Point","coordinates":[79.8626298,6.8682327]}},
{"type":"Feature","properties":{"fclass":"fast_food","name":"Burger Boss"},"geometry":{"type":"Point","coordinates":[79.8633573,6.8650162]}},
{"type":"Feature","properties":{"fclass":"cafe","name":"sunil's store"},"geometry":{"type":"Point","coordinates":[80.1160804,7.2244924]}},
{"type":"Feature","properties":{"fclass":"cafe","name":"gimnara gimanhala"},"geometry":{"type":"Point","coordinates":[80.1162344,7.2246727]}},
{"type":"Feature","properties":{"fclass":"fast_food","name":"Amos The crazy crumbs & Juice bar"},"geometry":{"type":"Point","coordinates":[79.866036,6.8738493]}},
{"type":"Feature","properties":{"fclass":"cafe","name":"Colombo Public Library canteen"},"geometry":{"type":"Point","coordinates":[79.8592197,6.9129953]}},
{"type":"Feature","properties":{"fclass":"restaurant","name":"Sigiri Catering and Food Centre"},"geometry":{"type":"Point","coordinates":[79.9995328,6.7792841]}},
{"type":"Feature","properties":{"fclass":"cafe","name":null},"geometry":{"type":"Point","coordinates":[79.8690193,6.9162729]}},
{"type":"Feature","properties":{"fclass":"cafe","name":null},"geometry":{"type":"Point","coordinates":[80.0670399,6.6297302]}},
{"type":"Feature","properties":{"fclass":"restaurant","name":null},"geometry":{"type":"Point","coordinates":[80.0678036,6.6312111]}},
{"type":"Feature","properties":{"fclass":"restaurant","name":null},"geometry":{"type":"Point","coordinates":[80.0663665,6.6296269]}},
{"type":"Feature","properties":{"fclass":"restaurant","name":"The Pizza Bakers"},"geometry":{"type":"Point","coordinates":[79.8448975,6.9271318]}},
{"type":"Feature","properties":{"fclass":"restaurant","name":"The Foodcycle"},"geometry":{"type":"Point","coordinates":[79.8616214,6.8758685]}},
{"type":"Feature","properties":{"fclass":"fast_food","name":null},"geometry":{"type":"Point","coordinates":[80.0929386,7.1375457]}},
{"type":"Feature","properties":{"fclass":"cafe","name":"Doctor's canteen NHSL"},"geometry":{"type":"Point","coordinates":[79.8679959,6.9196293]}},
{"type":"Feature","properties":{"fclass":"restaurant","name":"db Indian Bar and Eatery"},"geometry":{"type":"Point","coordinates":[79.8447059,6.9267309]}},
{"type":"Feature","properties":{"fclass":"restaurant","name":"The Manhattan Fish Market"},"geometry":{"type":"Point","coordinates":[79.8511568,6.9072085]}},
{"type":"Feature","properties":{"fclass":"restaurant","name":"The Manhattan Fish Market"},"geometry":{"type":"Point","coordinates":[79.8447185,6.9272534]}},
{"type":"Feature","properties":{"fclass":"cafe","name":"The brown bean"},"geometry":{"type":"Point","coordinates":[79.8578028,6.9132663]}},
{"type":"Feature","properties":{"fclass":"restaurant","name":"Sagara foods"},"geometry":{"type":"Point","coordinates":[79.8664479,6.8766007]}},
{"type":"Feature","properties":{"fclass":"beverages","name":"Inspirits"},"geometry":{"type":"Point","coordinates":[79.9334047,6.8841853]}},
{"type":"Feature","properties":{"fclass":"fast_food","name":"Burley’s - Burgers & Beyond"},"geometry":{"type":"Point","coordinates":[79.8556222,6.8925751]}},
{"type":"Feature","properties":{"fclass":"bakery","name":"Everyday Bakery"},"geometry":{"type":"Point","coordinates":[79.86661,6.876611]}},
{"type":"Feature","properties":{"fclass":"restaurant","name":null},"geometry":{"type":"Point","coordinates":[79.884098,6.775352]}},
{"type":"Feature","properties":{"fclass":"bakery","name":null},"geometry":{"type":"Point","coordinates":[79.8847941,6.7857815]}},
{"type":"Feature","properties":{"fclass":"food_court","name":"Food studio"},"geometry":{"type":"Point","coordinates":[79.8551118,6.9175144]}},
{"type":"Feature","properties":{"fclass":"restaurant","name":"Curry by Lotus"},"geometry":{"type":"Point","coordinates":[79.8551892,6.9174653]}},
{"type":"Feature","properties":{"fclass":"restaurant","name":"Sumatran spice"},"geometry":{"type":"Point","coordinates":[79.8552298,6.9175255]}},
{"type":"Feature","properties":{"fclass":"restaurant","name":"Tokyo Shokudo"},"geometry":{"type":"Point","coordinates":[79.8550298,6.9175095]}},
{"type":"Feature","properties":{"fclass":"fast_food","name":"Hot Chook"},"geometry":{"type":"Point","coordinates":[79.8552718,6.9176279]}},
{"type":"Feature","properties":{"fclass":"cafe","name":"Etc"},"geometry":{"type":"Point","coordinates":[79.855166,6.91753]}},
{"type":"Feature","properties":{"fclass":"restaurant","name":"Sizzler"},"geometry":{"type":"Point","coordinates":[79.8551234,6.9176266]}},
{"type":"Feature","properties":{"fclass":"restaurant","name":"Champion slice"},"geometry":{"type":"Point","coordinates":[79.8552509,6.9173868]}},
{"type":"Feature","properties":{"fclass":"restaurant","name":"Suksamran Thai"},"geometry":{"type":"Point","coordinates":[79.8552697,6.9175716]}},
{"type":"Feature","properties":{"fclass":"restaurant","name":"Mughlabar"},"geometry":{"type":"Point","coordinates":[79.85523,6.9174551]}},
{"type":"Feature","properties":{"fclass":"restaurant","name":"China express"},"geometry":{"type":"Point","coordinates":[79.8552511,6.9174225]}},
{"type":"Feature","properties":{"fclass":"fast_food","name":"Etc"},"geometry":{"type":"Point","coordinates":[79.8556818,6.9169092]}},
{"type":"Feature","properties":{"fclass":"restaurant","name":"Central Restaurant"},"geometry":{"type":"Point","coordinates":[79.8446528,6.9280215]}},
{"type":"Feature","properties":{"fclass":"restaurant","name":"Shang Palace"},"geometry":{"type":"Point","coordinates":[79.8446145,6.9281388]}},
{"type":"Feature","properties":{"fclass":"restaurant","name":"Harbour Court"},"geometry":{"type":"Point","coordinates":[79.841886,6.9327112]}},
{"type":"Feature","properties":{"fclass":"restaurant","name":"Gigafoods"},"geometry":{"type":"Point","coordinates":[79.9342011,6.8806544]}},
{"type":"Feature","properties":{"fclass":"restaurant","name":"Aqua Pizza"},"geometry":{"type":"Point","coordinates":[79.9375776,6.8851547]}},
{"type":"Feature","properties":{"fclass":"cafe","name":"Juice Me"},"geometry":{"type":"Point","coordinates":[79.9350116,6.8776146]}},
{"type":"Feature","properties":{"fclass":"fast_food","name":"Sarasa Chinese Food"},"geometry":{"type":"Point","coordinates":[79.9335133,6.8824549]}},
{"type":"Feature","properties":{"fclass":"fast_food","name":"KFC"},"geometry":{"type":"Point","coordinates":[79.8712673,6.8795128]}},
{"type":"Feature","properties":{"fclass":"bakery","name":"The Fab"},"geometry":{"type":"Point","coordinates":[79.85817,6.8839395]}},
{"type":"Feature","properties":{"fclass":"bakery","name":"local bakery truck  good and cheap"},"geometry":{"type":"Point","coordinates":[79.8554536,6.9194444]}},
{"type":"Feature","properties":{"fclass":"restaurant","name":"Isso Prawn Crazy"},"geometry":{"type":"Point","coordinates":[79.8546393,6.9120659]}},
{"type":"Feature","properties":{"fclass":"restaurant","name":null},"geometry":{"type":"Point","coordinates":[79.8667836,6.8942221]}},
{"type":"Feature","properties":{"fclass":"restaurant","name":"Life's Good Kitchen"},"geometry":{"type":"Point","coordinates":[79.8667885,6.8941696]}},
{"type":"Feature","properties":{"fclass":"restaurant","name":"Crepe Runner"},"geometry":{"type":"Point","coordinates":[79.8562046,6.8909315]}},
{"type":"Feature","properties":{"fclass":"cafe","name":null},"geometry":{"type":"Point","coordinates":[79.9946944,6.4384936]}},
{"type":"Feature","properties":{"fclass":"bakery","name":"Perera & Sons"},"geometry":{"type":"Point","coordinates":[79.8498155,6.9114963]}},
{"type":"Feature","properties":{"fclass":"restaurant","name":null},"geometry":{"type":"Point","coordinates":[79.9789154,6.4544026]}},
{"type":"Feature","properties":{"fclass":"restaurant","name":"Centella Bistro"},"geometry":{"type":"Point","coordinates":[79.8422709,7.2485577]}},
{"type":"Feature","properties":{"fclass":"restaurant","name":null},"geometry":{"type":"Point","coordinates":[79.9789294,6.4539493]}},
{"type":"Feature","properties":{"fclass":"cafe","name":"Healing cafe"},"geometry":{"type":"Point","coordinates":[79.8526077,6.8957856]}},
{"type":"Feature","properties":{"fclass":"restaurant","name":"Royal Code"},"geometry":{"type":"Point","coordinates":[79.852678,6.8957681]}},
{"type":"Feature","properties":{"fclass":"bakery","name":"Lilly petal"},"geometry":{"type":"Point","coordinates":[79.876769,6.9088641]}},
{"type":"Feature","properties":{"fclass":"bakery","name":"P&S (Perera & Sons)"},"geometry":{"type":"Point","coordinates":[79.8757373,6.8923779]}},
{"type":"Feature","properties":{"fclass":"restaurant","name":"Jayani restaurant"},"geometry":{"type":"Point","coordinates":[79.8680838,6.8857863]}},
{"type":"Feature","properties":{"fclass":"fast_food","name":"Domino's"},"geometry":{"type":"Point","coordinates":[79.8685964,6.8836247]}},
{"type":"Feature","properties":{"fclass":"restaurant","name":"Cuisine Colombo"},"geometry":{"type":"Point","coordinates":[79.8723896,6.9095056]}},
{"type":"Feature","properties":{"fclass":"restaurant","name":"Matara bath kade"},"geometry":{"type":"Point","coordinates":[79.8612888,6.874123]}},
{"type":"Feature","properties":{"fclass":"fast_food","name":"Burger King"},"geometry":{"type":"Point","coordinates":[79.8448916,6.928493]}},
{"type":"Feature","properties":{"fclass":"cafe","name":"The Coffee Manor"},"geometry":{"type":"Point","coordinates":[79.876109,6.9094181]}},
{"type":"Feature","properties":{"fclass":"fast_food","name":"???????? ?????"},"geometry":{"type":"Point","coordinates":[80.0878314,6.4304429]}},
{"type":"Feature","properties":{"fclass":"restaurant","name":"Sensal"},"geometry":{"type":"Point","coordinates":[79.9063494,6.8603359]}},
{"type":"Feature","properties":{"fclass":"restaurant","name":"Ricorn Hotel & Bakery"},"geometry":{"type":"Point","coordinates":[79.8599853,6.8782662]}},
{"type":"Feature","properties":{"fclass":"restaurant","name":"Ricorn Hotels & Bakery"},"geometry":{"type":"Point","coordinates":[79.8652789,6.9266357]}},
{"type":"Feature","properties":{"fclass":"fast_food","name":"Burger King"},"geometry":{"type":"Point","coordinates":[79.8876207,6.8703429]}},
{"type":"Feature","properties":{"fclass":"restaurant","name":"Nimrasa cafe"},"geometry":{"type":"Point","coordinates":[80.0809804,7.1335569]}},
{"type":"Feature","properties":{"fclass":"restaurant","name":null},"geometry":{"type":"Point","coordinates":[79.8412088,7.2326652]}},
{"type":"Feature","properties":{"fclass":"restaurant","name":null},"geometry":{"type":"Point","coordinates":[79.9427765,6.6258303]}},
{"type":"Feature","properties":{"fclass":"fast_food","name":"KFC"},"geometry":{"type":"Point","coordinates":[79.8439589,6.9334172]}},
{"type":"Feature","properties":{"fclass":"restaurant","name":"Laluna Ayurveda Resort"},"geometry":{"type":"Point","coordinates":[79.9947656,6.4359104]}},
{"type":"Feature","properties":{"fclass":"restaurant","name":"#resturent"},"geometry":{"type":"Point","coordinates":[80.0855486,6.8833111]}},
{"type":"Feature","properties":{"fclass":"fast_food","name":"wasana bakery"},"geometry":{"type":"Point","coordinates":[80.0917498,6.8587527]}},
{"type":"Feature","properties":{"fclass":"fast_food","name":"Burger Master"},"geometry":{"type":"Point","coordinates":[80.0237774,6.8363402]}},
{"type":"Feature","properties":{"fclass":"restaurant","name":null},"geometry":{"type":"Point","coordinates":[80.1218439,6.5210512]}},
{"type":"Feature","properties":{"fclass":"bakery","name":"Paan Paan"},"geometry":{"type":"Point","coordinates":[79.8622312,6.8833461]}},
{"type":"Feature","properties":{"fclass":"cafe","name":"FEEL Cafe Lagoon"},"geometry":{"type":"Point","coordinates":[79.9632679,6.5625949]}},
{"type":"Feature","properties":{"fclass":"restaurant","name":"Oreo Beach Hotel & Restaurant"},"geometry":{"type":"Point","coordinates":[79.9634755,6.5608362]}},
{"type":"Feature","properties":{"fclass":"cafe","name":"The Coffee Shop"},"geometry":{"type":"Point","coordinates":[79.8756026,6.9213406]}},
{"type":"Feature","properties":{"fclass":"restaurant","name":"Pizza Hut"},"geometry":{"type":"Point","coordinates":[79.9088622,6.8683076]}},
{"type":"Feature","properties":{"fclass":"restaurant","name":"Dananjana Hotel"},"geometry":{"type":"Point","coordinates":[80.0814681,6.4118732]}},
{"type":"Feature","properties":{"fclass":"cafe","name":"Chalruk Cake Ittapana"},"geometry":{"type":"Point","coordinates":[80.0815328,6.4122054]}},
{"type":"Feature","properties":{"fclass":"cafe","name":"Dilan Cafe"},"geometry":{"type":"Point","coordinates":[80.0812155,6.4117874]}},
{"type":"Feature","properties":{"fclass":"cafe","name":"Roshan Cafe"},"geometry":{"type":"Point","coordinates":[80.0814935,6.4129588]}},
{"type":"Feature","properties":{"fclass":"cafe","name":"Rovenro Cafe"},"geometry":{"type":"Point","coordinates":[80.0653487,6.7173636]}},
{"type":"Feature","properties":{"fclass":"restaurant","name":"Lush burger"},"geometry":{"type":"Point","coordinates":[79.9077793,6.7168061]}},
{"type":"Feature","properties":{"fclass":"restaurant","name":"Ravira Cafe"},"geometry":{"type":"Point","coordinates":[79.9065805,6.7140293]}},
{"type":"Feature","properties":{"fclass":"restaurant","name":"Sri Gayathri Cafe"},"geometry":{"type":"Point","coordinates":[79.9068544,6.7140836]}},
{"type":"Feature","properties":{"fclass":"fast_food","name":"Juice World"},"geometry":{"type":"Point","coordinates":[79.9075676,6.7112049]}},
{"type":"Feature","properties":{"fclass":"cafe","name":"MH Milk Bar"},"geometry":{"type":"Point","coordinates":[79.9075735,6.7113134]}},
{"type":"Feature","properties":{"fclass":"restaurant","name":"Shanghai Chinese Restaurant"},"geometry":{"type":"Point","coordinates":[79.908548,6.7124749]}},
{"type":"Feature","properties":{"fclass":"bakery","name":"PnS Bakers"},"geometry":{"type":"Point","coordinates":[80.068145,6.7179351]}},
{"type":"Feature","properties":{"fclass":"restaurant","name":null},"geometry":{"type":"Point","coordinates":[79.8437424,6.9264313]}},
{"type":"Feature","properties":{"fclass":"restaurant","name":"Saketha Medura"},"geometry":{"type":"Point","coordinates":[79.9999725,7.0893351]}},
{"type":"Feature","properties":{"fclass":"restaurant","name":"Umandawa Green Hut"},"geometry":{"type":"Point","coordinates":[79.8551649,6.9003632]}},
{"type":"Feature","properties":{"fclass":"restaurant","name":null},"geometry":{"type":"Point","coordinates":[79.8477318,7.0938619]}},
{"type":"Feature","properties":{"fclass":"restaurant","name":"Cafe 4 U"},"geometry":{"type":"Point","coordinates":[79.8628906,6.8671318]}},
{"type":"Feature","properties":{"fclass":"cafe","name":"Bitcoin Cafe by Wheelys"},"geometry":{"type":"Point","coordinates":[79.8524744,6.9095227]}},
{"type":"Feature","properties":{"fclass":"cafe","name":"Cafe Longdon"},"geometry":{"type":"Point","coordinates":[79.8728316,6.8977174]}},
{"type":"Feature","properties":{"fclass":"fast_food","name":null},"geometry":{"type":"Point","coordinates":[79.8573088,6.8942095]}},
{"type":"Feature","properties":{"fclass":"restaurant","name":"Ram Cafe"},"geometry":{"type":"Point","coordinates":[79.8896084,7.0735185]}},
{"type":"Feature","properties":{"fclass":"restaurant","name":"Anura resturant"},"geometry":{"type":"Point","coordinates":[80.1741665,7.2049932]}},
{"type":"Feature","properties":{"fclass":"cafe","name":"Food Cafe"},"geometry":{"type":"Point","coordinates":[80.1752482,7.2032213]}},
{"type":"Feature","properties":{"fclass":"restaurant","name":"Patirana Food Corner"},"geometry":{"type":"Point","coordinates":[79.8571998,6.932105]}},
{"type":"Feature","properties":{"fclass":"fast_food","name":"KFC"},"geometry":{"type":"Point","coordinates":[79.8685228,6.9016974]}},
{"type":"Feature","properties":{"fclass":"cafe","name":"SS Cafe"},"geometry":{"type":"Point","coordinates":[79.936902,6.7953895]}},
{"type":"Feature","properties":{"fclass":"cafe","name":"coffee  shope"},"geometry":{"type":"Point","coordinates":[79.9136907,6.9635921]}},
{"type":"Feature","properties":{"fclass":"restaurant","name":"Grillz by Royal"},"geometry":{"type":"Point","coordinates":[79.8589776,6.8682532]}},
{"type":"Feature","properties":{"fclass":"restaurant","name":null},"geometry":{"type":"Point","coordinates":[79.9089066,6.8683332]}},
{"type":"Feature","properties":{"fclass":"restaurant","name":"Pearl Beach Paradise"},"geometry":{"type":"Point","coordinates":[79.8592826,6.865131]}},
{"type":"Feature","properties":{"fclass":"restaurant","name":"Marine Grill"},"geometry":{"type":"Point","coordinates":[79.8575269,6.8764256]}},
{"type":"Feature","properties":{"fclass":"restaurant","name":"Green Life Restaurant"},"geometry":{"type":"Point","coordinates":[79.8609085,6.9428737]}},
{"type":"Feature","properties":{"fclass":"restaurant","name":"Co OP Bakery"},"geometry":{"type":"Point","coordinates":[79.9094993,7.0018916]}},
{"type":"Feature","properties":{"fclass":"restaurant","name":"HQ by W15"},"geometry":{"type":"Point","coordinates":[79.8616263,6.9207399]}},
{"type":"Feature","properties":{"fclass":"restaurant","name":null},"geometry":{"type":"Point","coordinates":[79.9427327,6.622373]}},
{"type":"Feature","properties":{"fclass":"food_court","name":"Nihumath Catering"},"geometry":{"type":"Point","coordinates":[79.8907841,6.9425931]}},
{"type":"Feature","properties":{"fclass":"cafe","name":"Kiku"},"geometry":{"type":"Point","coordinates":[79.8611247,6.8870384]}},
{"type":"Feature","properties":{"fclass":"cafe","name":"Tea avenue"},"geometry":{"type":"Point","coordinates":[79.86627,6.8994012]}},
{"type":"Feature","properties":{"fclass":"restaurant","name":null},"geometry":{"type":"Point","coordinates":[79.9452695,6.6216766]}},
{"type":"Feature","properties":{"fclass":"restaurant","name":"Al-maas Premium Indian Restaurant"},"geometry":{"type":"Point","coordinates":[79.8553736,6.8952819]}},
{"type":"Feature","properties":{"fclass":"restaurant","name":"Big Plate"},"geometry":{"type":"Point","coordinates":[79.8524163,6.8965728]}},
{"type":"Feature","properties":{"fclass":"cafe","name":null},"geometry":{"type":"Point","coordinates":[79.9800444,6.517941]}},
{"type":"Feature","properties":{"fclass":"cafe","name":"Highland Milk Bar"},"geometry":{"type":"Point","coordinates":[79.8848385,6.8396959]}},
{"type":"Feature","properties":{"fclass":"bakery","name":"Dhara Poranu Paan"},"geometry":{"type":"Point","coordinates":[79.8853603,6.8334073]}},
{"type":"Feature","properties":{"fclass":"bakery","name":"SB Super Bakers"},"geometry":{"type":"Point","coordinates":[79.8856616,6.8328888]}},
{"type":"Feature","properties":{"fclass":"restaurant","name":"The Chef Ceylon"},"geometry":{"type":"Point","coordinates":[79.8621773,6.869202]}},
{"type":"Feature","properties":{"fclass":"cafe","name":"Tea Avenue - Pepiliyana"},"geometry":{"type":"Point","coordinates":[79.8884954,6.8558036]}},
{"type":"Feature","properties":{"fclass":"restaurant","name":null},"geometry":{"type":"Point","coordinates":[80.1015934,6.9181938]}},
{"type":"Feature","properties":{"fclass":"fast_food","name":null},"geometry":{"type":"Point","coordinates":[79.8895202,6.9109127]}},
{"type":"Feature","properties":{"fclass":"restaurant","name":null},"geometry":{"type":"Point","coordinates":[79.9004095,6.9036818]}},
{"type":"Feature","properties":{"fclass":"restaurant","name":"Crepe Runner"},"geometry":{"type":"Point","coordinates":[79.8508751,6.9020251]}},
{"type":"Feature","properties":{"fclass":"restaurant","name":"Hardramiah - Multi Cuisine Restaurant"},"geometry":{"type":"Point","coordinates":[79.8719892,6.9354538]}},
{"type":"Feature","properties":{"fclass":"bakery","name":null},"geometry":{"type":"Point","coordinates":[79.899099,6.8519822]}},
{"type":"Feature","properties":{"fclass":"bakery","name":null},"geometry":{"type":"Point","coordinates":[79.8779541,6.8149601]}},
{"type":"Feature","properties":{"fclass":"bakery","name":null},"geometry":{"type":"Point","coordinates":[79.9067198,6.8544552]}},
{"type":"Feature","properties":{"fclass":"bakery","name":null},"geometry":{"type":"Point","coordinates":[79.8657266,6.8512303]}},
{"type":"Feature","properties":{"fclass":"bakery","name":null},"geometry":{"type":"Point","coordinates":[79.8656778,6.8535146]}},
{"type":"Feature","properties":{"fclass":"restaurant","name":null},"geometry":{"type":"Point","coordinates":[79.8626206,6.8506402]}},
{"type":"Feature","properties":{"fclass":"bakery","name":null},"geometry":{"type":"Point","coordinates":[79.8653421,6.8522925]}},
{"type":"Feature","properties":{"fclass":"restaurant","name":null},"geometry":{"type":"Point","coordinates":[79.8626258,6.8507594]}},
{"type":"Feature","properties":{"fclass":"fast_food","name":null},"geometry":{"type":"Point","coordinates":[79.8538127,6.8629898]}},
{"type":"Feature","properties":{"fclass":"restaurant","name":null},"geometry":{"type":"Point","coordinates":[79.8661919,6.8501101]}},
{"type":"Feature","properties":{"fclass":"bakery","name":null},"geometry":{"type":"Point","coordinates":[79.8990243,6.8522858]}},
{"type":"Feature","properties":{"fclass":"restaurant","name":null},"geometry":{"type":"Point","coordinates":[79.8629631,6.8510001]}},
{"type":"Feature","properties":{"fclass":"restaurant","name":null},"geometry":{"type":"Point","coordinates":[79.8653481,6.8513935]}},
{"type":"Feature","properties":{"fclass":"bakery","name":null},"geometry":{"type":"Point","coordinates":[79.8657289,6.8511507]}},
{"type":"Feature","properties":{"fclass":"restaurant","name":null},"geometry":{"type":"Point","coordinates":[79.8626288,6.8513988]}},
{"type":"Feature","properties":{"fclass":"bakery","name":null},"geometry":{"type":"Point","coordinates":[79.8655346,6.8541419]}},
{"type":"Feature","properties":{"fclass":"fast_food","name":null},"geometry":{"type":"Point","coordinates":[79.8679117,6.8509393]}},
{"type":"Feature","properties":{"fclass":"restaurant","name":null},"geometry":{"type":"Point","coordinates":[79.8657932,6.8535027]}},
{"type":"Feature","properties":{"fclass":"cafe","name":null},"geometry":{"type":"Point","coordinates":[79.8678351,6.8512209]}},
{"type":"Feature","properties":{"fclass":"bakery","name":null},"geometry":{"type":"Point","coordinates":[79.8654662,6.8511317]}},
{"type":"Feature","properties":{"fclass":"restaurant","name":null},"geometry":{"type":"Point","coordinates":[79.865858,6.853492]}},
{"type":"Feature","properties":{"fclass":"cafe","name":"Soo Ceylon Cafe & Tea Lounge"},"geometry":{"type":"Point","coordinates":[79.8864785,7.1737727]}},
{"type":"Feature","properties":{"fclass":"fast_food","name":null},"geometry":{"type":"Point","coordinates":[80.0793029,6.9079001]}},
{"type":"Feature","properties":{"fclass":"restaurant","name":"noora mahal reception hall"},"geometry":{"type":"Point","coordinates":[79.890848,6.9421232]}},
{"type":"Feature","properties":{"fclass":"bakery","name":"Milano Hotel"},"geometry":{"type":"Point","coordinates":[79.8658303,6.8506979]}},
{"type":"Feature","properties":{"fclass":"restaurant","name":"Mathara Rathu Bath Kade"},"geometry":{"type":"Point","coordinates":[79.8660967,6.8501687]}},
{"type":"Feature","properties":{"fclass":"bakery","name":"P&S Bakers"},"geometry":{"type":"Point","coordinates":[79.8661788,6.8497764]}},
{"type":"Feature","properties":{"fclass":"restaurant","name":"Southeren Fried Chicken"},"geometry":{"type":"Point","coordinates":[79.8680907,6.8508918]}},
{"type":"Feature","properties":{"fclass":"restaurant","name":"KFC"},"geometry":{"type":"Point","coordinates":[79.8679484,6.8509377]}},
{"type":"Feature","properties":{"fclass":"beverages","name":"Dehiwala Wine Stors"},"geometry":{"type":"Point","coordinates":[79.8664856,6.8511342]}},
{"type":"Feature","properties":{"fclass":"restaurant","name":"Thoma Wattala"},"geometry":{"type":"Point","coordinates":[79.888593,6.9765183]}},
{"type":"Feature","properties":{"fclass":"fast_food","name":"Hunny Bunny fast food resturant"},"geometry":{"type":"Point","coordinates":[79.8893853,6.9777956]}},
{"type":"Feature","properties":{"fclass":"restaurant","name":"Anthonys Food"},"geometry":{"type":"Point","coordinates":[79.8910841,6.9737997]}},
{"type":"Feature","properties":{"fclass":"bakery","name":"Cakes & Bakes by Sam"},"geometry":{"type":"Point","coordinates":[79.8902084,6.9748763]}},
{"type":"Feature","properties":{"fclass":"restaurant","name":"Spike n Spicy"},"geometry":{"type":"Point","coordinates":[79.8905578,6.9741947]}},
{"type":"Feature","properties":{"fclass":"restaurant","name":"Energy Station"},"geometry":{"type":"Point","coordinates":[79.8908374,6.9747858]}},
{"type":"Feature","properties":{"fclass":"restaurant","name":"A&D Food Centre"},"geometry":{"type":"Point","coordinates":[79.8911566,6.97344]}},
{"type":"Feature","properties":{"fclass":"cafe","name":"Juice Dispenser"},"geometry":{"type":"Point","coordinates":[79.8898758,6.9770874]}},
{"type":"Feature","properties":{"fclass":"fast_food","name":"Seewali Bakery"},"geometry":{"type":"Point","coordinates":[79.9124417,6.7944949]}},
{"type":"Feature","properties":{"fclass":"restaurant","name":"New Iqbal Hotel"},"geometry":{"type":"Point","coordinates":[79.8781884,6.9292653]}},
{"type":"Feature","properties":{"fclass":"fast_food","name":"Hospital Canteen"},"geometry":{"type":"Point","coordinates":[79.9237145,7.0286734]}},
{"type":"Feature","properties":{"fclass":"bakery","name":"Samagi Bakers"},"geometry":{"type":"Point","coordinates":[79.8994145,7.0210648]}},
{"type":"Feature","properties":{"fclass":"food_court","name":"Kailasa"},"geometry":{"type":"Point","coordinates":[79.8551274,6.9000432]}},
{"type":"Feature","properties":{"fclass":"restaurant","name":"Zam Zam"},"geometry":{"type":"Point","coordinates":[79.8585977,6.9220478]}},
{"type":"Feature","properties":{"fclass":"beverages","name":"Fine Spirits"},"geometry":{"type":"Point","coordinates":[79.8595436,6.9197068]}},
{"type":"Feature","properties":{"fclass":"restaurant","name":"Green Cabin"},"geometry":{"type":"Point","coordinates":[79.8576004,6.9226248]}},
{"type":"Feature","properties":{"fclass":"bakery","name":"Perera and Sons"},"geometry":{"type":"Point","coordinates":[79.8728824,6.9191308]}},
{"type":"Feature","properties":{"fclass":"fast_food","name":"Medical Faculty Canteen"},"geometry":{"type":"Point","coordinates":[79.870783,6.9192788]}},
{"type":"Feature","properties":{"fclass":"cafe","name":"Ruby Harvest"},"geometry":{"type":"Point","coordinates":[79.856106,6.8977081]}},
{"type":"Feature","properties":{"fclass":"beverages","name":"Sriyanni Wine Stores"},"geometry":{"type":"Point","coordinates":[79.8728133,7.1498117]}},
{"type":"Feature","properties":{"fclass":"restaurant","name":"New Lanka Hotel"},"geometry":{"type":"Point","coordinates":[79.87241,7.1532177]}},
{"type":"Feature","properties":{"fclass":"restaurant","name":"Jayamahal Food House"},"geometry":{"type":"Point","coordinates":[79.8722529,7.153924]}},
{"type":"Feature","properties":{"fclass":"food_court","name":"Janka Kitchen"},"geometry":{"type":"Point","coordinates":[80.1058337,7.1535522]}},
{"type":"Feature","properties":{"fclass":"bakery","name":"Perera & Sons"},"geometry":{"type":"Point","coordinates":[80.1187064,7.1580142]}},
{"type":"Feature","properties":{"fclass":"restaurant","name":"Arunthathee Vihaar Vegetarian Restaurant"},"geometry":{"type":"Point","coordinates":[79.8537592,6.9390251]}},
{"type":"Feature","properties":{"fclass":"restaurant","name":null},"geometry":{"type":"Point","coordinates":[79.8658364,6.9039433]}},
{"type":"Feature","properties":{"fclass":"fast_food","name":"Burger King"},"geometry":{"type":"Point","coordinates":[79.8861195,7.1740611]}},
{"type":"Feature","properties":{"fclass":"restaurant","name":"Pizza Hut"},"geometry":{"type":"Point","coordinates":[79.8862603,7.1749369]}},
{"type":"Feature","properties":{"fclass":"restaurant","name":"Roccos"},"geometry":{"type":"Point","coordinates":[79.8697137,6.9099999]}},
{"type":"Feature","properties":{"fclass":"cafe","name":"Nescafe"},"geometry":{"type":"Point","coordinates":[79.8852413,7.1757984]}},
{"type":"Feature","properties":{"fclass":"restaurant","name":"Nilwaral"},"geometry":{"type":"Point","coordinates":[79.9979363,6.4284013]}},
{"type":"Feature","properties":{"fclass":"cafe","name":"p & s"},"geometry":{"type":"Point","coordinates":[79.8845787,6.784167]}},
{"type":"Feature","properties":{"fclass":"fast_food","name":null},"geometry":{"type":"Point","coordinates":[79.9346532,6.8799322]}},
{"type":"Feature","properties":{"fclass":"restaurant","name":"Sanjay Beach Restaurant & Pub"},"geometry":{"type":"Point","coordinates":[79.863292,7.0202846]}},
{"type":"Feature","properties":{"fclass":"restaurant","name":"Harpo's Pizza & Pasta"},"geometry":{"type":"Point","coordinates":[79.8891734,6.9840711]}},
{"type":"Feature","properties":{"fclass":"restaurant","name":null},"geometry":{"type":"Point","coordinates":[79.9860784,6.8458955]}},
{"type":"Feature","properties":{"fclass":"restaurant","name":null},"geometry":{"type":"Point","coordinates":[79.9011319,7.1320726]}},
{"type":"Feature","properties":{"fclass":"fast_food","name":null},"geometry":{"type":"Point","coordinates":[79.9026524,7.1340613]}},
{"type":"Feature","properties":{"fclass":"cafe","name":null},"geometry":{"type":"Point","coordinates":[79.9361861,7.1501472]}},
{"type":"Feature","properties":{"fclass":"cafe","name":null},"geometry":{"type":"Point","coordinates":[79.9368041,7.1474823]}},
{"type":"Feature","properties":{"fclass":"cafe","name":null},"geometry":{"type":"Point","coordinates":[79.9380299,7.1457054]}},
{"type":"Feature","properties":{"fclass":"restaurant","name":"Big Taste"},"geometry":{"type":"Point","coordinates":[79.8674677,6.8350413]}},
{"type":"Feature","properties":{"fclass":"restaurant","name":"Upwind"},"geometry":{"type":"Point","coordinates":[79.8677629,7.17109]}},
{"type":"Feature","properties":{"fclass":"restaurant","name":"One bamboo"},"geometry":{"type":"Point","coordinates":[79.9219809,7.1218807]}},
{"type":"Feature","properties":{"fclass":"cafe","name":"The Cricket Club Cafe"},"geometry":{"type":"Point","coordinates":[79.8563879,6.9110075]}},
{"type":"Feature","properties":{"fclass":"beverages","name":"Wine Shop"},"geometry":{"type":"Point","coordinates":[79.8542183,6.9338938]}},
{"type":"Feature","properties":{"fclass":"cafe","name":"Uwa Hotel"},"geometry":{"type":"Point","coordinates":[79.8514421,6.9135276]}},
{"type":"Feature","properties":{"fclass":"restaurant","name":"Nikki Modern Greek Bistro"},"geometry":{"type":"Point","coordinates":[79.8589349,6.91666]}},
{"type":"Feature","properties":{"fclass":"restaurant","name":"Aqua Pizza"},"geometry":{"type":"Point","coordinates":[79.8587257,6.916491]}},
{"type":"Feature","properties":{"fclass":"restaurant","name":"Wildish"},"geometry":{"type":"Point","coordinates":[79.855116,6.919722]}},
{"type":"Feature","properties":{"fclass":"restaurant","name":null},"geometry":{"type":"Point","coordinates":[79.8449966,7.240459]}},
{"type":"Feature","properties":{"fclass":"restaurant","name":"1979 Family Restaurant"},"geometry":{"type":"Point","coordinates":[79.9049838,6.8350481]}},
{"type":"Feature","properties":{"fclass":"restaurant","name":"Grand Royal Restaurant"},"geometry":{"type":"Point","coordinates":[79.9061853,6.8332612]}},
{"type":"Feature","properties":{"fclass":"cafe","name":"Grand Royal Coffee Shop"},"geometry":{"type":"Point","coordinates":[79.9062295,6.8333265]}},
{"type":"Feature","properties":{"fclass":"beverages","name":null},"geometry":{"type":"Point","coordinates":[79.9067284,6.8330162]}},
{"type":"Feature","properties":{"fclass":"beverages","name":null},"geometry":{"type":"Point","coordinates":[79.9073601,6.8332399]}},
{"type":"Feature","properties":{"fclass":"restaurant","name":"Honey Beach Restaurant"},"geometry":{"type":"Point","coordinates":[79.8413617,7.2395908]}},
{"type":"Feature","properties":{"fclass":"restaurant","name":"Ceylon Curry Club"},"geometry":{"type":"Point","coordinates":[79.843414,6.9334177]}},
{"type":"Feature","properties":{"fclass":"restaurant","name":"PappaRich"},"geometry":{"type":"Point","coordinates":[79.8943111,6.9006458]}},
{"type":"Feature","properties":{"fclass":"restaurant","name":"Maru Poke Cafe"},"geometry":{"type":"Point","coordinates":[79.8954288,6.899659]}},
{"type":"Feature","properties":{"fclass":"restaurant","name":"Crepe Runner"},"geometry":{"type":"Point","coordinates":[79.8549646,6.9175933]}},
{"type":"Feature","properties":{"fclass":"restaurant","name":"Hot Master Restaurant"},"geometry":{"type":"Point","coordinates":[79.9088667,6.8315477]}},
{"type":"Feature","properties":{"fclass":"restaurant","name":"Hot Master Cabin"},"geometry":{"type":"Point","coordinates":[79.9088156,6.8315815]}},
{"type":"Feature","properties":{"fclass":"restaurant","name":"Ken Food Center"},"geometry":{"type":"Point","coordinates":[79.9043843,6.841551]}},
{"type":"Feature","properties":{"fclass":"restaurant","name":"Nest Family Restaurant"},"geometry":{"type":"Point","coordinates":[79.9042116,6.8415748]}},
{"type":"Feature","properties":{"fclass":"cafe","name":"Barista"},"geometry":{"type":"Point","coordinates":[79.9098908,6.8304855]}},
{"type":"Feature","properties":{"fclass":"restaurant","name":"Shoulders by Harpos"},"geometry":{"type":"Point","coordinates":[79.8674909,6.8829813]}},
{"type":"Feature","properties":{"fclass":"restaurant","name":"Colombo Steak House"},"geometry":{"type":"Point","coordinates":[79.8673904,6.882908]}},
{"type":"Feature","properties":{"fclass":"bakery","name":null},"geometry":{"type":"Point","coordinates":[79.9084114,6.8419491]}},
{"type":"Feature","properties":{"fclass":"restaurant","name":"Stadium Restaurant"},"geometry":{"type":"Point","coordinates":[79.9053343,6.83512]}},
{"type":"Feature","properties":{"fclass":"restaurant","name":"Airport City - Family Restaurant"},"geometry":{"type":"Point","coordinates":[79.8827705,7.1675053]}},
{"type":"Feature","properties":{"fclass":"restaurant","name":"Burgers"},"geometry":{"type":"Point","coordinates":[79.8841156,7.1656137]}},
{"type":"Feature","properties":{"fclass":"bakery","name":"Janitha Backers"},"geometry":{"type":"Point","coordinates":[79.8834045,7.1640211]}},
{"type":"Feature","properties":{"fclass":"restaurant","name":"Chef King Restaurant"},"geometry":{"type":"Point","coordinates":[79.8828818,7.1670416]}},
{"type":"Feature","properties":{"fclass":"beverages","name":null},"geometry":{"type":"Point","coordinates":[79.8834466,7.1626968]}},
{"type":"Feature","properties":{"fclass":"restaurant","name":null},"geometry":{"type":"Point","coordinates":[79.8746974,7.1590275]}},
{"type":"Feature","properties":{"fclass":"fast_food","name":null},"geometry":{"type":"Point","coordinates":[79.8829288,7.1665631]}},
{"type":"Feature","properties":{"fclass":"restaurant","name":"Dilan Foods"},"geometry":{"type":"Point","coordinates":[79.8750579,7.159506]}},
{"type":"Feature","properties":{"fclass":"restaurant","name":"Isle Amore"},"geometry":{"type":"Point","coordinates":[79.8541385,6.910336]}},
{"type":"Feature","properties":{"fclass":"cafe","name":"Brown Sugar"},"geometry":{"type":"Point","coordinates":[79.8541077,6.9103799]}}
]
}
