{
"type": "FeatureCollection",
"name": "shops",
"crs": { "type": "name", "properties": { "name": "urn:ogc:def:crs:OGC:1.3:CRS84" } },
"features": [
{"type":"Feature","properties":{"osm_id":"255181636","code":2501,"fclass":"supermarket","name":"Cargills Food City"},"geometry":{"type":"Point","coordinates":[80.0597184,6.7176012]}},
{"type":"Feature","properties":{"osm_id":"255671691","code":2501,"fclass":"supermarket","name":"Cargills Food City"},"geometry":{"type":"Point","coordinates":[79.8558233,6.9202306]}},
{"type":"Feature","properties":{"osm_id":"269032442","code":2501,"fclass":"supermarket","name":"Cargills Food City"},"geometry":{"type":"Point","coordinates":[79.8671266,6.8329646]}},
{"type":"Feature","properties":{"osm_id":"269067743","code":2501,"fclass":"supermarket","name":"P & A"},"geometry":{"type":"Point","coordinates":[79.8614816,6.8824777]}},
{"type":"Feature","properties":{"osm_id":"599762429","code":2101,"fclass":"pharmacy","name":"Government Dispensary, Brahmanagama"},"geometry":{"type":"Point","coordinates":[79.9805879,6.8199958]}},
{"type":"Feature","properties":{"osm_id":"617141645","code":2501,"fclass":"supermarket","name":"Keells Super"},"geometry":{"type":"Point","coordinates":[79.8559888,6.9214572]}},
{"type":"Feature","properties":{"osm_id":"617204872","code":2501,"fclass":"supermarket","name":"Laugfs"},"geometry":{"type":"Point","coordinates":[79.9279242,6.8911717]}},
{"type":"Feature","properties":{"osm_id":"617222730","code":2501,"fclass":"supermarket","name":"Economic Shops & Groceries"},"geometry":{"type":"Point","coordinates":[79.8825502,6.8938643]}},
{"type":"Feature","properties":{"osm_id":"618532478","code":2501,"fclass":"supermarket","name":"Cargills Food City"},"geometry":{"type":"Point","coordinates":[79.8919082,6.9326251]}},
{"type":"Feature","properties":{"osm_id":"618771118","code":2501,"fclass":"supermarket","name":"Nugegoda Supermarket"},"geometry":{"type":"Point","coordinates":[79.8914526,6.8729147]}},
{"type":"Feature","properties":{"osm_id":"619742376","code":2501,"fclass":"supermarket","name":"Keells Super"},"geometry":{"type":"Point","coordinates":[79.9891657,6.8776235]}},
{"type":"Feature","properties":{"osm_id":"620382898","code":2501,"fclass":"supermarket","name":"Liberty Plaza"},"geometry":{"type":"Point","coordinates":[79.8511941,6.9118581]}},
{"type":"Feature","properties":{"osm_id":"620385687","code":2504,"fclass":"mall","name":"Crescat Boulevard"},"geometry":{"type":"Point","coordinates":[79.8482169,6.9170029]}},
{"type":"Feature","properties":{"osm_id":"620519821","code":2101,"fclass":"pharmacy","name":"Osu Sala"},"geometry":{"type":"Point","coordinates":[79.8635977,6.9172062]}},
{"type":"Feature","properties":{"osm_id":"621054055","code":2101,"fclass":"pharmacy","name":null},"geometry":{"type":"Point","coordinates":[79.9293289,6.8919196]}},
{"type":"Feature","properties":{"osm_id":"621201130","code":2501,"fclass":"supermarket","name":"ODEL"},"geometry":{"type":"Point","coordinates":[79.8908158,6.9882741]}},
{"type":"Feature","properties":{"osm_id":"621917716","code":2501,"fclass":"supermarket","name":"Keells Super, Mount Lavinia."},"geometry":{"type":"Point","coordinates":[79.8673272,6.8318632]}},
{"type":"Feature","properties":{"osm_id":"621925778","code":2501,"fclass":"supermarket","name":"Family Super"},"geometry":{"type":"Point","coordinates":[79.8671234,6.8418723]}},
{"type":"Feature","properties":{"osm_id":"621940779","code":2512,"fclass":"clothes","name":"NOLIMIT Glitz"},"geometry":{"type":"Point","coordinates":[79.8664261,6.8453237]}},
{"type":"Feature","properties":{"osm_id":"625793245","code":2501,"fclass":"supermarket","name":"Cargills"},"geometry":{"type":"Point","coordinates":[79.9017762,6.8834777]}},
{"type":"Feature","properties":{"osm_id":"625793246","code":2501,"fclass":"supermarket","name":"Laugfs"},"geometry":{"type":"Point","coordinates":[79.902066,6.8836484]}},
{"type":"Feature","properties":{"osm_id":"625829324","code":2501,"fclass":"supermarket","name":"Cargills Pepiliyana"},"geometry":{"type":"Point","coordinates":[79.8902875,6.8590095]}},
{"type":"Feature","properties":{"osm_id":"633427090","code":2101,"fclass":"pharmacy","name":"Harcourts"},"geometry":{"type":"Point","coordinates":[79.8845316,6.9111324]}},
{"type":"Feature","properties":{"osm_id":"637477848","code":2501,"fclass":"supermarket","name":"Crystal Super Market"},"geometry":{"type":"Point","coordinates":[79.8642219,6.8599974]}},
{"type":"Feature","properties":{"osm_id":"639200129","code":2501,"fclass":"supermarket","name":"Negombo Central Super Market"},"geometry":{"type":"Point","coordinates":[79.8404418,7.2090206]}},
{"type":"Feature","properties":{"osm_id":"642886014","code":2501,"fclass":"supermarket","name":"Cargills Food City"},"geometry":{"type":"Point","coordinates":[79.926325,6.8452764]}},
{"type":"Feature","properties":{"osm_id":"652394768","code":2501,"fclass":"supermarket","name":"Cargills Big City"},"geometry":{"type":"Point","coordinates":[79.8883716,6.802066]}},
{"type":"Feature","properties":{"osm_id":"663265623","code":2501,"fclass":"supermarket","name":"Laugfs"},"geometry":{"type":"Point","coordinates":[79.8763061,6.908206]}},
{"type":"Feature","properties":{"osm_id":"666903864","code":2501,"fclass":"supermarket","name":"Keells"},"geometry":{"type":"Point","coordinates":[79.8850597,6.8713869]}},
{"type":"Feature","properties":{"osm_id":"667274851","code":2501,"fclass":"supermarket","name":"Laufgh Super Wellawatta"},"geometry":{"type":"Point","coordinates":[79.8621555,6.8715224]}},
{"type":"Feature","properties":{"osm_id":"667759341","code":2501,"fclass":"supermarket","name":"Cargills Food City"},"geometry":{"type":"Point","coordinates":[79.873024,6.8878374]}},
{"type":"Feature","properties":{"osm_id":"672817741","code":2501,"fclass":"supermarket","name":"Cargills Food City"},"geometry":{"type":"Point","coordinates":[79.8875332,6.8879948]}},
{"type":"Feature","properties":{"osm_id":"674102821","code":2501,"fclass":"supermarket","name":"Keells Kotte"},"geometry":{"type":"Point","coordinates":[79.9027207,6.8888866]}},
{"type":"Feature","properties":{"osm_id":"678323252","code":2520,"fclass":"jeweller","name":"Stones & String Jewellary"},"geometry":{"type":"Point","coordinates":[79.8528416,6.908488]}},
{"type":"Feature","properties":{"osm_id":"678824221","code":2501,"fclass":"supermarket","name":"Laufgs"},"geometry":{"type":"Point","coordinates":[79.8851431,6.8665315]}},
{"type":"Feature","properties":{"osm_id":"678824222","code":2501,"fclass":"supermarket","name":"Cargills"},"geometry":{"type":"Point","coordinates":[79.884156,6.8669132]}},
{"type":"Feature","properties":{"osm_id":"679754099","code":2521,"fclass":"gift_shop","name":"Lakmedura"},"geometry":{"type":"Point","coordinates":[79.8578568,6.9138455]}},
{"type":"Feature","properties":{"osm_id":"682747844","code":2501,"fclass":"supermarket","name":"KFC"},"geometry":{"type":"Point","coordinates":[79.8447967,6.9356618]}},
{"type":"Feature","properties":{"osm_id":"693003892","code":2501,"fclass":"supermarket","name":"Arpico Super Center"},"geometry":{"type":"Point","coordinates":[79.9026719,6.841087]}},
{"type":"Feature","properties":{"osm_id":"693003897","code":2501,"fclass":"supermarket","name":"Laugfs Sunup"},"geometry":{"type":"Point","coordinates":[79.9016683,6.8416444]}},
{"type":"Feature","properties":{"osm_id":"693050104","code":2501,"fclass":"supermarket","name":"Cargills Athurugiriya"},"geometry":{"type":"Point","coordinates":[79.9867452,6.879201]}},
{"type":"Feature","properties":{"osm_id":"767859054","code":2512,"fclass":"clothes","name":"Shades"},"geometry":{"type":"Point","coordinates":[79.9291536,6.8917295]}},
{"type":"Feature","properties":{"osm_id":"843513279","code":2101,"fclass":"pharmacy","name":"Osusala"},"geometry":{"type":"Point","coordinates":[79.9990354,7.0909313]}},
{"type":"Feature","properties":{"osm_id":"844674877","code":2501,"fclass":"supermarket","name":"Cargills Food City"},"geometry":{"type":"Point","coordinates":[79.9312432,6.9821638]}},
{"type":"Feature","properties":{"osm_id":"844674879","code":2016,"fclass":"market_place","name":"Kiribathgoda Public Supermarket"},"geometry":{"type":"Point","coordinates":[79.9297298,6.9787979]}},
{"type":"Feature","properties":{"osm_id":"844674884","code":2501,"fclass":"supermarket","name":"Keels Super Kiribathgoda"},"geometry":{"type":"Point","coordinates":[79.9292106,6.9772195]}},
{"type":"Feature","properties":{"osm_id":"844679666","code":2501,"fclass":"supermarket","name":"Arpico Kiribathgoda"},"geometry":{"type":"Point","coordinates":[79.9252351,6.9758487]}},
{"type":"Feature","properties":{"osm_id":"904968165","code":2501,"fclass":"supermarket","name":"CWE"},"geometry":{"type":"Point","coordinates":[80.0036857,6.8426946]}},
{"type":"Feature","properties":{"osm_id":"904968168","code":2501,"fclass":"supermarket","name":"Sathosa"},"geometry":{"type":"Point","coordinates":[79.972297,6.8392973]}},
{"type":"Feature","properties":{"osm_id":"904968176","code":2501,"fclass":"supermarket","name":"Cargills"},"geometry":{"type":"Point","coordinates":[80.0049576,6.8413495]}},
{"type":"Feature","properties":{"osm_id":"904968189","code":2501,"fclass":"supermarket","name":"Co-op Super"},"geometry":{"type":"Point","coordinates":[80.000959,6.8409718]}},
{"type":"Feature","properties":{"osm_id":"910157274","code":2501,"fclass":"supermarket","name":"Co-op Supermarket"},"geometry":{"type":"Point","coordinates":[79.9639732,6.8422482]}},
{"type":"Feature","properties":{"osm_id":"913095572","code":2501,"fclass":"supermarket","name":"Laugfs Sunup"},"geometry":{"type":"Point","coordinates":[79.9303969,6.8451402]}},
{"type":"Feature","properties":{"osm_id":"969805617","code":2101,"fclass":"pharmacy","name":"Cargills Pharmacy"},"geometry":{"type":"Point","coordinates":[79.9539882,6.9040634]}},
{"type":"Feature","properties":{"osm_id":"970502284","code":2501,"fclass":"supermarket","name":"Keels Supper Kaduwela"},"geometry":{"type":"Point","coordinates":[79.9822576,6.9339887]}},
{"type":"Feature","properties":{"osm_id":"973756126","code":2101,"fclass":"pharmacy","name":"Central Chest Clinic"},"geometry":{"type":"Point","coordinates":[79.878028,6.9177342]}},
{"type":"Feature","properties":{"osm_id":"974335168","code":2101,"fclass":"pharmacy","name":null},"geometry":{"type":"Point","coordinates":[79.9445822,6.9085572]}},
{"type":"Feature","properties":{"osm_id":"974335170","code":2101,"fclass":"pharmacy","name":null},"geometry":{"type":"Point","coordinates":[79.9395713,6.9084366]}},
{"type":"Feature","properties":{"osm_id":"974335171","code":2501,"fclass":"supermarket","name":"Laugfs Super"},"geometry":{"type":"Point","coordinates":[79.936189,6.9082875]}},
{"type":"Feature","properties":{"osm_id":"1128190475","code":2016,"fclass":"market_place","name":"Padukka Public Market"},"geometry":{"type":"Point","coordinates":[80.0903222,6.8412294]}},
{"type":"Feature","properties":{"osm_id":"1133171652","code":2016,"fclass":"market_place","name":"Ragama Market"},"geometry":{"type":"Point","coordinates":[79.9225162,7.0286883]}},
{"type":"Feature","properties":{"osm_id":"1141999410","code":2501,"fclass":"supermarket","name":"Cargils Food City"},"geometry":{"type":"Point","coordinates":[79.918128,6.8184054]}},
{"type":"Feature","properties":{"osm_id":"1144976014","code":2501,"fclass":"supermarket","name":"Cargills Food City"},"geometry":{"type":"Point","coordinates":[79.9593908,6.8669179]}},
{"type":"Feature","properties":{"osm_id":"1153956867","code":2501,"fclass":"supermarket","name":"Cargills Food City"},"geometry":{"type":"Point","coordinates":[79.9213403,6.8060668]}},
{"type":"Feature","properties":{"osm_id":"1252511580","code":2501,"fclass":"supermarket","name":"K Zone"},"geometry":{"type":"Point","coordinates":[79.88782,6.7959345]}},
{"type":"Feature","properties":{"osm_id":"1261059700","code":2512,"fclass":"clothes","name":"Malaka Trade Center"},"geometry":{"type":"Point","coordinates":[79.8610601,6.8746864]}},
{"type":"Feature","properties":{"osm_id":"1268335750","code":2501,"fclass":"supermarket","name":"Cargills Food City"},"geometry":{"type":"Point","coordinates":[79.8507916,7.2062846]}},
{"type":"Feature","properties":{"osm_id":"1268340409","code":2512,"fclass":"clothes","name":"Fashion Bug"},"geometry":{"type":"Point","coordinates":[79.8443527,7.2130829]}},
{"type":"Feature","properties":{"osm_id":"1268340426","code":2512,"fclass":"clothes","name":"Nolimit"},"geometry":{"type":"Point","coordinates":[79.8445295,7.2128594]}},
{"type":"Feature","properties":{"osm_id":"1268343771","code":2512,"fclass":"clothes","name":"Deshani Dress Point"},"geometry":{"type":"Point","coordinates":[79.8403852,7.208083]}},
{"type":"Feature","properties":{"osm_id":"1268343776","code":2501,"fclass":"supermarket","name":"Laufg Sun up Negombo"},"geometry":{"type":"Point","coordinates":[79.8407983,7.2096263]}},
{"type":"Feature","properties":{"osm_id":"1268343778","code":2512,"fclass":"clothes","name":"Fabric Mart"},"geometry":{"type":"Point","coordinates":[79.841251,7.2113352]}},
{"type":"Feature","properties":{"osm_id":"1268343779","code":2512,"fclass":"clothes","name":"Fashion Gate"},"geometry":{"type":"Point","coordinates":[79.8398729,7.2093364]}},
{"type":"Feature","properties":{"osm_id":"1268343781","code":2520,"fclass":"jeweller","name":"Swarnamahal Negombo"},"geometry":{"type":"Point","coordinates":[79.8395403,7.2102092]}},
{"type":"Feature","properties":{"osm_id":"1268344868","code":2515,"fclass":"bookshop","name":"Vijitha Yapa Negombo"},"geometry":{"type":"Point","coordinates":[79.8407924,7.2098849]}},
{"type":"Feature","properties":{"osm_id":"1268352834","code":2501,"fclass":"supermarket","name":"Keels Negomob"},"geometry":{"type":"Point","coordinates":[79.8456954,7.2171627]}},
{"type":"Feature","properties":{"osm_id":"1270008379","code":2501,"fclass":"supermarket","name":"Laufgh Sun up Super"},"geometry":{"type":"Point","coordinates":[79.8772575,7.1312008]}},
{"type":"Feature","properties":{"osm_id":"1274104812","code":2512,"fclass":"clothes","name":"ODEL Koswatta"},"geometry":{"type":"Point","coordinates":[79.9297389,6.9078204]}},
{"type":"Feature","properties":{"osm_id":"1278003885","code":2501,"fclass":"supermarket","name":null},"geometry":{"type":"Point","coordinates":[79.8820238,6.7775372]}},
{"type":"Feature","properties":{"osm_id":"1278095661","code":2501,"fclass":"supermarket","name":"Cargills Jaela 2"},"geometry":{"type":"Point","coordinates":[79.8927389,7.0737944]}},
{"type":"Feature","properties":{"osm_id":"1292982823","code":2501,"fclass":"supermarket","name":"Cargills Gampaha"},"geometry":{"type":"Point","coordinates":[79.9963135,7.0927155]}},
{"type":"Feature","properties":{"osm_id":"1369222756","code":2513,"fclass":"florist","name":"Shirohana Atelier"},"geometry":{"type":"Point","coordinates":[79.8551383,6.8994415]}},
{"type":"Feature","properties":{"osm_id":"1370719528","code":2501,"fclass":"supermarket","name":"Cargills Food City"},"geometry":{"type":"Point","coordinates":[79.9235456,7.0275502]}},
{"type":"Feature","properties":{"osm_id":"1370719672","code":2501,"fclass":"supermarket","name":"Keels Super Kandana"},"geometry":{"type":"Point","coordinates":[79.8980689,7.0407808]}},
{"type":"Feature","properties":{"osm_id":"1376674011","code":2512,"fclass":"clothes","name":"Reebok"},"geometry":{"type":"Point","coordinates":[79.8650394,6.9080169]}},
{"type":"Feature","properties":{"osm_id":"1376772941","code":2520,"fclass":"jeweller","name":"Swarna Mahal"},"geometry":{"type":"Point","coordinates":[79.8538545,6.8979144]}},
{"type":"Feature","properties":{"osm_id":"1376772942","code":2515,"fclass":"bookshop","name":"Jeya Book Centre"},"geometry":{"type":"Point","coordinates":[79.8540351,6.8974372]}},
{"type":"Feature","properties":{"osm_id":"1377302915","code":2512,"fclass":"clothes","name":"Splash"},"geometry":{"type":"Point","coordinates":[79.8581035,6.8966162]}},
{"type":"Feature","properties":{"osm_id":"1377302916","code":2520,"fclass":"jeweller","name":"Unique Jewels Building"},"geometry":{"type":"Point","coordinates":[79.8568804,6.8953221]}},
{"type":"Feature","properties":{"osm_id":"1378975513","code":2521,"fclass":"gift_shop","name":"Bambino"},"geometry":{"type":"Point","coordinates":[79.8561953,6.8918885]}},
{"type":"Feature","properties":{"osm_id":"1378992434","code":2016,"fclass":"market_place","name":"Maradana Market - Mariya Kade"},"geometry":{"type":"Point","coordinates":[79.8655884,6.9259635]}},
{"type":"Feature","properties":{"osm_id":"1420464169","code":2501,"fclass":"supermarket","name":"Laugfs"},"geometry":{"type":"Point","coordinates":[79.9006937,6.8767787]}},
{"type":"Feature","properties":{"osm_id":"1420481836","code":2501,"fclass":"supermarket","name":"Cargills Food City"},"geometry":{"type":"Point","coordinates":[79.9009203,6.8749751]}},
{"type":"Feature","properties":{"osm_id":"1471670299","code":2101,"fclass":"pharmacy","name":"Healthguard"},"geometry":{"type":"Point","coordinates":[79.8869883,6.8857881]}},
{"type":"Feature","properties":{"osm_id":"1490098937","code":2016,"fclass":"market_place","name":"Horana market"},"geometry":{"type":"Point","coordinates":[80.0619208,6.7161253]}},
{"type":"Feature","properties":{"osm_id":"1515048362","code":2501,"fclass":"supermarket","name":"Cargills Kandana"},"geometry":{"type":"Point","coordinates":[79.8963149,7.0495088]}},
{"type":"Feature","properties":{"osm_id":"1523693950","code":2501,"fclass":"supermarket","name":"Maharagama Super Market"},"geometry":{"type":"Point","coordinates":[79.9266287,6.8465158]}},
{"type":"Feature","properties":{"osm_id":"1523694130","code":2016,"fclass":"market_place","name":"Maharagama Public Fair"},"geometry":{"type":"Point","coordinates":[79.9263873,6.8459512]}},
{"type":"Feature","properties":{"osm_id":"1526644670","code":2512,"fclass":"clothes","name":"Hameedia"},"geometry":{"type":"Point","coordinates":[79.8850283,6.8713906]}},
{"type":"Feature","properties":{"osm_id":"1528641228","code":2512,"fclass":"clothes","name":"Tharanga Fashions"},"geometry":{"type":"Point","coordinates":[79.9429099,6.8567155]}},
{"type":"Feature","properties":{"osm_id":"1528663447","code":2512,"fclass":"clothes","name":"Nolimit-Gents"},"geometry":{"type":"Point","coordinates":[79.8661854,6.8515672]}},
{"type":"Feature","properties":{"osm_id":"1529255474","code":2501,"fclass":"supermarket","name":null},"geometry":{"type":"Point","coordinates":[79.9229836,7.0279956]}},
{"type":"Feature","properties":{"osm_id":"1530580891","code":2101,"fclass":"pharmacy","name":null},"geometry":{"type":"Point","coordinates":[79.8766592,6.8664339]}},
{"type":"Feature","properties":{"osm_id":"1530580892","code":2101,"fclass":"pharmacy","name":null},"geometry":{"type":"Point","coordinates":[79.8773786,6.8665164]}},
{"type":"Feature","properties":{"osm_id":"1533898576","code":2513,"fclass":"florist","name":null},"geometry":{"type":"Point","coordinates":[79.8898654,6.8451575]}},
{"type":"Feature","properties":{"osm_id":"1533898595","code":2513,"fclass":"florist","name":null},"geometry":{"type":"Point","coordinates":[79.8896696,6.8452694]}},
{"type":"Feature","properties":{"osm_id":"1533898606","code":2513,"fclass":"florist","name":null},"geometry":{"type":"Point","coordinates":[79.889734,6.8452321]}},
{"type":"Feature","properties":{"osm_id":"1533913614","code":2515,"fclass":"bookshop","name":"Sarasavi"},"geometry":{"type":"Point","coordinates":[79.8668406,6.8510933]}},
{"type":"Feature","properties":{"osm_id":"1600076876","code":2101,"fclass":"pharmacy","name":null},"geometry":{"type":"Point","coordinates":[79.9419504,6.8787193]}},
{"type":"Feature","properties":{"osm_id":"1615487841","code":2501,"fclass":"supermarket","name":"Nebula"},"geometry":{"type":"Point","coordinates":[80.0006924,6.4286109]}},
{"type":"Feature","properties":{"osm_id":"1620258135","code":2542,"fclass":"bicycle_shop","name":"Amazon Bicycle"},"geometry":{"type":"Point","coordinates":[80.0002318,6.4289305]}},
{"type":"Feature","properties":{"osm_id":"1643928268","code":2501,"fclass":"supermarket","name":"Cargills Food City"},"geometry":{"type":"Point","coordinates":[79.8690532,6.8277078]}},
{"type":"Feature","properties":{"osm_id":"1643928269","code":2512,"fclass":"clothes","name":"NOLIMIT"},"geometry":{"type":"Point","coordinates":[79.8691471,6.8275241]}},
{"type":"Feature","properties":{"osm_id":"1643928818","code":2501,"fclass":"supermarket","name":"Cargills Food City"},"geometry":{"type":"Point","coordinates":[79.8672887,6.8372488]}},
{"type":"Feature","properties":{"osm_id":"1650216913","code":2512,"fclass":"clothes","name":"Fashion Bug"},"geometry":{"type":"Point","coordinates":[79.9238041,6.8496564]}},
{"type":"Feature","properties":{"osm_id":"1650218860","code":2512,"fclass":"clothes","name":"Nolimit"},"geometry":{"type":"Point","coordinates":[79.9244761,6.8493001]}},
{"type":"Feature","properties":{"osm_id":"1650220311","code":2501,"fclass":"supermarket","name":"Amity"},"geometry":{"type":"Point","coordinates":[79.9239605,6.8492836]}},
{"type":"Feature","properties":{"osm_id":"1650227086","code":2101,"fclass":"pharmacy","name":"Thanuja Pharmacy"},"geometry":{"type":"Point","coordinates":[79.9212855,6.8509373]}},
{"type":"Feature","properties":{"osm_id":"1650235355","code":2501,"fclass":"supermarket","name":"Cargills"},"geometry":{"type":"Point","coordinates":[79.9229039,6.8499639]}},
{"type":"Feature","properties":{"osm_id":"1651265544","code":2512,"fclass":"clothes","name":"Niromi"},"geometry":{"type":"Point","coordinates":[79.8924697,6.8757415]}},
{"type":"Feature","properties":{"osm_id":"1651294555","code":2512,"fclass":"clothes","name":"Fashion Bug"},"geometry":{"type":"Point","coordinates":[79.8872929,6.870533]}},
{"type":"Feature","properties":{"osm_id":"1651294559","code":2512,"fclass":"clothes","name":"Factory Outlet"},"geometry":{"type":"Point","coordinates":[79.8637667,6.8895851]}},
{"type":"Feature","properties":{"osm_id":"1651294566","code":2512,"fclass":"clothes","name":"ODEL"},"geometry":{"type":"Point","coordinates":[79.8815497,6.8740195]}},
{"type":"Feature","properties":{"osm_id":"1651294569","code":2513,"fclass":"florist","name":"Blooms"},"geometry":{"type":"Point","coordinates":[79.8844733,6.8720542]}},
{"type":"Feature","properties":{"osm_id":"1651294574","code":2512,"fclass":"clothes","name":"Nolimit"},"geometry":{"type":"Point","coordinates":[79.8881881,6.8695271]}},
{"type":"Feature","properties":{"osm_id":"1652422014","code":2101,"fclass":"pharmacy","name":"Clement"},"geometry":{"type":"Point","coordinates":[79.923089,6.8500792]}},
{"type":"Feature","properties":{"osm_id":"1655634077","code":2520,"fclass":"jeweller","name":"Vogue"},"geometry":{"type":"Point","coordinates":[79.8523388,6.9027346]}},
{"type":"Feature","properties":{"osm_id":"1661836032","code":2501,"fclass":"supermarket","name":"Cargills Food City"},"geometry":{"type":"Point","coordinates":[79.9977978,6.4333141]}},
{"type":"Feature","properties":{"osm_id":"1661966158","code":2512,"fclass":"clothes","name":"Nolimit Glitz"},"geometry":{"type":"Point","coordinates":[79.893584,6.8664978]}},
{"type":"Feature","properties":{"osm_id":"1661966163","code":2520,"fclass":"jeweller","name":"Nithyakala Jewellers"},"geometry":{"type":"Point","coordinates":[79.8901482,6.8690026]}},
{"type":"Feature","properties":{"osm_id":"1662144932","code":2515,"fclass":"bookshop","name":"Sarasavi"},"geometry":{"type":"Point","coordinates":[79.9277153,6.846335]}},
{"type":"Feature","properties":{"osm_id":"1662154988","code":2101,"fclass":"pharmacy","name":"City Pharmacy"},"geometry":{"type":"Point","coordinates":[79.9224018,6.8501778]}},
{"type":"Feature","properties":{"osm_id":"1662163496","code":2101,"fclass":"pharmacy","name":"Osu Sala"},"geometry":{"type":"Point","coordinates":[79.9266613,6.8477329]}},
{"type":"Feature","properties":{"osm_id":"1663867906","code":2016,"fclass":"market_place","name":"Pet Shop"},"geometry":{"type":"Point","coordinates":[79.8852605,6.848252]}},
{"type":"Feature","properties":{"osm_id":"1665558405","code":2513,"fclass":"florist","name":"Flower Shop"},"geometry":{"type":"Point","coordinates":[79.9441887,6.8453575]}},
{"type":"Feature","properties":{"osm_id":"1665615255","code":2101,"fclass":"pharmacy","name":"City Pharmacy"},"geometry":{"type":"Point","coordinates":[79.9243854,6.8488934]}},
{"type":"Feature","properties":{"osm_id":"1668905648","code":2542,"fclass":"bicycle_shop","name":"Cycle Basar"},"geometry":{"type":"Point","coordinates":[79.8778392,6.9168736]}},
{"type":"Feature","properties":{"osm_id":"1668905659","code":2501,"fclass":"supermarket","name":"Keells"},"geometry":{"type":"Point","coordinates":[79.9023036,6.9068689]}},
{"type":"Feature","properties":{"osm_id":"1672944287","code":2512,"fclass":"clothes","name":"Lak Salusala"},"geometry":{"type":"Point","coordinates":[79.8674199,6.8942171]}},
{"type":"Feature","properties":{"osm_id":"1672944289","code":2521,"fclass":"gift_shop","name":"Lak Sala"},"geometry":{"type":"Point","coordinates":[79.860413,6.89784]}},
{"type":"Feature","properties":{"osm_id":"1672991080","code":2501,"fclass":"supermarket","name":"Borella Super Market"},"geometry":{"type":"Point","coordinates":[79.8778869,6.9142243]}},
{"type":"Feature","properties":{"osm_id":"1673007840","code":2513,"fclass":"florist","name":"Lassana Flora"},"geometry":{"type":"Point","coordinates":[79.887024,6.886607]}},
{"type":"Feature","properties":{"osm_id":"1673031660","code":2501,"fclass":"supermarket","name":"Keells Super"},"geometry":{"type":"Point","coordinates":[79.908165,6.8576485]}},
{"type":"Feature","properties":{"osm_id":"1674343737","code":2501,"fclass":"supermarket","name":"Cargills Food City"},"geometry":{"type":"Point","coordinates":[79.854465,6.8940284]}},
{"type":"Feature","properties":{"osm_id":"1683616012","code":2513,"fclass":"florist","name":"Mahinda Florists"},"geometry":{"type":"Point","coordinates":[79.8675276,6.83265]}},
{"type":"Feature","properties":{"osm_id":"1694062101","code":2501,"fclass":"supermarket","name":"Cargills"},"geometry":{"type":"Point","coordinates":[79.897272,6.864607]}},
{"type":"Feature","properties":{"osm_id":"1723187340","code":2016,"fclass":"market_place","name":"Fishmarket"},"geometry":{"type":"Point","coordinates":[79.9785804,6.4721127]}},
{"type":"Feature","properties":{"osm_id":"1735983024","code":2526,"fclass":"toy_shop","name":"Sathara Toy Shop"},"geometry":{"type":"Point","coordinates":[79.9302237,6.8448808]}},
{"type":"Feature","properties":{"osm_id":"1778786494","code":2501,"fclass":"supermarket","name":"Cargills Food City"},"geometry":{"type":"Point","coordinates":[79.8618133,6.8711819]}},
{"type":"Feature","properties":{"osm_id":"1789527723","code":2512,"fclass":"clothes","name":"Crocodile"},"geometry":{"type":"Point","coordinates":[79.8554116,6.9009675]}},
{"type":"Feature","properties":{"osm_id":"1789549467","code":2016,"fclass":"market_place","name":"Delkanda Sunday Fair"},"geometry":{"type":"Point","coordinates":[79.9003511,6.8614958]}},
{"type":"Feature","properties":{"osm_id":"1789549482","code":2512,"fclass":"clothes","name":"CIB Shopping Centre"},"geometry":{"type":"Point","coordinates":[79.8900455,6.8690362]}},
{"type":"Feature","properties":{"osm_id":"1794054437","code":2501,"fclass":"supermarket","name":"Cargills Food City"},"geometry":{"type":"Point","coordinates":[79.9395625,6.7963905]}},
{"type":"Feature","properties":{"osm_id":"1796683776","code":2501,"fclass":"supermarket","name":"Sathosa"},"geometry":{"type":"Point","coordinates":[79.9909108,6.7136995]}},
{"type":"Feature","properties":{"osm_id":"1797835937","code":2501,"fclass":"supermarket","name":null},"geometry":{"type":"Point","coordinates":[80.1772766,6.7458515]}},
{"type":"Feature","properties":{"osm_id":"1803805723","code":2501,"fclass":"supermarket","name":"Cargills Food City"},"geometry":{"type":"Point","coordinates":[80.2138727,6.9503701]}},
{"type":"Feature","properties":{"osm_id":"1814490241","code":2512,"fclass":"clothes","name":"Giordano"},"geometry":{"type":"Point","coordinates":[79.859408,6.888708]}},
{"type":"Feature","properties":{"osm_id":"1815544590","code":2501,"fclass":"supermarket","name":"Amila Stores"},"geometry":{"type":"Point","coordinates":[79.9401719,6.9263539]}},
{"type":"Feature","properties":{"osm_id":"1819708479","code":2522,"fclass":"sports_shop","name":"Adidas"},"geometry":{"type":"Point","coordinates":[79.9042645,6.9062809]}},
{"type":"Feature","properties":{"osm_id":"1819715431","code":2501,"fclass":"supermarket","name":"Cargills"},"geometry":{"type":"Point","coordinates":[79.9058424,6.9012498]}},
{"type":"Feature","properties":{"osm_id":"1822512485","code":2521,"fclass":"gift_shop","name":"Dambulu Furniture"},"geometry":{"type":"Point","coordinates":[79.957071,6.6000049]}},
{"type":"Feature","properties":{"osm_id":"1822753190","code":2501,"fclass":"supermarket","name":"Kalutara"},"geometry":{"type":"Point","coordinates":[79.9610367,6.5822974]}},
{"type":"Feature","properties":{"osm_id":"1822753413","code":2501,"fclass":"supermarket","name":"Cargills"},"geometry":{"type":"Point","coordinates":[79.9616299,6.5804094]}},
{"type":"Feature","properties":{"osm_id":"1825438358","code":2501,"fclass":"supermarket","name":"Laughs Supermarket"},"geometry":{"type":"Point","coordinates":[79.8777889,6.8495601]}},
{"type":"Feature","properties":{"osm_id":"1838371806","code":2512,"fclass":"clothes","name":"OPAL"},"geometry":{"type":"Point","coordinates":[79.8882525,6.869599]}},
{"type":"Feature","properties":{"osm_id":"1838377735","code":2512,"fclass":"clothes","name":"Spring & Summer"},"geometry":{"type":"Point","coordinates":[79.8866754,6.8703872]}},
{"type":"Feature","properties":{"osm_id":"1838393528","code":2521,"fclass":"gift_shop","name":"Barefoot"},"geometry":{"type":"Point","coordinates":[79.8542848,6.8966871]}},
{"type":"Feature","properties":{"osm_id":"1838419582","code":2512,"fclass":"clothes","name":"ODEL"},"geometry":{"type":"Point","coordinates":[79.8550548,6.8938872]}},
{"type":"Feature","properties":{"osm_id":"1838419640","code":2512,"fclass":"clothes","name":"Cotton Collection"},"geometry":{"type":"Point","coordinates":[79.8548268,6.8940363]}},
{"type":"Feature","properties":{"osm_id":"1838419643","code":2512,"fclass":"clothes","name":"Hameedia"},"geometry":{"type":"Point","coordinates":[79.8599131,6.8784418]}},
{"type":"Feature","properties":{"osm_id":"1838419649","code":2512,"fclass":"clothes","name":"Mondy"},"geometry":{"type":"Point","coordinates":[79.8547285,6.8940256]}},
{"type":"Feature","properties":{"osm_id":"1838453716","code":2101,"fclass":"pharmacy","name":"Harcourts"},"geometry":{"type":"Point","coordinates":[79.8651499,6.8513541]}},
{"type":"Feature","properties":{"osm_id":"1838453799","code":2512,"fclass":"clothes","name":"Nolimit-Ladies"},"geometry":{"type":"Point","coordinates":[79.866294,6.8514333]}},
{"type":"Feature","properties":{"osm_id":"1839502963","code":2513,"fclass":"florist","name":"Weekend FlowerShop"},"geometry":{"type":"Point","coordinates":[79.9096083,6.9038061]}},
{"type":"Feature","properties":{"osm_id":"1840782232","code":2520,"fclass":"jeweller","name":"Swarnamahal"},"geometry":{"type":"Point","coordinates":[79.9248271,6.976004]}},
{"type":"Feature","properties":{"osm_id":"1840782246","code":2512,"fclass":"clothes","name":"Tillekawardana Super Centre"},"geometry":{"type":"Point","coordinates":[79.9261709,6.9770363]}},
{"type":"Feature","properties":{"osm_id":"1840782310","code":2515,"fclass":"bookshop","name":"MD Gunasena"},"geometry":{"type":"Point","coordinates":[79.9287378,6.980104]}},
{"type":"Feature","properties":{"osm_id":"1840782339","code":2512,"fclass":"clothes","name":"Sunanda"},"geometry":{"type":"Point","coordinates":[79.927219,6.9783162]}},
{"type":"Feature","properties":{"osm_id":"1840782560","code":2512,"fclass":"clothes","name":"Nimalee"},"geometry":{"type":"Point","coordinates":[79.9275053,6.9785971]}},
{"type":"Feature","properties":{"osm_id":"1840782596","code":2512,"fclass":"clothes","name":"Tillekawardana Textiles"},"geometry":{"type":"Point","coordinates":[79.9257927,6.9771008]}},
{"type":"Feature","properties":{"osm_id":"1840782650","code":2512,"fclass":"clothes","name":"Anusha Mehma"},"geometry":{"type":"Point","coordinates":[79.9267959,6.9774736]}},
{"type":"Feature","properties":{"osm_id":"1843491241","code":2501,"fclass":"supermarket","name":"Hanwella Shopping Complex"},"geometry":{"type":"Point","coordinates":[80.0816046,6.9091227]}},
{"type":"Feature","properties":{"osm_id":"1843491299","code":2016,"fclass":"market_place","name":"Hanwella Fair"},"geometry":{"type":"Point","coordinates":[80.0812696,6.9096375]}},
{"type":"Feature","properties":{"osm_id":"1843534079","code":2501,"fclass":"supermarket","name":"Kaduwela"},"geometry":{"type":"Point","coordinates":[79.9841147,6.9346877]}},
{"type":"Feature","properties":{"osm_id":"1854581859","code":2016,"fclass":"market_place","name":"Kosgama Fair"},"geometry":{"type":"Point","coordinates":[80.1370146,6.9410869]}},
{"type":"Feature","properties":{"osm_id":"1862630219","code":2521,"fclass":"gift_shop","name":"Seilama"},"geometry":{"type":"Point","coordinates":[80.1261539,6.9390585]}},
{"type":"Feature","properties":{"osm_id":"1863416585","code":2501,"fclass":"supermarket","name":"Laugh Supermarket"},"geometry":{"type":"Point","coordinates":[79.8786534,6.9430731]}},
{"type":"Feature","properties":{"osm_id":"1870801706","code":2501,"fclass":"supermarket","name":"Arpico Super Center"},"geometry":{"type":"Point","coordinates":[79.8607565,6.9175437]}},
{"type":"Feature","properties":{"osm_id":"1877120231","code":2501,"fclass":"supermarket","name":"Supun Super Center"},"geometry":{"type":"Point","coordinates":[79.8596253,6.8878079]}},
{"type":"Feature","properties":{"osm_id":"1877120246","code":2512,"fclass":"clothes","name":"Levi's"},"geometry":{"type":"Point","coordinates":[79.8593973,6.8886307]}},
{"type":"Feature","properties":{"osm_id":"1895968911","code":2501,"fclass":"supermarket","name":"Arpico Super Centre"},"geometry":{"type":"Point","coordinates":[79.9297555,6.7984848]}},
{"type":"Feature","properties":{"osm_id":"1895968913","code":2501,"fclass":"supermarket","name":"Mega Sathosa"},"geometry":{"type":"Point","coordinates":[79.8821457,6.8104359]}},
{"type":"Feature","properties":{"osm_id":"1902017545","code":2501,"fclass":"supermarket","name":"Sathosa"},"geometry":{"type":"Point","coordinates":[79.8981733,7.0139661]}},
{"type":"Feature","properties":{"osm_id":"1903643660","code":2016,"fclass":"market_place","name":"Wattala"},"geometry":{"type":"Point","coordinates":[79.8926567,6.9894966]}},
{"type":"Feature","properties":{"osm_id":"1908112579","code":2501,"fclass":"supermarket","name":"Cargills Food City"},"geometry":{"type":"Point","coordinates":[79.8885798,6.9851783]}},
{"type":"Feature","properties":{"osm_id":"1909499841","code":2501,"fclass":"supermarket","name":"Arpico Daily"},"geometry":{"type":"Point","coordinates":[79.8744821,6.9938307]}},
{"type":"Feature","properties":{"osm_id":"1909603857","code":2512,"fclass":"clothes","name":"Kandy, Wattala"},"geometry":{"type":"Point","coordinates":[79.893971,6.9920896]}},
{"type":"Feature","properties":{"osm_id":"1909618631","code":2501,"fclass":"supermarket","name":"Cargills"},"geometry":{"type":"Point","coordinates":[79.8978066,7.0142604]}},
{"type":"Feature","properties":{"osm_id":"1909684724","code":2501,"fclass":"supermarket","name":"Keells"},"geometry":{"type":"Point","coordinates":[79.899271,7.0216504]}},
{"type":"Feature","properties":{"osm_id":"1912419798","code":2512,"fclass":"clothes","name":"Odel Warehouse"},"geometry":{"type":"Point","coordinates":[79.8818548,6.8735094]}},
{"type":"Feature","properties":{"osm_id":"1912464488","code":2501,"fclass":"supermarket","name":"Cargills Food City"},"geometry":{"type":"Point","coordinates":[79.9100735,6.9140666]}},
{"type":"Feature","properties":{"osm_id":"1918165068","code":2501,"fclass":"supermarket","name":"Cargills"},"geometry":{"type":"Point","coordinates":[79.9163863,6.9347278]}},
{"type":"Feature","properties":{"osm_id":"1918174781","code":2501,"fclass":"supermarket","name":"Keells"},"geometry":{"type":"Point","coordinates":[79.9202593,6.9358566]}},
{"type":"Feature","properties":{"osm_id":"1920469867","code":2512,"fclass":"clothes","name":"Namal Fashion"},"geometry":{"type":"Point","coordinates":[79.9351823,6.875978]}},
{"type":"Feature","properties":{"osm_id":"1934839401","code":2501,"fclass":"supermarket","name":"Cargills"},"geometry":{"type":"Point","coordinates":[79.9670069,6.8406903]}},
{"type":"Feature","properties":{"osm_id":"1934839403","code":2501,"fclass":"supermarket","name":"Laugfs Supermarket"},"geometry":{"type":"Point","coordinates":[79.9628099,6.8421511]}},
{"type":"Feature","properties":{"osm_id":"1969471180","code":2101,"fclass":"pharmacy","name":"Medihelp Pharmacy"},"geometry":{"type":"Point","coordinates":[80.114306,6.5224165]}},
{"type":"Feature","properties":{"osm_id":"1985244120","code":2101,"fclass":"pharmacy","name":null},"geometry":{"type":"Point","coordinates":[79.9358744,6.8757874]}},
{"type":"Feature","properties":{"osm_id":"1985256185","code":2501,"fclass":"supermarket","name":"Keells"},"geometry":{"type":"Point","coordinates":[79.8810527,6.9138829]}},
{"type":"Feature","properties":{"osm_id":"1988155579","code":2517,"fclass":"shoe_shop","name":"DSI"},"geometry":{"type":"Point","coordinates":[79.9291317,6.8921803]}},
{"type":"Feature","properties":{"osm_id":"1990943761","code":2501,"fclass":"supermarket","name":"Food city express"},"geometry":{"type":"Point","coordinates":[79.8671666,6.8327725]}},
{"type":"Feature","properties":{"osm_id":"1998453954","code":2501,"fclass":"supermarket","name":"Sathosa"},"geometry":{"type":"Point","coordinates":[79.985427,6.8379669]}},
{"type":"Feature","properties":{"osm_id":"1999705300","code":2512,"fclass":"clothes","name":"Dilsheys"},"geometry":{"type":"Point","coordinates":[79.8657407,6.8515864]}},
{"type":"Feature","properties":{"osm_id":"2028165024","code":2501,"fclass":"supermarket","name":"Cargills Kadawatha"},"geometry":{"type":"Point","coordinates":[79.9482984,7.0003913]}},
{"type":"Feature","properties":{"osm_id":"2028165057","code":2512,"fclass":"clothes","name":"Kandy Textile Kadawatha"},"geometry":{"type":"Point","coordinates":[79.9516356,7.0018733]}},
{"type":"Feature","properties":{"osm_id":"2034206172","code":2101,"fclass":"pharmacy","name":"Union Chemists"},"geometry":{"type":"Point","coordinates":[79.8755549,6.8925637]}},
{"type":"Feature","properties":{"osm_id":"2035726095","code":2501,"fclass":"supermarket","name":"Cargills Foodcity Minuwangoda"},"geometry":{"type":"Point","coordinates":[79.9469427,7.1663392]}},
{"type":"Feature","properties":{"osm_id":"2045842039","code":2101,"fclass":"pharmacy","name":"Mars Pharmacy"},"geometry":{"type":"Point","coordinates":[79.9642738,6.8419046]}},
{"type":"Feature","properties":{"osm_id":"2045869168","code":2515,"fclass":"bookshop","name":"Granthaloka Bookshop"},"geometry":{"type":"Point","coordinates":[79.9653394,6.8410577]}},
{"type":"Feature","properties":{"osm_id":"2045904884","code":2101,"fclass":"pharmacy","name":"Sam's Pharmacy"},"geometry":{"type":"Point","coordinates":[79.9645572,6.8395079]}},
{"type":"Feature","properties":{"osm_id":"2045907982","code":2512,"fclass":"clothes","name":"Mayura Trade Centre"},"geometry":{"type":"Point","coordinates":[79.9659288,6.8411642]}},
{"type":"Feature","properties":{"osm_id":"2045908840","code":2512,"fclass":"clothes","name":"Kumara Stores"},"geometry":{"type":"Point","coordinates":[79.964821,6.8405196]}},
{"type":"Feature","properties":{"osm_id":"2045952806","code":2501,"fclass":"supermarket","name":"Arpico Super Centre"},"geometry":{"type":"Point","coordinates":[79.9176724,6.8525915]}},
{"type":"Feature","properties":{"osm_id":"2049590782","code":2501,"fclass":"supermarket","name":"Millers Fort"},"geometry":{"type":"Point","coordinates":[79.8447372,6.9353839]}},
{"type":"Feature","properties":{"osm_id":"2049615730","code":2501,"fclass":"supermarket","name":"Lucky Plaza"},"geometry":{"type":"Point","coordinates":[79.8521653,6.9070901]}},
{"type":"Feature","properties":{"osm_id":"2049643518","code":2512,"fclass":"clothes","name":"Midnight Divas Lingerie Shop"},"geometry":{"type":"Point","coordinates":[79.8583987,6.9034076]}},
{"type":"Feature","properties":{"osm_id":"2049643523","code":2512,"fclass":"clothes","name":"Beverly Street"},"geometry":{"type":"Point","coordinates":[79.8538439,6.9047502]}},
{"type":"Feature","properties":{"osm_id":"2049675491","code":2016,"fclass":"market_place","name":"Viskam Niwasa"},"geometry":{"type":"Point","coordinates":[79.8604667,6.8980128]}},
{"type":"Feature","properties":{"osm_id":"2049675494","code":2501,"fclass":"supermarket","name":"Cargills Jawatta Road"},"geometry":{"type":"Point","coordinates":[79.8668208,6.8950624]}},
{"type":"Feature","properties":{"osm_id":"2051587864","code":2512,"fclass":"clothes","name":"Cool Planet"},"geometry":{"type":"Point","coordinates":[79.9558131,6.9040466]}},
{"type":"Feature","properties":{"osm_id":"2052594815","code":2521,"fclass":"gift_shop","name":"Laksala"},"geometry":{"type":"Point","coordinates":[80.0766542,6.4691236]}},
{"type":"Feature","properties":{"osm_id":"2059552883","code":2520,"fclass":"jeweller","name":"International Watches"},"geometry":{"type":"Point","coordinates":[79.8648234,6.8867161]}},
{"type":"Feature","properties":{"osm_id":"2059552890","code":2501,"fclass":"supermarket","name":"Keells"},"geometry":{"type":"Point","coordinates":[79.8647161,6.8868839]}},
{"type":"Feature","properties":{"osm_id":"2059552893","code":2512,"fclass":"clothes","name":"Nike"},"geometry":{"type":"Point","coordinates":[79.8648502,6.8866842]}},
{"type":"Feature","properties":{"osm_id":"2064050794","code":2101,"fclass":"pharmacy","name":"Ananda Fodd city - Pharmacy"},"geometry":{"type":"Point","coordinates":[80.0664253,6.7092338]}},
{"type":"Feature","properties":{"osm_id":"2064050795","code":2501,"fclass":"supermarket","name":"Ananda Food City"},"geometry":{"type":"Point","coordinates":[80.0664575,6.7091779]}},
{"type":"Feature","properties":{"osm_id":"2090546345","code":2101,"fclass":"pharmacy","name":"Medi Zone pharmacy"},"geometry":{"type":"Point","coordinates":[80.0576936,6.7187781]}},
{"type":"Feature","properties":{"osm_id":"2091750895","code":2501,"fclass":"supermarket","name":"Keells Super"},"geometry":{"type":"Point","coordinates":[79.9204586,6.8517353]}},
{"type":"Feature","properties":{"osm_id":"2091781288","code":2501,"fclass":"supermarket","name":"Sathosa"},"geometry":{"type":"Point","coordinates":[79.9002231,6.8762062]}},
{"type":"Feature","properties":{"osm_id":"2091781291","code":2512,"fclass":"clothes","name":"Saveena"},"geometry":{"type":"Point","coordinates":[79.9263453,6.8471178]}},
{"type":"Feature","properties":{"osm_id":"2093028057","code":2501,"fclass":"supermarket","name":"Cargills Food City"},"geometry":{"type":"Point","coordinates":[79.8701274,6.9159346]}},
{"type":"Feature","properties":{"osm_id":"2093089711","code":2016,"fclass":"market_place","name":"Karagampitiya Sunday Market"},"geometry":{"type":"Point","coordinates":[79.8719968,6.8505406]}},
{"type":"Feature","properties":{"osm_id":"2093091906","code":2016,"fclass":"market_place","name":"Boralesgamuwa Public Market"},"geometry":{"type":"Point","coordinates":[79.9019487,6.8409777]}},
{"type":"Feature","properties":{"osm_id":"2093091909","code":2501,"fclass":"supermarket","name":"Cargills Food City"},"geometry":{"type":"Point","coordinates":[79.9008403,6.8403949]}},
{"type":"Feature","properties":{"osm_id":"2093133881","code":2501,"fclass":"supermarket","name":"Dhakshina Super"},"geometry":{"type":"Point","coordinates":[79.9153677,6.8433487]}},
{"type":"Feature","properties":{"osm_id":"2094306202","code":2512,"fclass":"clothes","name":"Lady J"},"geometry":{"type":"Point","coordinates":[79.8725294,6.9201445]}},
{"type":"Feature","properties":{"osm_id":"2096416281","code":2542,"fclass":"bicycle_shop","name":null},"geometry":{"type":"Point","coordinates":[79.8904062,6.9322461]}},
{"type":"Feature","properties":{"osm_id":"2096417597","code":2101,"fclass":"pharmacy","name":null},"geometry":{"type":"Point","coordinates":[79.8909453,6.9327068]}},
{"type":"Feature","properties":{"osm_id":"2096426166","code":2101,"fclass":"pharmacy","name":null},"geometry":{"type":"Point","coordinates":[79.8924715,6.9327307]}},
{"type":"Feature","properties":{"osm_id":"2096449227","code":2512,"fclass":"clothes","name":null},"geometry":{"type":"Point","coordinates":[79.8905255,6.9325876]}},
{"type":"Feature","properties":{"osm_id":"2096449230","code":2515,"fclass":"bookshop","name":null},"geometry":{"type":"Point","coordinates":[79.8907066,6.9327467]}},
{"type":"Feature","properties":{"osm_id":"2096457019","code":2512,"fclass":"clothes","name":"Prasanna Bathiks"},"geometry":{"type":"Point","coordinates":[79.8947299,6.9357608]}},
{"type":"Feature","properties":{"osm_id":"2096574174","code":2501,"fclass":"supermarket","name":"Cargills"},"geometry":{"type":"Point","coordinates":[79.8658908,6.9225169]}},
{"type":"Feature","properties":{"osm_id":"2097460015","code":2529,"fclass":"beauty_shop","name":"Priyanga beauty salon"},"geometry":{"type":"Point","coordinates":[80.071242,6.719268]}},
{"type":"Feature","properties":{"osm_id":"2097607658","code":2101,"fclass":"pharmacy","name":"New Medihelp"},"geometry":{"type":"Point","coordinates":[80.0655681,6.7102478]}},
{"type":"Feature","properties":{"osm_id":"2097858350","code":2515,"fclass":"bookshop","name":"Lassana"},"geometry":{"type":"Point","coordinates":[79.8961218,6.9374314]}},
{"type":"Feature","properties":{"osm_id":"2097858353","code":2101,"fclass":"pharmacy","name":null},"geometry":{"type":"Point","coordinates":[79.8934624,6.9327417]}},
{"type":"Feature","properties":{"osm_id":"2097858356","code":2016,"fclass":"market_place","name":null},"geometry":{"type":"Point","coordinates":[79.894326,6.9331518]}},
{"type":"Feature","properties":{"osm_id":"2097871181","code":2101,"fclass":"pharmacy","name":null},"geometry":{"type":"Point","coordinates":[79.8957463,6.9374474]}},
{"type":"Feature","properties":{"osm_id":"2098734214","code":2101,"fclass":"pharmacy","name":"Mediccom Superdrugs 24hrs"},"geometry":{"type":"Point","coordinates":[79.862665,6.916505]}},
{"type":"Feature","properties":{"osm_id":"2103558007","code":2101,"fclass":"pharmacy","name":"Isuru pharmacy"},"geometry":{"type":"Point","coordinates":[80.059047,6.717532]}},
{"type":"Feature","properties":{"osm_id":"2124718750","code":2016,"fclass":"market_place","name":null},"geometry":{"type":"Point","coordinates":[79.8935087,6.9325751]}},
{"type":"Feature","properties":{"osm_id":"2124894480","code":2016,"fclass":"market_place","name":"Public Market"},"geometry":{"type":"Point","coordinates":[79.89607,6.9369501]}},
{"type":"Feature","properties":{"osm_id":"2142229425","code":2501,"fclass":"supermarket","name":"Sathosa"},"geometry":{"type":"Point","coordinates":[79.8408595,7.2062941]}},
{"type":"Feature","properties":{"osm_id":"2144168021","code":2101,"fclass":"pharmacy","name":"City Health Pharmacy"},"geometry":{"type":"Point","coordinates":[80.0720143,6.7198253]}},
{"type":"Feature","properties":{"osm_id":"2148613680","code":2501,"fclass":"supermarket","name":"Keells Super"},"geometry":{"type":"Point","coordinates":[79.8543553,6.8893104]}},
{"type":"Feature","properties":{"osm_id":"2153320857","code":2501,"fclass":"supermarket","name":"Malwanna grocery"},"geometry":{"type":"Point","coordinates":[80.064257,6.712256]}},
{"type":"Feature","properties":{"osm_id":"2199126853","code":2512,"fclass":"clothes","name":"Serin"},"geometry":{"type":"Point","coordinates":[79.8595797,7.2658246]}},
{"type":"Feature","properties":{"osm_id":"2199126872","code":2101,"fclass":"pharmacy","name":"Champika"},"geometry":{"type":"Point","coordinates":[79.8594107,7.2655612]}},
{"type":"Feature","properties":{"osm_id":"2199130130","code":2501,"fclass":"supermarket","name":"Arpico Super Centre"},"geometry":{"type":"Point","coordinates":[79.8618593,7.2684081]}},
{"type":"Feature","properties":{"osm_id":"2212555591","code":2501,"fclass":"supermarket","name":"Kandana Super Market"},"geometry":{"type":"Point","coordinates":[79.8962723,7.0484915]}},
{"type":"Feature","properties":{"osm_id":"2212555629","code":2016,"fclass":"market_place","name":"Kandana Old Market"},"geometry":{"type":"Point","coordinates":[79.8967659,7.0481109]}},
{"type":"Feature","properties":{"osm_id":"2303365131","code":2512,"fclass":"clothes","name":"Pala Tailors"},"geometry":{"type":"Point","coordinates":[79.9996893,6.4295579]}},
{"type":"Feature","properties":{"osm_id":"2303365310","code":2101,"fclass":"pharmacy","name":"Anna Pharmacy"},"geometry":{"type":"Point","coordinates":[79.9996057,6.4294756]}},
{"type":"Feature","properties":{"osm_id":"2303367157","code":2512,"fclass":"clothes","name":"Mallikas Textiles"},"geometry":{"type":"Point","coordinates":[80.0001991,6.4294379]}},
{"type":"Feature","properties":{"osm_id":"2328962656","code":2501,"fclass":"supermarket","name":"Lanka Sathosa"},"geometry":{"type":"Point","coordinates":[79.8550245,6.9315736]}},
{"type":"Feature","properties":{"osm_id":"2337314652","code":2501,"fclass":"supermarket","name":"Cargils Food City"},"geometry":{"type":"Point","coordinates":[79.9297162,6.6659421]}},
{"type":"Feature","properties":{"osm_id":"2339245182","code":2515,"fclass":"bookshop","name":"Sarasavi Bookshop"},"geometry":{"type":"Point","coordinates":[79.9069715,6.7110907]}},
{"type":"Feature","properties":{"osm_id":"2339245183","code":2501,"fclass":"supermarket","name":"Sathosa"},"geometry":{"type":"Point","coordinates":[79.9075992,6.7109149]}},
{"type":"Feature","properties":{"osm_id":"2339245184","code":2526,"fclass":"toy_shop","name":"Luminex Toys"},"geometry":{"type":"Point","coordinates":[79.9077762,6.7102117]}},
{"type":"Feature","properties":{"osm_id":"2339245185","code":2515,"fclass":"bookshop","name":"Luminex Bookshop"},"geometry":{"type":"Point","coordinates":[79.9077521,6.7101797]}},
{"type":"Feature","properties":{"osm_id":"2339267221","code":2101,"fclass":"pharmacy","name":"Waruna Pharmacy & Grocery"},"geometry":{"type":"Point","coordinates":[79.9063592,6.7125533]}},
{"type":"Feature","properties":{"osm_id":"2340536544","code":2101,"fclass":"pharmacy","name":null},"geometry":{"type":"Point","coordinates":[79.9312635,6.6635556]}},
{"type":"Feature","properties":{"osm_id":"2347285937","code":2016,"fclass":"market_place","name":"Dompe Weekly Market"},"geometry":{"type":"Point","coordinates":[80.0575853,6.9506342]}},
{"type":"Feature","properties":{"osm_id":"2347304484","code":2016,"fclass":"market_place","name":"Pugoda Fair"},"geometry":{"type":"Point","coordinates":[80.1203007,6.9764224]}},
{"type":"Feature","properties":{"osm_id":"2400310859","code":2501,"fclass":"supermarket","name":"Laugfs"},"geometry":{"type":"Point","coordinates":[79.9596287,6.880262]}},
{"type":"Feature","properties":{"osm_id":"2400546636","code":2529,"fclass":"beauty_shop","name":"Capta"},"geometry":{"type":"Point","coordinates":[79.9643595,6.8913219]}},
{"type":"Feature","properties":{"osm_id":"2407520063","code":2501,"fclass":"supermarket","name":"Keells Super"},"geometry":{"type":"Point","coordinates":[79.891174,6.8967472]}},
{"type":"Feature","properties":{"osm_id":"2417292839","code":2520,"fclass":"jeweller","name":"Ranoma Jwellers"},"geometry":{"type":"Point","coordinates":[79.9184958,6.9019658]}},
{"type":"Feature","properties":{"osm_id":"2419637971","code":2512,"fclass":"clothes","name":"Nolimit Image"},"geometry":{"type":"Point","coordinates":[79.8603512,6.8768422]}},
{"type":"Feature","properties":{"osm_id":"2419716759","code":2512,"fclass":"clothes","name":"Little Asia Emporium"},"geometry":{"type":"Point","coordinates":[79.8618545,6.8725273]}},
{"type":"Feature","properties":{"osm_id":"2423793566","code":2501,"fclass":"supermarket","name":"Cargills"},"geometry":{"type":"Point","coordinates":[79.9443721,6.8585816]}},
{"type":"Feature","properties":{"osm_id":"2425256566","code":2501,"fclass":"supermarket","name":"CO-OP City"},"geometry":{"type":"Point","coordinates":[79.8905019,6.9327294]}},
{"type":"Feature","properties":{"osm_id":"2426388284","code":2501,"fclass":"supermarket","name":"Ingiriya Market"},"geometry":{"type":"Point","coordinates":[80.1756137,6.7441095]}},
{"type":"Feature","properties":{"osm_id":"2441614371","code":2501,"fclass":"supermarket","name":"Cargills Food City"},"geometry":{"type":"Point","coordinates":[79.9133392,6.8623431]}},
{"type":"Feature","properties":{"osm_id":"2491860236","code":2501,"fclass":"supermarket","name":"Supun Arcade"},"geometry":{"type":"Point","coordinates":[79.8623525,6.8738791]}},
{"type":"Feature","properties":{"osm_id":"2516359371","code":2501,"fclass":"supermarket","name":"Cargills"},"geometry":{"type":"Point","coordinates":[79.9720604,6.9146456]}},
{"type":"Feature","properties":{"osm_id":"2542618168","code":2501,"fclass":"supermarket","name":"Capital"},"geometry":{"type":"Point","coordinates":[79.9649898,6.5896395]}},
{"type":"Feature","properties":{"osm_id":"2560859824","code":2513,"fclass":"florist","name":"ShiroHana"},"geometry":{"type":"Point","coordinates":[79.8795094,6.9113786]}},
{"type":"Feature","properties":{"osm_id":"2560879656","code":2522,"fclass":"sports_shop","name":"Adventure SEAL's"},"geometry":{"type":"Point","coordinates":[79.8771266,6.8880507]}},
{"type":"Feature","properties":{"osm_id":"2562560006","code":2501,"fclass":"supermarket","name":"Lanka Sathosa"},"geometry":{"type":"Point","coordinates":[80.0265187,6.8515196]}},
{"type":"Feature","properties":{"osm_id":"2571694780","code":2501,"fclass":"supermarket","name":"Keels Super"},"geometry":{"type":"Point","coordinates":[79.916187,6.9153103]}},
{"type":"Feature","properties":{"osm_id":"2604344512","code":2501,"fclass":"supermarket","name":"Cargills Food City"},"geometry":{"type":"Point","coordinates":[79.9379636,6.8734719]}},
{"type":"Feature","properties":{"osm_id":"2619376508","code":2501,"fclass":"supermarket","name":"Puhulyaya Supermarket"},"geometry":{"type":"Point","coordinates":[79.9021346,6.8745837]}},
{"type":"Feature","properties":{"osm_id":"2640692639","code":2501,"fclass":"supermarket","name":"Arpico"},"geometry":{"type":"Point","coordinates":[79.9557695,6.6022701]}},
{"type":"Feature","properties":{"osm_id":"2646850037","code":2512,"fclass":"clothes","name":"Cool Planet"},"geometry":{"type":"Point","coordinates":[79.8664095,6.8885982]}},
{"type":"Feature","properties":{"osm_id":"2678373795","code":2512,"fclass":"clothes","name":"Shopping center (Dasa)"},"geometry":{"type":"Point","coordinates":[79.8770985,6.9150419]}},
{"type":"Feature","properties":{"osm_id":"2678710820","code":2512,"fclass":"clothes","name":"LULU Center"},"geometry":{"type":"Point","coordinates":[80.0002903,6.4292357]}},
{"type":"Feature","properties":{"osm_id":"2687969940","code":2501,"fclass":"supermarket","name":"Cargills Food City"},"geometry":{"type":"Point","coordinates":[79.9626478,6.8422443]}},
{"type":"Feature","properties":{"osm_id":"2688222285","code":2501,"fclass":"supermarket","name":"Public Market"},"geometry":{"type":"Point","coordinates":[80.0024053,6.8414211]}},
{"type":"Feature","properties":{"osm_id":"2703689426","code":2501,"fclass":"supermarket","name":"Udawatte Super Market"},"geometry":{"type":"Point","coordinates":[80.0208123,7.2262165]}},
{"type":"Feature","properties":{"osm_id":"2712362975","code":2016,"fclass":"market_place","name":"Athurugiriya Public Market"},"geometry":{"type":"Point","coordinates":[79.990522,6.8771852]}},
{"type":"Feature","properties":{"osm_id":"2741681934","code":2501,"fclass":"supermarket","name":"Cargills Food City"},"geometry":{"type":"Point","coordinates":[80.0124158,6.8653788]}},
{"type":"Feature","properties":{"osm_id":"2760377083","code":2501,"fclass":"supermarket","name":"Angoda"},"geometry":{"type":"Point","coordinates":[79.9255148,6.9357219]}},
{"type":"Feature","properties":{"osm_id":"2780704855","code":2101,"fclass":"pharmacy","name":"Medihelp Pharmacy"},"geometry":{"type":"Point","coordinates":[80.0591792,6.7177545]}},
{"type":"Feature","properties":{"osm_id":"2810716420","code":2501,"fclass":"supermarket","name":"Keells Super"},"geometry":{"type":"Point","coordinates":[79.908885,6.8686051]}},
{"type":"Feature","properties":{"osm_id":"2828416303","code":2501,"fclass":"supermarket","name":"Sathosa Supermarket"},"geometry":{"type":"Point","coordinates":[80.0808583,6.9090245]}},
{"type":"Feature","properties":{"osm_id":"2828416304","code":2501,"fclass":"supermarket","name":"Cargills Food City"},"geometry":{"type":"Point","coordinates":[80.0776548,6.9077496]}},
{"type":"Feature","properties":{"osm_id":"2833402225","code":2501,"fclass":"supermarket","name":"Mattegoda Supermarket"},"geometry":{"type":"Point","coordinates":[79.9714558,6.8152194]}},
{"type":"Feature","properties":{"osm_id":"2902121085","code":2501,"fclass":"supermarket","name":"Arpico Super Center"},"geometry":{"type":"Point","coordinates":[79.9497045,7.0014343]}},
{"type":"Feature","properties":{"osm_id":"2920254081","code":2513,"fclass":"florist","name":"Cooperative Florist"},"geometry":{"type":"Point","coordinates":[79.9956282,6.8096795]}},
{"type":"Feature","properties":{"osm_id":"3084193553","code":2512,"fclass":"clothes","name":"Amante"},"geometry":{"type":"Point","coordinates":[79.8630818,6.9051397]}},
{"type":"Feature","properties":{"osm_id":"3085648470","code":2512,"fclass":"clothes","name":"Romafour"},"geometry":{"type":"Point","coordinates":[79.8776557,6.9127929]}},
{"type":"Feature","properties":{"osm_id":"3133191018","code":2501,"fclass":"supermarket","name":"Cargills Supermarket Thalahena"},"geometry":{"type":"Point","coordinates":[79.9457843,6.9072303]}},
{"type":"Feature","properties":{"osm_id":"3133624842","code":2512,"fclass":"clothes","name":"Shades"},"geometry":{"type":"Point","coordinates":[79.8972827,6.9090395]}},
{"type":"Feature","properties":{"osm_id":"3139576808","code":2520,"fclass":"jeweller","name":"Sailan Jewels"},"geometry":{"type":"Point","coordinates":[79.841318,7.2318327]}},
{"type":"Feature","properties":{"osm_id":"3141353101","code":2563,"fclass":"car_rental","name":"Malkey Rent A Car (Airport Pickup/Drop Off Point), Katunayake"},"geometry":{"type":"Point","coordinates":[79.8720059,7.1546447]}},
{"type":"Feature","properties":{"osm_id":"3141353440","code":2563,"fclass":"car_rental","name":"Malkey Rent A Car (Pvt)Ltd"},"geometry":{"type":"Point","coordinates":[79.8709819,6.8772147]}},
{"type":"Feature","properties":{"osm_id":"3152527594","code":2101,"fclass":"pharmacy","name":"Rokem Phramacy"},"geometry":{"type":"Point","coordinates":[79.9553094,6.9031449]}},
{"type":"Feature","properties":{"osm_id":"3152531454","code":2101,"fclass":"pharmacy","name":"Waruna Pharmacy"},"geometry":{"type":"Point","coordinates":[79.9548173,6.9039423]}},
{"type":"Feature","properties":{"osm_id":"3162650789","code":2512,"fclass":"clothes","name":"Diyana Fashions"},"geometry":{"type":"Point","coordinates":[79.9323146,6.9759634]}},
{"type":"Feature","properties":{"osm_id":"3166118866","code":2501,"fclass":"supermarket","name":"Keells Super"},"geometry":{"type":"Point","coordinates":[79.8953429,6.8657792]}},
{"type":"Feature","properties":{"osm_id":"3166156577","code":2501,"fclass":"supermarket","name":"Cargills"},"geometry":{"type":"Point","coordinates":[79.890339,6.8725466]}},
{"type":"Feature","properties":{"osm_id":"3166474708","code":2101,"fclass":"pharmacy","name":"Harcourts Pharmacy"},"geometry":{"type":"Point","coordinates":[79.86648,6.9168654]}},
{"type":"Feature","properties":{"osm_id":"3172036570","code":2501,"fclass":"supermarket","name":null},"geometry":{"type":"Point","coordinates":[79.8505889,7.199438]}},
{"type":"Feature","properties":{"osm_id":"3191485174","code":2513,"fclass":"florist","name":null},"geometry":{"type":"Point","coordinates":[79.8647097,6.9186361]}},
{"type":"Feature","properties":{"osm_id":"3191485176","code":2513,"fclass":"florist","name":null},"geometry":{"type":"Point","coordinates":[79.8647178,6.9185375]}},
{"type":"Feature","properties":{"osm_id":"3219753463","code":2501,"fclass":"supermarket","name":"Sathosa"},"geometry":{"type":"Point","coordinates":[79.9219009,6.8426678]}},
{"type":"Feature","properties":{"osm_id":"3254726367","code":2501,"fclass":"supermarket","name":"Cargills"},"geometry":{"type":"Point","coordinates":[79.964586,6.8911052]}},
{"type":"Feature","properties":{"osm_id":"3266017876","code":2501,"fclass":"supermarket","name":null},"geometry":{"type":"Point","coordinates":[79.8562559,7.2114625]}},
{"type":"Feature","properties":{"osm_id":"3367694116","code":2501,"fclass":"supermarket","name":"Pussellawa"},"geometry":{"type":"Point","coordinates":[79.9132362,6.8552841]}},
{"type":"Feature","properties":{"osm_id":"3367864025","code":2517,"fclass":"shoe_shop","name":"DSI"},"geometry":{"type":"Point","coordinates":[79.9194986,6.8517776]}},
{"type":"Feature","properties":{"osm_id":"3370212787","code":2101,"fclass":"pharmacy","name":"Palegoda Pharmacy"},"geometry":{"type":"Point","coordinates":[80.1635795,6.5895519]}},
{"type":"Feature","properties":{"osm_id":"3371466144","code":2563,"fclass":"car_rental","name":"J.K Cab Service"},"geometry":{"type":"Point","coordinates":[79.9288691,6.8503822]}},
{"type":"Feature","properties":{"osm_id":"3379313413","code":2512,"fclass":"clothes","name":null},"geometry":{"type":"Point","coordinates":[79.9279613,6.8526926]}},
{"type":"Feature","properties":{"osm_id":"3379313414","code":2529,"fclass":"beauty_shop","name":null},"geometry":{"type":"Point","coordinates":[79.9280044,6.8546397]}},
{"type":"Feature","properties":{"osm_id":"3379320710","code":2542,"fclass":"bicycle_shop","name":null},"geometry":{"type":"Point","coordinates":[79.9202903,6.8515012]}},
{"type":"Feature","properties":{"osm_id":"3390574113","code":2501,"fclass":"supermarket","name":"Cargills Food City"},"geometry":{"type":"Point","coordinates":[79.9870146,6.8573037]}},
{"type":"Feature","properties":{"osm_id":"3394776826","code":2512,"fclass":"clothes","name":"Wasantha Textile"},"geometry":{"type":"Point","coordinates":[79.9282572,6.8525101]}},
{"type":"Feature","properties":{"osm_id":"3401467563","code":2501,"fclass":"supermarket","name":"Cargills Food City"},"geometry":{"type":"Point","coordinates":[79.8624595,6.8508182]}},
{"type":"Feature","properties":{"osm_id":"3401467566","code":2512,"fclass":"clothes","name":"Kandy Selection"},"geometry":{"type":"Point","coordinates":[79.865462,6.854427]}},
{"type":"Feature","properties":{"osm_id":"3401467572","code":2521,"fclass":"gift_shop","name":"Srina Palace Dehiwala"},"geometry":{"type":"Point","coordinates":[79.8655792,6.8539811]}},
{"type":"Feature","properties":{"osm_id":"3401467573","code":2521,"fclass":"gift_shop","name":"Glamours (Pvt) Ltd. - Costume Jewellery"},"geometry":{"type":"Point","coordinates":[79.8656296,6.8535909]}},
{"type":"Feature","properties":{"osm_id":"3401467575","code":2521,"fclass":"gift_shop","name":"Landmark Toys & Gifts"},"geometry":{"type":"Point","coordinates":[79.8659475,6.8526176]}},
{"type":"Feature","properties":{"osm_id":"3401467694","code":2521,"fclass":"gift_shop","name":"Baby's World"},"geometry":{"type":"Point","coordinates":[79.8680055,6.8509032]}},
{"type":"Feature","properties":{"osm_id":"3401467698","code":2512,"fclass":"clothes","name":"Queens Ladies Fshion"},"geometry":{"type":"Point","coordinates":[79.8667306,6.851142]}},
{"type":"Feature","properties":{"osm_id":"3401467699","code":2512,"fclass":"clothes","name":"Mala Stores"},"geometry":{"type":"Point","coordinates":[79.8661912,6.8504488]}},
{"type":"Feature","properties":{"osm_id":"3401467701","code":2501,"fclass":"supermarket","name":"Dehiwala Super Market Complex"},"geometry":{"type":"Point","coordinates":[79.8650976,6.8510925]}},
{"type":"Feature","properties":{"osm_id":"3403171830","code":2501,"fclass":"supermarket","name":"Cargills Food City"},"geometry":{"type":"Point","coordinates":[79.909214,6.8569409]}},
{"type":"Feature","properties":{"osm_id":"3403251709","code":2501,"fclass":"supermarket","name":"Lanka Sathosa"},"geometry":{"type":"Point","coordinates":[79.9173877,6.9497965]}},
{"type":"Feature","properties":{"osm_id":"3403251711","code":2501,"fclass":"supermarket","name":"Cargills"},"geometry":{"type":"Point","coordinates":[79.905222,6.9518048]}},
{"type":"Feature","properties":{"osm_id":"3416270325","code":2512,"fclass":"clothes","name":"Dilliganz"},"geometry":{"type":"Point","coordinates":[79.8635359,6.8626044]}},
{"type":"Feature","properties":{"osm_id":"3418988061","code":2501,"fclass":"supermarket","name":"Lak Sathosa"},"geometry":{"type":"Point","coordinates":[80.1935181,6.9362697]}},
{"type":"Feature","properties":{"osm_id":"3418988063","code":2501,"fclass":"supermarket","name":"Cargills Food City"},"geometry":{"type":"Point","coordinates":[80.1941182,6.9370416]}},
{"type":"Feature","properties":{"osm_id":"3418988064","code":2016,"fclass":"market_place","name":"Sunday Market"},"geometry":{"type":"Point","coordinates":[80.1945104,6.9375654]}},
{"type":"Feature","properties":{"osm_id":"3421123719","code":2101,"fclass":"pharmacy","name":"Kalyani"},"geometry":{"type":"Point","coordinates":[79.9311356,6.6641787]}},
{"type":"Feature","properties":{"osm_id":"3421123720","code":2101,"fclass":"pharmacy","name":"Osu Sala"},"geometry":{"type":"Point","coordinates":[79.9302897,6.6641013]}},
{"type":"Feature","properties":{"osm_id":"3421123730","code":2512,"fclass":"clothes","name":"Samanala Fashion"},"geometry":{"type":"Point","coordinates":[79.9291041,6.6632893]}},
{"type":"Feature","properties":{"osm_id":"3460958037","code":2501,"fclass":"supermarket","name":"Keells Super"},"geometry":{"type":"Point","coordinates":[79.9060859,6.7259248]}},
{"type":"Feature","properties":{"osm_id":"3474826605","code":2512,"fclass":"clothes","name":"Lassana"},"geometry":{"type":"Point","coordinates":[79.9720779,6.9135621]}},
{"type":"Feature","properties":{"osm_id":"3490028428","code":2101,"fclass":"pharmacy","name":"Sahana Medical pharmacy"},"geometry":{"type":"Point","coordinates":[79.9703558,6.9174087]}},
{"type":"Feature","properties":{"osm_id":"3494532466","code":2101,"fclass":"pharmacy","name":"Arogya Medical pharmacy"},"geometry":{"type":"Point","coordinates":[80.0048427,6.9225065]}},
{"type":"Feature","properties":{"osm_id":"3496549255","code":2517,"fclass":"shoe_shop","name":"Nilwala Shoe Palace"},"geometry":{"type":"Point","coordinates":[80.0158351,6.9587899]}},
{"type":"Feature","properties":{"osm_id":"3498426855","code":2501,"fclass":"supermarket","name":"Siyaka Super"},"geometry":{"type":"Point","coordinates":[79.9192127,6.814488]}},
{"type":"Feature","properties":{"osm_id":"3504318477","code":2501,"fclass":"supermarket","name":"Lanka Sathosa"},"geometry":{"type":"Point","coordinates":[79.9097748,6.8309555]}},
{"type":"Feature","properties":{"osm_id":"3510761543","code":2101,"fclass":"pharmacy","name":null},"geometry":{"type":"Point","coordinates":[79.9721321,6.9158381]}},
{"type":"Feature","properties":{"osm_id":"3511072102","code":2529,"fclass":"beauty_shop","name":"Srina Palace"},"geometry":{"type":"Point","coordinates":[79.9184589,6.9018994]}},
{"type":"Feature","properties":{"osm_id":"3511081930","code":2517,"fclass":"shoe_shop","name":"DSI- Shop"},"geometry":{"type":"Point","coordinates":[79.9553769,6.9031101]}},
{"type":"Feature","properties":{"osm_id":"3524790434","code":2501,"fclass":"supermarket","name":"Cargills Food City"},"geometry":{"type":"Point","coordinates":[79.9098898,6.7971934]}},
{"type":"Feature","properties":{"osm_id":"3524801551","code":2501,"fclass":"supermarket","name":"Sathosa"},"geometry":{"type":"Point","coordinates":[79.9191074,6.7992922]}},
{"type":"Feature","properties":{"osm_id":"3529918822","code":2512,"fclass":"clothes","name":"Beverly Street Clothing Store"},"geometry":{"type":"Point","coordinates":[79.9026214,6.9068049]}},
{"type":"Feature","properties":{"osm_id":"3534695735","code":2512,"fclass":"clothes","name":"Shirt Works"},"geometry":{"type":"Point","coordinates":[79.8588826,6.8818606]}},
{"type":"Feature","properties":{"osm_id":"3542053449","code":2501,"fclass":"supermarket","name":"Sri Lak Supermarket"},"geometry":{"type":"Point","coordinates":[79.9289065,6.9052163]}},
{"type":"Feature","properties":{"osm_id":"3564758325","code":2501,"fclass":"supermarket","name":"Seven Super City"},"geometry":{"type":"Point","coordinates":[80.0658698,6.7098669]}},
{"type":"Feature","properties":{"osm_id":"3567501873","code":2501,"fclass":"supermarket","name":"Keells Super"},"geometry":{"type":"Point","coordinates":[79.9636296,6.8922874]}},
{"type":"Feature","properties":{"osm_id":"3608251747","code":2512,"fclass":"clothes","name":"Deepthi Tex"},"geometry":{"type":"Point","coordinates":[79.9262933,6.8463167]}},
{"type":"Feature","properties":{"osm_id":"3614059779","code":2101,"fclass":"pharmacy","name":"Orion City Pharmacy"},"geometry":{"type":"Point","coordinates":[79.8803398,6.9413573]}},
{"type":"Feature","properties":{"osm_id":"3636092689","code":2101,"fclass":"pharmacy","name":null},"geometry":{"type":"Point","coordinates":[79.9553158,6.9037497]}},
{"type":"Feature","properties":{"osm_id":"3643563793","code":2517,"fclass":"shoe_shop","name":null},"geometry":{"type":"Point","coordinates":[79.955676,6.9031722]}},
{"type":"Feature","properties":{"osm_id":"3651668552","code":2515,"fclass":"bookshop","name":"Sadeepaa Book shop"},"geometry":{"type":"Point","coordinates":[79.8763534,6.915762]}},
{"type":"Feature","properties":{"osm_id":"3662817550","code":2501,"fclass":"supermarket","name":"Arpico super"},"geometry":{"type":"Point","coordinates":[79.9694563,6.8394677]}},
{"type":"Feature","properties":{"osm_id":"3691002450","code":2501,"fclass":"supermarket","name":"Sathosa"},"geometry":{"type":"Point","coordinates":[80.0918267,6.8585406]}},
{"type":"Feature","properties":{"osm_id":"3691036483","code":2501,"fclass":"supermarket","name":"Co-op Food City"},"geometry":{"type":"Point","coordinates":[80.0847981,6.9092691]}},
{"type":"Feature","properties":{"osm_id":"3705968853","code":2512,"fclass":"clothes","name":"Fashion Bug"},"geometry":{"type":"Point","coordinates":[79.9022884,6.9067937]}},
{"type":"Feature","properties":{"osm_id":"3708854450","code":2512,"fclass":"clothes","name":"Cool Planet, Wattala"},"geometry":{"type":"Point","coordinates":[79.8949904,6.9932099]}},
{"type":"Feature","properties":{"osm_id":"3710449670","code":2501,"fclass":"supermarket","name":"Cargills Food City"},"geometry":{"type":"Point","coordinates":[79.8595896,7.0797102]}},
{"type":"Feature","properties":{"osm_id":"3713342077","code":2512,"fclass":"clothes","name":"Dilshey"},"geometry":{"type":"Point","coordinates":[79.8873199,6.8689184]}},
{"type":"Feature","properties":{"osm_id":"3713342079","code":2512,"fclass":"clothes","name":"Brands Ware House"},"geometry":{"type":"Point","coordinates":[79.8878154,6.869291]}},
{"type":"Feature","properties":{"osm_id":"3713376148","code":2501,"fclass":"supermarket","name":"Keells Super"},"geometry":{"type":"Point","coordinates":[79.8942868,6.8756419]}},
{"type":"Feature","properties":{"osm_id":"3713376157","code":2501,"fclass":"supermarket","name":"Cargills Food City"},"geometry":{"type":"Point","coordinates":[79.8960484,6.8748439]}},
{"type":"Feature","properties":{"osm_id":"3713402010","code":2515,"fclass":"bookshop","name":"Vijitha Yapa"},"geometry":{"type":"Point","coordinates":[79.8843315,6.866982]}},
{"type":"Feature","properties":{"osm_id":"3717856026","code":2101,"fclass":"pharmacy","name":"Pharmaco Pharmacy"},"geometry":{"type":"Point","coordinates":[79.83694,7.2111033]}},
{"type":"Feature","properties":{"osm_id":"3722646174","code":2501,"fclass":"supermarket","name":"Arpico Super Center"},"geometry":{"type":"Point","coordinates":[79.8924994,6.9887293]}},
{"type":"Feature","properties":{"osm_id":"3722705903","code":2512,"fclass":"clothes","name":"Only You, Wattala"},"geometry":{"type":"Point","coordinates":[79.8976087,6.9967723]}},
{"type":"Feature","properties":{"osm_id":"3722705905","code":2517,"fclass":"shoe_shop","name":"Kandy Shoe Shop, Wattala"},"geometry":{"type":"Point","coordinates":[79.8940959,6.9923308]}},
{"type":"Feature","properties":{"osm_id":"3722705906","code":2512,"fclass":"clothes","name":"ASB Fashion, Wattala"},"geometry":{"type":"Point","coordinates":[79.8941833,6.992464]}},
{"type":"Feature","properties":{"osm_id":"3722712092","code":2501,"fclass":"supermarket","name":"Cargills food city"},"geometry":{"type":"Point","coordinates":[80.0129752,6.9866672]}},
{"type":"Feature","properties":{"osm_id":"3723276453","code":2512,"fclass":"clothes","name":"ODEL, Wattala"},"geometry":{"type":"Point","coordinates":[79.8902388,6.9869812]}},
{"type":"Feature","properties":{"osm_id":"3724206580","code":2016,"fclass":"market_place","name":"Pasyala"},"geometry":{"type":"Point","coordinates":[80.1250137,7.1726174]}},
{"type":"Feature","properties":{"osm_id":"3730653325","code":2501,"fclass":"supermarket","name":"Cargills Food City"},"geometry":{"type":"Point","coordinates":[80.128912,7.04222]}},
{"type":"Feature","properties":{"osm_id":"3730659421","code":2515,"fclass":"bookshop","name":null},"geometry":{"type":"Point","coordinates":[79.9557498,6.9030681]}},
{"type":"Feature","properties":{"osm_id":"3737444164","code":2501,"fclass":"supermarket","name":"Cargills Food City"},"geometry":{"type":"Point","coordinates":[80.0584505,7.1535817]}},
{"type":"Feature","properties":{"osm_id":"3737444166","code":2016,"fclass":"market_place","name":"Veyangoda Market"},"geometry":{"type":"Point","coordinates":[80.0579516,7.1551359]}},
{"type":"Feature","properties":{"osm_id":"3737454946","code":2512,"fclass":"clothes","name":"Thilakawardana Textiles"},"geometry":{"type":"Point","coordinates":[80.0930215,7.1384149]}},
{"type":"Feature","properties":{"osm_id":"3737454948","code":2501,"fclass":"supermarket","name":"Cargills Food City"},"geometry":{"type":"Point","coordinates":[80.0942211,7.1414131]}},
{"type":"Feature","properties":{"osm_id":"3738520746","code":2101,"fclass":"pharmacy","name":"Chandana Pharmacy"},"geometry":{"type":"Point","coordinates":[79.9098294,6.8678514]}},
{"type":"Feature","properties":{"osm_id":"3740334335","code":2501,"fclass":"supermarket","name":"Cargills"},"geometry":{"type":"Point","coordinates":[79.8866701,6.9115953]}},
{"type":"Feature","properties":{"osm_id":"3742064125","code":2529,"fclass":"beauty_shop","name":"Amali Jayawardhana"},"geometry":{"type":"Point","coordinates":[79.9008775,6.8760749]}},
{"type":"Feature","properties":{"osm_id":"3742064126","code":2529,"fclass":"beauty_shop","name":"Perera & Sons"},"geometry":{"type":"Point","coordinates":[79.9010492,6.8751807]}},
{"type":"Feature","properties":{"osm_id":"3742215659","code":2512,"fclass":"clothes","name":"Softwave Gallery Boutique"},"geometry":{"type":"Point","coordinates":[79.8636978,6.890006]}},
{"type":"Feature","properties":{"osm_id":"3742220428","code":2522,"fclass":"sports_shop","name":"Glory Swim Shop"},"geometry":{"type":"Point","coordinates":[79.8655565,6.8905369]}},
{"type":"Feature","properties":{"osm_id":"3742220429","code":2512,"fclass":"clothes","name":"Thiangra"},"geometry":{"type":"Point","coordinates":[79.8659768,6.8908058]}},
{"type":"Feature","properties":{"osm_id":"3742258495","code":2512,"fclass":"clothes","name":"Seyla"},"geometry":{"type":"Point","coordinates":[79.8668943,6.8912615]}},
{"type":"Feature","properties":{"osm_id":"3742289385","code":2501,"fclass":"supermarket","name":"Laugfs"},"geometry":{"type":"Point","coordinates":[79.8657804,6.8856663]}},
{"type":"Feature","properties":{"osm_id":"3743558825","code":2523,"fclass":"stationery","name":"Rathnavalee Offset Printers"},"geometry":{"type":"Point","coordinates":[80.055756,6.720097]}},
{"type":"Feature","properties":{"osm_id":"3744304320","code":2501,"fclass":"supermarket","name":"Cargils express"},"geometry":{"type":"Point","coordinates":[79.9078154,6.7140633]}},
{"type":"Feature","properties":{"osm_id":"3751139491","code":2501,"fclass":"supermarket","name":null},"geometry":{"type":"Point","coordinates":[79.8848782,6.7850917]}},
{"type":"Feature","properties":{"osm_id":"3753934186","code":2501,"fclass":"supermarket","name":"Cargills Food City"},"geometry":{"type":"Point","coordinates":[79.874533,6.9713795]}},
{"type":"Feature","properties":{"osm_id":"3754782204","code":2515,"fclass":"bookshop","name":"Expographic"},"geometry":{"type":"Point","coordinates":[79.9316724,6.8884649]}},
{"type":"Feature","properties":{"osm_id":"3803513179","code":2512,"fclass":"clothes","name":"Super Fashion"},"geometry":{"type":"Point","coordinates":[79.9077084,6.7204993]}},
{"type":"Feature","properties":{"osm_id":"3803513183","code":2512,"fclass":"clothes","name":"Jajee"},"geometry":{"type":"Point","coordinates":[79.9074625,6.7213717]}},
{"type":"Feature","properties":{"osm_id":"3837576142","code":2501,"fclass":"supermarket","name":"DAMRO Nittambuwa"},"geometry":{"type":"Point","coordinates":[80.1099858,7.1558081]}},
{"type":"Feature","properties":{"osm_id":"3861773472","code":2526,"fclass":"toy_shop","name":null},"geometry":{"type":"Point","coordinates":[79.9488492,6.9058025]}},
{"type":"Feature","properties":{"osm_id":"3861775357","code":2529,"fclass":"beauty_shop","name":null},"geometry":{"type":"Point","coordinates":[79.95585,6.9029201]}},
{"type":"Feature","properties":{"osm_id":"3893883127","code":2515,"fclass":"bookshop","name":"Book Shop"},"geometry":{"type":"Point","coordinates":[79.8612753,6.9272425]}},
{"type":"Feature","properties":{"osm_id":"3893883128","code":2515,"fclass":"bookshop","name":"Book Shop"},"geometry":{"type":"Point","coordinates":[79.8613523,6.9272369]}},
{"type":"Feature","properties":{"osm_id":"3893883129","code":2515,"fclass":"bookshop","name":"Book Shop"},"geometry":{"type":"Point","coordinates":[79.8614251,6.9272313]}},
{"type":"Feature","properties":{"osm_id":"3893883130","code":2515,"fclass":"bookshop","name":"Book Shop"},"geometry":{"type":"Point","coordinates":[79.8615084,6.9272327]}},
{"type":"Feature","properties":{"osm_id":"3925543306","code":2521,"fclass":"gift_shop","name":"LUV SL ODEL"},"geometry":{"type":"Point","coordinates":[79.8442649,6.9338435]}},
{"type":"Feature","properties":{"osm_id":"3933399143","code":2501,"fclass":"supermarket","name":"Madushan Stores"},"geometry":{"type":"Point","coordinates":[79.923751,6.9164087]}},
{"type":"Feature","properties":{"osm_id":"3944742792","code":2101,"fclass":"pharmacy","name":"Harcourts Pharmacy"},"geometry":{"type":"Point","coordinates":[79.9181957,6.9020636]}},
{"type":"Feature","properties":{"osm_id":"3944754500","code":2512,"fclass":"clothes","name":"Wonly Fashion"},"geometry":{"type":"Point","coordinates":[79.9203576,6.9025619]}},
{"type":"Feature","properties":{"osm_id":"3944840154","code":2517,"fclass":"shoe_shop","name":null},"geometry":{"type":"Point","coordinates":[79.8764415,6.9160741]}},
{"type":"Feature","properties":{"osm_id":"3944840155","code":2517,"fclass":"shoe_shop","name":null},"geometry":{"type":"Point","coordinates":[79.8771715,6.914923]}},
{"type":"Feature","properties":{"osm_id":"3944842327","code":2512,"fclass":"clothes","name":"No-Limit"},"geometry":{"type":"Point","coordinates":[79.8773307,6.9139975]}},
{"type":"Feature","properties":{"osm_id":"3944842513","code":2512,"fclass":"clothes","name":"Fashion Bug"},"geometry":{"type":"Point","coordinates":[79.8759397,6.9162444]}},
{"type":"Feature","properties":{"osm_id":"3953834088","code":2521,"fclass":"gift_shop","name":"Tharaka Enterprises"},"geometry":{"type":"Point","coordinates":[80.1283214,6.9402356]}},
{"type":"Feature","properties":{"osm_id":"4007555647","code":2501,"fclass":"supermarket","name":"Good Market"},"geometry":{"type":"Point","coordinates":[79.8631545,6.9057898]}},
{"type":"Feature","properties":{"osm_id":"4009185289","code":2521,"fclass":"gift_shop","name":"Laksala"},"geometry":{"type":"Point","coordinates":[79.8630348,6.9050529]}},
{"type":"Feature","properties":{"osm_id":"4009314254","code":2529,"fclass":"beauty_shop","name":"Spa Ceylon"},"geometry":{"type":"Point","coordinates":[79.8436435,6.9338655]}},
{"type":"Feature","properties":{"osm_id":"4009378403","code":2520,"fclass":"jeweller","name":"Colombo Jewellery Stores"},"geometry":{"type":"Point","coordinates":[79.8434978,6.9336597]}},
{"type":"Feature","properties":{"osm_id":"4009378408","code":2529,"fclass":"beauty_shop","name":"Natures Secrets"},"geometry":{"type":"Point","coordinates":[79.8437753,6.9338514]}},
{"type":"Feature","properties":{"osm_id":"4009378414","code":2521,"fclass":"gift_shop","name":"Shilpa National Crafts"},"geometry":{"type":"Point","coordinates":[79.8437124,6.9336278]}},
{"type":"Feature","properties":{"osm_id":"4009378615","code":2521,"fclass":"gift_shop","name":"Barefoot"},"geometry":{"type":"Point","coordinates":[79.843382,6.9339571]}},
{"type":"Feature","properties":{"osm_id":"4025210540","code":2101,"fclass":"pharmacy","name":"Nithma pharmacy"},"geometry":{"type":"Point","coordinates":[79.9896025,6.7142791]}},
{"type":"Feature","properties":{"osm_id":"4027298789","code":2512,"fclass":"clothes","name":"Ko Lanka"},"geometry":{"type":"Point","coordinates":[79.8543351,6.8966182]}},
{"type":"Feature","properties":{"osm_id":"4037740157","code":2501,"fclass":"supermarket","name":"Cargills Food City"},"geometry":{"type":"Point","coordinates":[79.9577899,6.8147633]}},
{"type":"Feature","properties":{"osm_id":"4038103470","code":2501,"fclass":"supermarket","name":"Keells Super"},"geometry":{"type":"Point","coordinates":[79.9688734,6.8202179]}},
{"type":"Feature","properties":{"osm_id":"4038103947","code":2501,"fclass":"supermarket","name":"Keells Super"},"geometry":{"type":"Point","coordinates":[79.9652446,6.8366332]}},
{"type":"Feature","properties":{"osm_id":"4049749266","code":2521,"fclass":"gift_shop","name":"Samarasiri Trade Center"},"geometry":{"type":"Point","coordinates":[79.9258925,6.8446695]}},
{"type":"Feature","properties":{"osm_id":"4059264047","code":2501,"fclass":"supermarket","name":"Arpico"},"geometry":{"type":"Point","coordinates":[79.908164,6.7075351]}},
{"type":"Feature","properties":{"osm_id":"4059270371","code":2501,"fclass":"supermarket","name":"Suasa Food city"},"geometry":{"type":"Point","coordinates":[79.9311409,6.9361198]}},
{"type":"Feature","properties":{"osm_id":"4059299822","code":2501,"fclass":"supermarket","name":"Foodland"},"geometry":{"type":"Point","coordinates":[80.0980744,6.7297736]}},
{"type":"Feature","properties":{"osm_id":"4066032704","code":2512,"fclass":"clothes","name":"Kylie Angel"},"geometry":{"type":"Point","coordinates":[79.8937146,6.910683]}},
{"type":"Feature","properties":{"osm_id":"4077589212","code":2501,"fclass":"supermarket","name":"Cargills Food City Express"},"geometry":{"type":"Point","coordinates":[79.9317973,6.8365]}},
{"type":"Feature","properties":{"osm_id":"4077603374","code":2501,"fclass":"supermarket","name":"Arpico Daily Center"},"geometry":{"type":"Point","coordinates":[79.935994,6.8269969]}},
{"type":"Feature","properties":{"osm_id":"4078400789","code":2101,"fclass":"pharmacy","name":"Chamara Pharma"},"geometry":{"type":"Point","coordinates":[79.9426585,6.9088271]}},
{"type":"Feature","properties":{"osm_id":"4082983189","code":2501,"fclass":"supermarket","name":"Panagoda Mini Coop City"},"geometry":{"type":"Point","coordinates":[80.023515,6.8652794]}},
{"type":"Feature","properties":{"osm_id":"4082983190","code":2529,"fclass":"beauty_shop","name":"Divana Saloon"},"geometry":{"type":"Point","coordinates":[80.0238701,6.8654431]}},
{"type":"Feature","properties":{"osm_id":"4082983191","code":2529,"fclass":"beauty_shop","name":"Saloon Nisha"},"geometry":{"type":"Point","coordinates":[80.0235863,6.8647019]}},
{"type":"Feature","properties":{"osm_id":"4082983194","code":2523,"fclass":"stationery","name":"Dinusha Communication Center"},"geometry":{"type":"Point","coordinates":[80.0233016,6.8649382]}},
{"type":"Feature","properties":{"osm_id":"4082996331","code":2101,"fclass":"pharmacy","name":null},"geometry":{"type":"Point","coordinates":[80.0237814,6.8645077]}},
{"type":"Feature","properties":{"osm_id":"4092304352","code":2529,"fclass":"beauty_shop","name":"Saloon Kemeliya"},"geometry":{"type":"Point","coordinates":[79.9720615,6.9146647]}},
{"type":"Feature","properties":{"osm_id":"4095074571","code":2501,"fclass":"supermarket","name":"Coop City"},"geometry":{"type":"Point","coordinates":[80.0078648,6.8645805]}},
{"type":"Feature","properties":{"osm_id":"4151596379","code":2101,"fclass":"pharmacy","name":"Star Pharmacy"},"geometry":{"type":"Point","coordinates":[79.9804962,6.5611619]}},
{"type":"Feature","properties":{"osm_id":"4167631815","code":2563,"fclass":"car_rental","name":"Ocean Rent a Car"},"geometry":{"type":"Point","coordinates":[79.9607689,6.9043859]}},
{"type":"Feature","properties":{"osm_id":"4167708754","code":2529,"fclass":"beauty_shop","name":"Nelum Bridal Care"},"geometry":{"type":"Point","coordinates":[79.9606416,6.9040653]}},
{"type":"Feature","properties":{"osm_id":"4168502905","code":2515,"fclass":"bookshop","name":"Book Shop"},"geometry":{"type":"Point","coordinates":[79.959049,6.9035579]}},
{"type":"Feature","properties":{"osm_id":"4168502907","code":2512,"fclass":"clothes","name":"Nilmini Fashion Center"},"geometry":{"type":"Point","coordinates":[79.958951,6.9037362]}},
{"type":"Feature","properties":{"osm_id":"4168502916","code":2512,"fclass":"clothes","name":"Evene"},"geometry":{"type":"Point","coordinates":[79.9589239,6.9035209]}},
{"type":"Feature","properties":{"osm_id":"4173388353","code":2501,"fclass":"supermarket","name":"Laugfs Supermarket"},"geometry":{"type":"Point","coordinates":[79.9006329,6.907665]}},
{"type":"Feature","properties":{"osm_id":"4180534063","code":2101,"fclass":"pharmacy","name":"Harcourts Pharmacy"},"geometry":{"type":"Point","coordinates":[79.8953817,6.906838]}},
{"type":"Feature","properties":{"osm_id":"4191034198","code":2522,"fclass":"sports_shop","name":"Eser Marketing"},"geometry":{"type":"Point","coordinates":[79.9015596,6.9065328]}},
{"type":"Feature","properties":{"osm_id":"4192024158","code":2517,"fclass":"shoe_shop","name":null},"geometry":{"type":"Point","coordinates":[79.8763755,6.9161565]}},
{"type":"Feature","properties":{"osm_id":"4192025792","code":2515,"fclass":"bookshop","name":"M D Gunasena Book Shop"},"geometry":{"type":"Point","coordinates":[79.8761784,6.9163803]}},
{"type":"Feature","properties":{"osm_id":"4192029821","code":2101,"fclass":"pharmacy","name":"Central Pharmacy"},"geometry":{"type":"Point","coordinates":[79.8769664,6.915566]}},
{"type":"Feature","properties":{"osm_id":"4197043444","code":2515,"fclass":"bookshop","name":"Ganga Book Shop"},"geometry":{"type":"Point","coordinates":[80.0939534,7.1411104]}},
{"type":"Feature","properties":{"osm_id":"4197049424","code":2501,"fclass":"supermarket","name":"Cargills"},"geometry":{"type":"Point","coordinates":[80.073519,7.128929]}},
{"type":"Feature","properties":{"osm_id":"4197136637","code":2501,"fclass":"supermarket","name":"Cargills"},"geometry":{"type":"Point","coordinates":[79.9561294,7.0031894]}},
{"type":"Feature","properties":{"osm_id":"4197171453","code":2501,"fclass":"supermarket","name":"Cargills Food City"},"geometry":{"type":"Point","coordinates":[79.9175629,6.9731476]}},
{"type":"Feature","properties":{"osm_id":"4197179132","code":2501,"fclass":"supermarket","name":"Sathosa"},"geometry":{"type":"Point","coordinates":[79.9120003,6.969008]}},
{"type":"Feature","properties":{"osm_id":"4210087489","code":2521,"fclass":"gift_shop","name":"sunil traders"},"geometry":{"type":"Point","coordinates":[79.8856856,7.1172207]}},
{"type":"Feature","properties":{"osm_id":"4235081091","code":2016,"fclass":"market_place","name":null},"geometry":{"type":"Point","coordinates":[79.8892441,7.1311778]}},
{"type":"Feature","properties":{"osm_id":"4235822140","code":2515,"fclass":"bookshop","name":"Nethsani Book Shop"},"geometry":{"type":"Point","coordinates":[79.97212,6.8930367]}},
{"type":"Feature","properties":{"osm_id":"4235822152","code":2512,"fclass":"clothes","name":"Rowathi Garment"},"geometry":{"type":"Point","coordinates":[79.9692317,6.89127]}},
{"type":"Feature","properties":{"osm_id":"4240062974","code":2501,"fclass":"supermarket","name":"Cargills Super market Rajagiriya"},"geometry":{"type":"Point","coordinates":[79.8942872,6.9101063]}},
{"type":"Feature","properties":{"osm_id":"4242596998","code":2520,"fclass":"jeweller","name":"Abdeen Jewellers"},"geometry":{"type":"Point","coordinates":[79.8566442,6.8972166]}},
{"type":"Feature","properties":{"osm_id":"4242597297","code":2512,"fclass":"clothes","name":"Envoy Mansion"},"geometry":{"type":"Point","coordinates":[79.8551673,6.9008038]}},
{"type":"Feature","properties":{"osm_id":"4242750901","code":2512,"fclass":"clothes","name":null},"geometry":{"type":"Point","coordinates":[79.8547217,6.9021892]}},
{"type":"Feature","properties":{"osm_id":"4244116471","code":2517,"fclass":"shoe_shop","name":"Shoe dealer"},"geometry":{"type":"Point","coordinates":[79.877082,6.9148354]}},
{"type":"Feature","properties":{"osm_id":"4253797939","code":2501,"fclass":"supermarket","name":"Arpico"},"geometry":{"type":"Point","coordinates":[79.9799444,6.9369712]}},
{"type":"Feature","properties":{"osm_id":"4253797942","code":2501,"fclass":"supermarket","name":"Cargills"},"geometry":{"type":"Point","coordinates":[79.9813957,6.9367953]}},
{"type":"Feature","properties":{"osm_id":"4262948389","code":2501,"fclass":"supermarket","name":"Salinda Supermarket"},"geometry":{"type":"Point","coordinates":[79.9378088,6.989748]}},
{"type":"Feature","properties":{"osm_id":"4264240491","code":2501,"fclass":"supermarket","name":"Highland Shop Mirihana"},"geometry":{"type":"Point","coordinates":[79.9013689,6.8758999]}},
{"type":"Feature","properties":{"osm_id":"4267822396","code":2501,"fclass":"supermarket","name":null},"geometry":{"type":"Point","coordinates":[79.9423503,6.8452879]}},
{"type":"Feature","properties":{"osm_id":"4267832043","code":2016,"fclass":"market_place","name":"Homagama Fair"},"geometry":{"type":"Point","coordinates":[80.0033837,6.8465086]}},
{"type":"Feature","properties":{"osm_id":"4285740083","code":2501,"fclass":"supermarket","name":"Keells"},"geometry":{"type":"Point","coordinates":[79.9208474,6.8427784]}},
{"type":"Feature","properties":{"osm_id":"4291151642","code":2501,"fclass":"supermarket","name":"Keels Super"},"geometry":{"type":"Point","coordinates":[79.895237,7.0606788]}},
{"type":"Feature","properties":{"osm_id":"4291151643","code":2512,"fclass":"clothes","name":"ODEL"},"geometry":{"type":"Point","coordinates":[79.8954098,7.0603452]}},
{"type":"Feature","properties":{"osm_id":"4309700497","code":2521,"fclass":"gift_shop","name":"Zavahir enterprises"},"geometry":{"type":"Point","coordinates":[79.8724489,6.9371874]}},
{"type":"Feature","properties":{"osm_id":"4330451090","code":2101,"fclass":"pharmacy","name":"Talent"},"geometry":{"type":"Point","coordinates":[79.874702,6.9316555]}},
{"type":"Feature","properties":{"osm_id":"4331930487","code":2101,"fclass":"pharmacy","name":"SPC"},"geometry":{"type":"Point","coordinates":[79.9475747,7.1685916]}},
{"type":"Feature","properties":{"osm_id":"4331935498","code":2101,"fclass":"pharmacy","name":"Ayurvedic Center"},"geometry":{"type":"Point","coordinates":[79.950532,7.1703427]}},
{"type":"Feature","properties":{"osm_id":"4333470557","code":2501,"fclass":"supermarket","name":"Public Super Market"},"geometry":{"type":"Point","coordinates":[79.9949229,7.0924037]}},
{"type":"Feature","properties":{"osm_id":"4333470722","code":2501,"fclass":"supermarket","name":"Keels Super"},"geometry":{"type":"Point","coordinates":[79.9948568,7.0941462]}},
{"type":"Feature","properties":{"osm_id":"4335664992","code":2101,"fclass":"pharmacy","name":"Romed Pharmacy"},"geometry":{"type":"Point","coordinates":[79.9349527,6.8449505]}},
{"type":"Feature","properties":{"osm_id":"4338413541","code":2520,"fclass":"jeweller","name":"Zam Gems"},"geometry":{"type":"Point","coordinates":[79.8449106,6.9325248]}},
{"type":"Feature","properties":{"osm_id":"4338760655","code":2520,"fclass":"jeweller","name":null},"geometry":{"type":"Point","coordinates":[79.8450836,6.9374431]}},
{"type":"Feature","properties":{"osm_id":"4341103345","code":2101,"fclass":"pharmacy","name":"Senani Pharmacy"},"geometry":{"type":"Point","coordinates":[80.1291973,7.2471643]}},
{"type":"Feature","properties":{"osm_id":"4348898867","code":2512,"fclass":"clothes","name":"salwar.lk"},"geometry":{"type":"Point","coordinates":[79.8501697,6.9080252]}},
{"type":"Feature","properties":{"osm_id":"4349659490","code":2512,"fclass":"clothes","name":"Double XL"},"geometry":{"type":"Point","coordinates":[79.8575779,6.8941964]}},
{"type":"Feature","properties":{"osm_id":"4350781689","code":2501,"fclass":"supermarket","name":"Urapola Co-op"},"geometry":{"type":"Point","coordinates":[80.145492,7.09714]}},
{"type":"Feature","properties":{"osm_id":"4350789696","code":2501,"fclass":"supermarket","name":"Cagills Food City"},"geometry":{"type":"Point","coordinates":[80.110767,7.12568]}},
{"type":"Feature","properties":{"osm_id":"4350796097","code":2501,"fclass":"supermarket","name":"Urapola fair"},"geometry":{"type":"Point","coordinates":[80.1452264,7.0962947]}},
{"type":"Feature","properties":{"osm_id":"4350798401","code":2501,"fclass":"supermarket","name":"Nihal super"},"geometry":{"type":"Point","coordinates":[80.096423,7.14298]}},
{"type":"Feature","properties":{"osm_id":"4352138494","code":2101,"fclass":"pharmacy","name":"Prashanthi Pharmacy"},"geometry":{"type":"Point","coordinates":[80.100311,7.033377]}},
{"type":"Feature","properties":{"osm_id":"4353059089","code":2501,"fclass":"supermarket","name":"Keels Super (Dehiwela)"},"geometry":{"type":"Point","coordinates":[79.8668789,6.8632147]}},
{"type":"Feature","properties":{"osm_id":"4353386190","code":2515,"fclass":"bookshop","name":null},"geometry":{"type":"Point","coordinates":[80.000978,7.0925885]}},
{"type":"Feature","properties":{"osm_id":"4392391191","code":2501,"fclass":"supermarket","name":null},"geometry":{"type":"Point","coordinates":[79.9100403,7.102472]}},
{"type":"Feature","properties":{"osm_id":"4405582591","code":2101,"fclass":"pharmacy","name":null},"geometry":{"type":"Point","coordinates":[79.8566105,6.8948628]}},
{"type":"Feature","properties":{"osm_id":"4414314094","code":2512,"fclass":"clothes","name":null},"geometry":{"type":"Point","coordinates":[79.8600945,6.8791074]}},
{"type":"Feature","properties":{"osm_id":"4423078313","code":2501,"fclass":"supermarket","name":"Cargills"},"geometry":{"type":"Point","coordinates":[79.8964432,7.0491065]}},
{"type":"Feature","properties":{"osm_id":"4429149389","code":2501,"fclass":"supermarket","name":"Coop City"},"geometry":{"type":"Point","coordinates":[79.8638642,7.2725036]}},
{"type":"Feature","properties":{"osm_id":"4435634690","code":2513,"fclass":"florist","name":null},"geometry":{"type":"Point","coordinates":[80.099033,7.03324]}},
{"type":"Feature","properties":{"osm_id":"4439986235","code":2501,"fclass":"supermarket","name":"Arpico Super Center"},"geometry":{"type":"Point","coordinates":[79.9251104,7.0273657]}},
{"type":"Feature","properties":{"osm_id":"4439998990","code":2501,"fclass":"supermarket","name":"Cargills"},"geometry":{"type":"Point","coordinates":[79.8842049,7.103658]}},
{"type":"Feature","properties":{"osm_id":"4441525378","code":2501,"fclass":"supermarket","name":"Sathosa"},"geometry":{"type":"Point","coordinates":[79.8911497,7.0825528]}},
{"type":"Feature","properties":{"osm_id":"4443873977","code":2501,"fclass":"supermarket","name":"Cargills"},"geometry":{"type":"Point","coordinates":[79.8994654,7.0481751]}},
{"type":"Feature","properties":{"osm_id":"4451069190","code":2501,"fclass":"supermarket","name":null},"geometry":{"type":"Point","coordinates":[80.142744,7.100753]}},
{"type":"Feature","properties":{"osm_id":"4451080995","code":2542,"fclass":"bicycle_shop","name":null},"geometry":{"type":"Point","coordinates":[80.123822,7.0401525]}},
{"type":"Feature","properties":{"osm_id":"4451138390","code":2542,"fclass":"bicycle_shop","name":null},"geometry":{"type":"Point","coordinates":[80.1292867,7.0417359]}},
{"type":"Feature","properties":{"osm_id":"4456313868","code":2512,"fclass":"clothes","name":"The Outlet Store"},"geometry":{"type":"Point","coordinates":[79.9293967,6.8893577]}},
{"type":"Feature","properties":{"osm_id":"4456333134","code":2501,"fclass":"supermarket","name":"Keells Super"},"geometry":{"type":"Point","coordinates":[79.877507,6.8495948]}},
{"type":"Feature","properties":{"osm_id":"4456343390","code":2101,"fclass":"pharmacy","name":"Healthguard"},"geometry":{"type":"Point","coordinates":[79.9056565,6.9012428]}},
{"type":"Feature","properties":{"osm_id":"4457404459","code":2512,"fclass":"clothes","name":"DILLY'S"},"geometry":{"type":"Point","coordinates":[79.8996742,6.9078465]}},
{"type":"Feature","properties":{"osm_id":"4466240090","code":2512,"fclass":"clothes","name":"Junior George"},"geometry":{"type":"Point","coordinates":[79.9079287,6.9029091]}},
{"type":"Feature","properties":{"osm_id":"4469546289","code":2101,"fclass":"pharmacy","name":null},"geometry":{"type":"Point","coordinates":[79.9057371,6.9002263]}},
{"type":"Feature","properties":{"osm_id":"4483802429","code":2501,"fclass":"supermarket","name":"Arpico Daily"},"geometry":{"type":"Point","coordinates":[79.8963887,7.0511986]}},
{"type":"Feature","properties":{"osm_id":"4487927723","code":2501,"fclass":"supermarket","name":"Sathosa"},"geometry":{"type":"Point","coordinates":[79.9242479,7.0277898]}},
{"type":"Feature","properties":{"osm_id":"4492298420","code":2501,"fclass":"supermarket","name":"Keells Super"},"geometry":{"type":"Point","coordinates":[79.9096236,6.8835542]}},
{"type":"Feature","properties":{"osm_id":"4497799199","code":2512,"fclass":"clothes","name":"Jenita Fashions"},"geometry":{"type":"Point","coordinates":[79.8969583,7.0477529]}},
{"type":"Feature","properties":{"osm_id":"4507786078","code":2501,"fclass":"supermarket","name":"Keells"},"geometry":{"type":"Point","coordinates":[79.9694059,6.8444379]}},
{"type":"Feature","properties":{"osm_id":"4509897513","code":2101,"fclass":"pharmacy","name":"Union Chemists"},"geometry":{"type":"Point","coordinates":[79.8631229,6.9177631]}},
{"type":"Feature","properties":{"osm_id":"4513159164","code":2542,"fclass":"bicycle_shop","name":"Open Road Equipe"},"geometry":{"type":"Point","coordinates":[79.8685749,6.8911773]}},
{"type":"Feature","properties":{"osm_id":"4514792693","code":2512,"fclass":"clothes","name":null},"geometry":{"type":"Point","coordinates":[79.8643878,6.8882069]}},
{"type":"Feature","properties":{"osm_id":"4516583409","code":2512,"fclass":"clothes","name":"ODEL"},"geometry":{"type":"Point","coordinates":[79.880631,6.8696002]}},
{"type":"Feature","properties":{"osm_id":"4516583411","code":2501,"fclass":"supermarket","name":"Keells Super"},"geometry":{"type":"Point","coordinates":[79.880743,6.8695843]}},
{"type":"Feature","properties":{"osm_id":"4522445990","code":2515,"fclass":"bookshop","name":null},"geometry":{"type":"Point","coordinates":[79.8434898,7.2365448]}},
{"type":"Feature","properties":{"osm_id":"4522475592","code":2501,"fclass":"supermarket","name":null},"geometry":{"type":"Point","coordinates":[79.8508833,7.2295248]}},
{"type":"Feature","properties":{"osm_id":"4522477290","code":2501,"fclass":"supermarket","name":"Sathosa"},"geometry":{"type":"Point","coordinates":[79.8485773,7.2360439]}},
{"type":"Feature","properties":{"osm_id":"4526391489","code":2501,"fclass":"supermarket","name":null},"geometry":{"type":"Point","coordinates":[79.8521614,6.910605]}},
{"type":"Feature","properties":{"osm_id":"4529451290","code":2501,"fclass":"supermarket","name":null},"geometry":{"type":"Point","coordinates":[79.8761431,7.1322741]}},
{"type":"Feature","properties":{"osm_id":"4544107437","code":2501,"fclass":"supermarket","name":"Phoenix Showroom"},"geometry":{"type":"Point","coordinates":[79.8983067,7.0270413]}},
{"type":"Feature","properties":{"osm_id":"4548752689","code":2542,"fclass":"bicycle_shop","name":null},"geometry":{"type":"Point","coordinates":[79.9339479,6.8257608]}},
{"type":"Feature","properties":{"osm_id":"4553215090","code":2501,"fclass":"supermarket","name":null},"geometry":{"type":"Point","coordinates":[79.9835347,6.8459066]}},
{"type":"Feature","properties":{"osm_id":"4568409926","code":2101,"fclass":"pharmacy","name":"Gagana Pharmacy"},"geometry":{"type":"Point","coordinates":[79.9521538,6.8456865]}},
{"type":"Feature","properties":{"osm_id":"4568938581","code":2501,"fclass":"supermarket","name":"Keells Super"},"geometry":{"type":"Point","coordinates":[79.9406836,6.8704416]}},
{"type":"Feature","properties":{"osm_id":"4580643422","code":2512,"fclass":"clothes","name":"Dressmore"},"geometry":{"type":"Point","coordinates":[79.8920756,6.875668]}},
{"type":"Feature","properties":{"osm_id":"4580650992","code":2517,"fclass":"shoe_shop","name":"Leather Club"},"geometry":{"type":"Point","coordinates":[79.8876587,6.8691816]}},
{"type":"Feature","properties":{"osm_id":"4580650993","code":2517,"fclass":"shoe_shop","name":"Shu Limit"},"geometry":{"type":"Point","coordinates":[79.8875702,6.8691254]}},
{"type":"Feature","properties":{"osm_id":"4580650994","code":2517,"fclass":"shoe_shop","name":"Leather Line"},"geometry":{"type":"Point","coordinates":[79.8879276,6.8693784]}},
{"type":"Feature","properties":{"osm_id":"4580650996","code":2512,"fclass":"clothes","name":"Vol Square"},"geometry":{"type":"Point","coordinates":[79.8877011,6.8694627]}},
{"type":"Feature","properties":{"osm_id":"4580650997","code":2512,"fclass":"clothes","name":"Andhum Andhum"},"geometry":{"type":"Point","coordinates":[79.8876162,6.86941]}},
{"type":"Feature","properties":{"osm_id":"4580650998","code":2512,"fclass":"clothes","name":"Manjari"},"geometry":{"type":"Point","coordinates":[79.8868163,6.8685878]}},
{"type":"Feature","properties":{"osm_id":"4580650999","code":2101,"fclass":"pharmacy","name":"SPC"},"geometry":{"type":"Point","coordinates":[79.8867916,6.8687459]}},
{"type":"Feature","properties":{"osm_id":"4580651000","code":2512,"fclass":"clothes","name":"Cool Planet"},"geometry":{"type":"Point","coordinates":[79.8866641,6.8686194]}},
{"type":"Feature","properties":{"osm_id":"4580651003","code":2515,"fclass":"bookshop","name":"Vijitha Yapa Book Shop"},"geometry":{"type":"Point","coordinates":[79.8859422,6.8679869]}},
{"type":"Feature","properties":{"osm_id":"4580653007","code":2529,"fclass":"beauty_shop","name":"Saffans Bridal Studio"},"geometry":{"type":"Point","coordinates":[79.8853086,6.8677339]}},
{"type":"Feature","properties":{"osm_id":"4583560694","code":2512,"fclass":"clothes","name":null},"geometry":{"type":"Point","coordinates":[79.8698859,6.9119042]}},
{"type":"Feature","properties":{"osm_id":"4583560695","code":2512,"fclass":"clothes","name":null},"geometry":{"type":"Point","coordinates":[79.8660799,6.9169457]}},
{"type":"Feature","properties":{"osm_id":"4583567491","code":2512,"fclass":"clothes","name":null},"geometry":{"type":"Point","coordinates":[79.8689042,6.8999854]}},
{"type":"Feature","properties":{"osm_id":"4583567492","code":2512,"fclass":"clothes","name":"Caramel Pumpkin"},"geometry":{"type":"Point","coordinates":[79.8690267,6.9163505]}},
{"type":"Feature","properties":{"osm_id":"4583581090","code":2512,"fclass":"clothes","name":null},"geometry":{"type":"Point","coordinates":[79.8591415,6.8898738]}},
{"type":"Feature","properties":{"osm_id":"4590572491","code":2501,"fclass":"supermarket","name":null},"geometry":{"type":"Point","coordinates":[79.8416691,7.2395155]}},
{"type":"Feature","properties":{"osm_id":"4613796590","code":2520,"fclass":"jeweller","name":null},"geometry":{"type":"Point","coordinates":[79.9611242,6.5840064]}},
{"type":"Feature","properties":{"osm_id":"4623063289","code":2501,"fclass":"supermarket","name":"Arpico super center"},"geometry":{"type":"Point","coordinates":[79.8836049,6.8667092]}},
{"type":"Feature","properties":{"osm_id":"4631087880","code":2501,"fclass":"supermarket","name":"Sathosa"},"geometry":{"type":"Point","coordinates":[79.9653721,6.8356288]}},
{"type":"Feature","properties":{"osm_id":"4631095455","code":2101,"fclass":"pharmacy","name":"IUS Pharmacy"},"geometry":{"type":"Point","coordinates":[79.964866,6.8376853]}},
{"type":"Feature","properties":{"osm_id":"4631098383","code":2501,"fclass":"supermarket","name":"Keels Super"},"geometry":{"type":"Point","coordinates":[79.9874951,6.8391949]}},
{"type":"Feature","properties":{"osm_id":"4633929590","code":2513,"fclass":"florist","name":null},"geometry":{"type":"Point","coordinates":[79.8840277,6.7890518]}},
{"type":"Feature","properties":{"osm_id":"4653891144","code":2501,"fclass":"supermarket","name":null},"geometry":{"type":"Point","coordinates":[79.8650336,6.8720489]}},
{"type":"Feature","properties":{"osm_id":"4659334989","code":2512,"fclass":"clothes","name":"Saskia Fernando Gallery"},"geometry":{"type":"Point","coordinates":[79.8685198,6.9116864]}},
{"type":"Feature","properties":{"osm_id":"4680333499","code":2520,"fclass":"jeweller","name":"Christ"},"geometry":{"type":"Point","coordinates":[79.9324664,6.6544878]}},
{"type":"Feature","properties":{"osm_id":"4681182389","code":2521,"fclass":"gift_shop","name":null},"geometry":{"type":"Point","coordinates":[79.862323,6.9162992]}},
{"type":"Feature","properties":{"osm_id":"4690796993","code":2512,"fclass":"clothes","name":null},"geometry":{"type":"Point","coordinates":[79.8693605,6.8922896]}},
{"type":"Feature","properties":{"osm_id":"4690842990","code":2501,"fclass":"supermarket","name":null},"geometry":{"type":"Point","coordinates":[79.8729619,6.8962484]}},
{"type":"Feature","properties":{"osm_id":"4690843689","code":2512,"fclass":"clothes","name":null},"geometry":{"type":"Point","coordinates":[79.8695275,6.8926069]}},
{"type":"Feature","properties":{"osm_id":"4702870291","code":2520,"fclass":"jeweller","name":null},"geometry":{"type":"Point","coordinates":[79.855186,6.8947414]}},
{"type":"Feature","properties":{"osm_id":"4702870690","code":2517,"fclass":"shoe_shop","name":null},"geometry":{"type":"Point","coordinates":[79.855071,6.8952285]}},
{"type":"Feature","properties":{"osm_id":"4706141389","code":2501,"fclass":"supermarket","name":"Cargills Food City"},"geometry":{"type":"Point","coordinates":[79.881027,6.8754027]}},
{"type":"Feature","properties":{"osm_id":"4711114094","code":2501,"fclass":"supermarket","name":null},"geometry":{"type":"Point","coordinates":[79.8739314,6.8194372]}},
{"type":"Feature","properties":{"osm_id":"4734326824","code":2501,"fclass":"supermarket","name":null},"geometry":{"type":"Point","coordinates":[79.8521342,6.9371658]}},
{"type":"Feature","properties":{"osm_id":"4746425642","code":2501,"fclass":"supermarket","name":"Lanka Sathosa"},"geometry":{"type":"Point","coordinates":[80.1281661,6.9007937]}},
{"type":"Feature","properties":{"osm_id":"4756630121","code":2513,"fclass":"florist","name":null},"geometry":{"type":"Point","coordinates":[79.920056,6.851701]}},
{"type":"Feature","properties":{"osm_id":"4769819130","code":2501,"fclass":"supermarket","name":"Cargills Food City"},"geometry":{"type":"Point","coordinates":[79.8846523,6.8391747]}},
{"type":"Feature","properties":{"osm_id":"4769822348","code":2501,"fclass":"supermarket","name":"Co-Op Food City"},"geometry":{"type":"Point","coordinates":[79.8846523,6.8388711]}},
{"type":"Feature","properties":{"osm_id":"4772203104","code":2101,"fclass":"pharmacy","name":"Prasan Pharmacy"},"geometry":{"type":"Point","coordinates":[79.8846994,6.8403587]}},
{"type":"Feature","properties":{"osm_id":"4774207788","code":2529,"fclass":"beauty_shop","name":"Salon Mashi"},"geometry":{"type":"Point","coordinates":[79.8849141,6.8372601]}},
{"type":"Feature","properties":{"osm_id":"4778238547","code":2101,"fclass":"pharmacy","name":null},"geometry":{"type":"Point","coordinates":[79.8767465,6.8850578]}},
{"type":"Feature","properties":{"osm_id":"4809609423","code":2515,"fclass":"bookshop","name":"Makeen Books"},"geometry":{"type":"Point","coordinates":[79.8537321,6.8993033]}},
{"type":"Feature","properties":{"osm_id":"4809629122","code":2515,"fclass":"bookshop","name":"The Barefoot Bookshop"},"geometry":{"type":"Point","coordinates":[79.8541033,6.8967619]}},
{"type":"Feature","properties":{"osm_id":"4838548465","code":2501,"fclass":"supermarket","name":"Arpico Super"},"geometry":{"type":"Point","coordinates":[79.9595413,6.8664877]}},
{"type":"Feature","properties":{"osm_id":"4838549291","code":2501,"fclass":"supermarket","name":"Sathosa"},"geometry":{"type":"Point","coordinates":[79.959271,6.8660919]}},
{"type":"Feature","properties":{"osm_id":"4869936758","code":2501,"fclass":"supermarket","name":"Cargills Food City"},"geometry":{"type":"Point","coordinates":[79.8889335,7.1328362]}},
{"type":"Feature","properties":{"osm_id":"4888058321","code":2512,"fclass":"clothes","name":null},"geometry":{"type":"Point","coordinates":[79.8551992,6.8946789]}},
{"type":"Feature","properties":{"osm_id":"4892063823","code":2512,"fclass":"clothes","name":null},"geometry":{"type":"Point","coordinates":[79.8518213,6.9054973]}},
{"type":"Feature","properties":{"osm_id":"4892066322","code":2512,"fclass":"clothes","name":null},"geometry":{"type":"Point","coordinates":[79.8510543,6.9117881]}},
{"type":"Feature","properties":{"osm_id":"4892069821","code":2512,"fclass":"clothes","name":"Levi's"},"geometry":{"type":"Point","coordinates":[79.85373,6.9125013]}},
{"type":"Feature","properties":{"osm_id":"4904087883","code":2515,"fclass":"bookshop","name":"Sarasavi Book Shop"},"geometry":{"type":"Point","coordinates":[79.8463973,6.9361443]}},
{"type":"Feature","properties":{"osm_id":"4905233974","code":2520,"fclass":"jeweller","name":null},"geometry":{"type":"Point","coordinates":[79.8412776,7.2334153]}},
{"type":"Feature","properties":{"osm_id":"4916784433","code":2501,"fclass":"supermarket","name":null},"geometry":{"type":"Point","coordinates":[79.9012249,6.9844056]}},
{"type":"Feature","properties":{"osm_id":"4934862222","code":2501,"fclass":"supermarket","name":"Sathosa"},"geometry":{"type":"Point","coordinates":[79.9549433,6.90267]}},
{"type":"Feature","properties":{"osm_id":"4936349823","code":2101,"fclass":"pharmacy","name":"Healthguard"},"geometry":{"type":"Point","coordinates":[79.8590051,6.9144934]}},
{"type":"Feature","properties":{"osm_id":"4938407522","code":2512,"fclass":"clothes","name":"w.H. Warehouse"},"geometry":{"type":"Point","coordinates":[79.8558251,6.9130721]}},
{"type":"Feature","properties":{"osm_id":"4943914949","code":2501,"fclass":"supermarket","name":"Keels Super"},"geometry":{"type":"Point","coordinates":[79.9308758,6.9823598]}},
{"type":"Feature","properties":{"osm_id":"4945212133","code":2522,"fclass":"sports_shop","name":"Eser Marketing"},"geometry":{"type":"Point","coordinates":[79.9309128,6.9077648]}},
{"type":"Feature","properties":{"osm_id":"4948511727","code":2501,"fclass":"supermarket","name":"Cargills Food City"},"geometry":{"type":"Point","coordinates":[79.9274701,6.8660568]}},
{"type":"Feature","properties":{"osm_id":"4948953822","code":2501,"fclass":"supermarket","name":null},"geometry":{"type":"Point","coordinates":[79.9074898,6.9507062]}},
{"type":"Feature","properties":{"osm_id":"4948961921","code":2501,"fclass":"supermarket","name":null},"geometry":{"type":"Point","coordinates":[79.9144594,6.9942253]}},
{"type":"Feature","properties":{"osm_id":"4951102222","code":2526,"fclass":"toy_shop","name":null},"geometry":{"type":"Point","coordinates":[79.9371536,6.908607]}},
{"type":"Feature","properties":{"osm_id":"4951102421","code":2526,"fclass":"toy_shop","name":null},"geometry":{"type":"Point","coordinates":[79.9487794,6.9058349]}},
{"type":"Feature","properties":{"osm_id":"4951307024","code":2529,"fclass":"beauty_shop","name":null},"geometry":{"type":"Point","coordinates":[79.9939339,7.0922801]}},
{"type":"Feature","properties":{"osm_id":"4951310221","code":2529,"fclass":"beauty_shop","name":"f"},"geometry":{"type":"Point","coordinates":[79.926021,6.8454954]}},
{"type":"Feature","properties":{"osm_id":"4951310321","code":2529,"fclass":"beauty_shop","name":"Sanjanas"},"geometry":{"type":"Point","coordinates":[79.9935008,7.092373]}},
{"type":"Feature","properties":{"osm_id":"4951310421","code":2529,"fclass":"beauty_shop","name":null},"geometry":{"type":"Point","coordinates":[80.0339386,7.086228]}},
{"type":"Feature","properties":{"osm_id":"4951569721","code":2501,"fclass":"supermarket","name":null},"geometry":{"type":"Point","coordinates":[79.8692236,6.9024152]}},
{"type":"Feature","properties":{"osm_id":"4953821180","code":2501,"fclass":"supermarket","name":"Arpico Super Center"},"geometry":{"type":"Point","coordinates":[79.9337061,6.926768]}},
{"type":"Feature","properties":{"osm_id":"4954409224","code":2529,"fclass":"beauty_shop","name":null},"geometry":{"type":"Point","coordinates":[79.8657951,6.8535941]}},
{"type":"Feature","properties":{"osm_id":"4954409225","code":2529,"fclass":"beauty_shop","name":null},"geometry":{"type":"Point","coordinates":[79.8677645,6.8310673]}},
{"type":"Feature","properties":{"osm_id":"4954409524","code":2501,"fclass":"supermarket","name":null},"geometry":{"type":"Point","coordinates":[79.9416339,6.7918398]}},
{"type":"Feature","properties":{"osm_id":"4954437121","code":2529,"fclass":"beauty_shop","name":null},"geometry":{"type":"Point","coordinates":[79.8832539,6.7773077]}},
{"type":"Feature","properties":{"osm_id":"4955902121","code":2517,"fclass":"shoe_shop","name":null},"geometry":{"type":"Point","coordinates":[79.8466571,6.9320032]}},
{"type":"Feature","properties":{"osm_id":"4956760854","code":2501,"fclass":"supermarket","name":"Cargills Food City"},"geometry":{"type":"Point","coordinates":[79.9480797,7.0002221]}},
{"type":"Feature","properties":{"osm_id":"4957875924","code":2529,"fclass":"beauty_shop","name":null},"geometry":{"type":"Point","coordinates":[79.9229394,6.8016216]}},
{"type":"Feature","properties":{"osm_id":"4957882125","code":2529,"fclass":"beauty_shop","name":null},"geometry":{"type":"Point","coordinates":[79.9288151,6.9073802]}},
{"type":"Feature","properties":{"osm_id":"4957882127","code":2529,"fclass":"beauty_shop","name":null},"geometry":{"type":"Point","coordinates":[79.8612409,6.8750308]}},
{"type":"Feature","properties":{"osm_id":"4957882128","code":2529,"fclass":"beauty_shop","name":null},"geometry":{"type":"Point","coordinates":[79.8657535,6.8523724]}},
{"type":"Feature","properties":{"osm_id":"4957882129","code":2529,"fclass":"beauty_shop","name":null},"geometry":{"type":"Point","coordinates":[79.8834339,6.7762546]}},
{"type":"Feature","properties":{"osm_id":"4957887524","code":2529,"fclass":"beauty_shop","name":null},"geometry":{"type":"Point","coordinates":[79.888982,6.7972857]}},
{"type":"Feature","properties":{"osm_id":"4958500475","code":2101,"fclass":"pharmacy","name":"Osulka Pharmacy"},"geometry":{"type":"Point","coordinates":[79.9562217,6.9019548]}},
{"type":"Feature","properties":{"osm_id":"4958506784","code":2101,"fclass":"pharmacy","name":"New City Pharmacy"},"geometry":{"type":"Point","coordinates":[79.9483952,6.9057976]}},
{"type":"Feature","properties":{"osm_id":"4958511469","code":2512,"fclass":"clothes","name":"Hi Life"},"geometry":{"type":"Point","coordinates":[79.9354302,6.9076307]}},
{"type":"Feature","properties":{"osm_id":"4958514514","code":2520,"fclass":"jeweller","name":"Sri Kantha Jewellers"},"geometry":{"type":"Point","coordinates":[79.9196055,6.9017789]}},
{"type":"Feature","properties":{"osm_id":"4961862522","code":2529,"fclass":"beauty_shop","name":"Watsans"},"geometry":{"type":"Point","coordinates":[79.8617533,6.8715124]}},
{"type":"Feature","properties":{"osm_id":"4962943102","code":2501,"fclass":"supermarket","name":"Sathosa"},"geometry":{"type":"Point","coordinates":[79.9313248,6.9254249]}},
{"type":"Feature","properties":{"osm_id":"4971852324","code":2529,"fclass":"beauty_shop","name":null},"geometry":{"type":"Point","coordinates":[79.983272,6.9365091]}},
{"type":"Feature","properties":{"osm_id":"4971852325","code":2529,"fclass":"beauty_shop","name":null},"geometry":{"type":"Point","coordinates":[79.9827627,6.9365659]}},
{"type":"Feature","properties":{"osm_id":"4976815021","code":2529,"fclass":"beauty_shop","name":null},"geometry":{"type":"Point","coordinates":[79.9795686,6.4993174]}},
{"type":"Feature","properties":{"osm_id":"4986295121","code":2501,"fclass":"supermarket","name":"Supun Arcade"},"geometry":{"type":"Point","coordinates":[79.8605431,6.876149]}},
{"type":"Feature","properties":{"osm_id":"4986411842","code":2512,"fclass":"clothes","name":"Vonael"},"geometry":{"type":"Point","coordinates":[79.8758653,6.9117078]}},
{"type":"Feature","properties":{"osm_id":"4988234416","code":2501,"fclass":"supermarket","name":"Kannangara Stores"},"geometry":{"type":"Point","coordinates":[80.0999354,6.4032933]}},
{"type":"Feature","properties":{"osm_id":"4988259611","code":2501,"fclass":"supermarket","name":"Priyatha Food City"},"geometry":{"type":"Point","coordinates":[80.0833565,6.4108921]}},
{"type":"Feature","properties":{"osm_id":"5019114545","code":2501,"fclass":"supermarket","name":"Sathosa"},"geometry":{"type":"Point","coordinates":[80.0172914,6.9248378]}},
{"type":"Feature","properties":{"osm_id":"5019127220","code":2501,"fclass":"supermarket","name":"Sathosa"},"geometry":{"type":"Point","coordinates":[80.2131671,6.9524122]}},
{"type":"Feature","properties":{"osm_id":"5024897130","code":2529,"fclass":"beauty_shop","name":null},"geometry":{"type":"Point","coordinates":[79.8716157,6.8224211]}},
{"type":"Feature","properties":{"osm_id":"5028099822","code":2529,"fclass":"beauty_shop","name":null},"geometry":{"type":"Point","coordinates":[79.9358577,6.8758228]}},
{"type":"Feature","properties":{"osm_id":"5052516424","code":2501,"fclass":"supermarket","name":null},"geometry":{"type":"Point","coordinates":[80.1445757,7.0970905]}},
{"type":"Feature","properties":{"osm_id":"5052537925","code":2501,"fclass":"supermarket","name":null},"geometry":{"type":"Point","coordinates":[80.1089378,7.1278242]}},
{"type":"Feature","properties":{"osm_id":"5052553421","code":2501,"fclass":"supermarket","name":null},"geometry":{"type":"Point","coordinates":[80.0953911,7.1438011]}},
{"type":"Feature","properties":{"osm_id":"5055451127","code":2529,"fclass":"beauty_shop","name":null},"geometry":{"type":"Point","coordinates":[79.9889641,6.8779902]}},
{"type":"Feature","properties":{"osm_id":"5055451128","code":2501,"fclass":"supermarket","name":"Keels"},"geometry":{"type":"Point","coordinates":[79.9845443,6.8806515]}},
{"type":"Feature","properties":{"osm_id":"5057720227","code":2529,"fclass":"beauty_shop","name":null},"geometry":{"type":"Point","coordinates":[80.0197311,7.2245639]}},
{"type":"Feature","properties":{"osm_id":"5060089694","code":2512,"fclass":"clothes","name":"Craft Lanka"},"geometry":{"type":"Point","coordinates":[79.8423376,7.2427846]}},
{"type":"Feature","properties":{"osm_id":"5060542406","code":2529,"fclass":"beauty_shop","name":"Minoshan Wanasinghe Bridal Array"},"geometry":{"type":"Point","coordinates":[79.9114686,6.9031386]}},
{"type":"Feature","properties":{"osm_id":"5068874121","code":2529,"fclass":"beauty_shop","name":null},"geometry":{"type":"Point","coordinates":[80.0030943,6.840227]}},
{"type":"Feature","properties":{"osm_id":"5078343925","code":2529,"fclass":"beauty_shop","name":null},"geometry":{"type":"Point","coordinates":[80.1768429,6.7441498]}},
{"type":"Feature","properties":{"osm_id":"5078345124","code":2529,"fclass":"beauty_shop","name":null},"geometry":{"type":"Point","coordinates":[79.8661576,6.9263739]}},
{"type":"Feature","properties":{"osm_id":"5083875761","code":2501,"fclass":"supermarket","name":"Cargills Food City"},"geometry":{"type":"Point","coordinates":[79.9012946,6.9841806]}},
{"type":"Feature","properties":{"osm_id":"5104655021","code":2529,"fclass":"beauty_shop","name":null},"geometry":{"type":"Point","coordinates":[79.8605811,6.8772555]}},
{"type":"Feature","properties":{"osm_id":"5106781432","code":2529,"fclass":"beauty_shop","name":null},"geometry":{"type":"Point","coordinates":[79.9056171,6.7141311]}},
{"type":"Feature","properties":{"osm_id":"5111532049","code":2521,"fclass":"gift_shop","name":"Carrefour super market"},"geometry":{"type":"Point","coordinates":[79.8410988,7.229172]}},
{"type":"Feature","properties":{"osm_id":"5132871422","code":2529,"fclass":"beauty_shop","name":null},"geometry":{"type":"Point","coordinates":[80.2134657,6.9524415]}},
{"type":"Feature","properties":{"osm_id":"5139403048","code":2529,"fclass":"beauty_shop","name":"Salon Kumari"},"geometry":{"type":"Point","coordinates":[79.954944,6.9041813]}},
{"type":"Feature","properties":{"osm_id":"5142268193","code":2517,"fclass":"shoe_shop","name":"DSI Factory Outlet"},"geometry":{"type":"Point","coordinates":[79.918784,6.8535133]}},
{"type":"Feature","properties":{"osm_id":"5142268194","code":2501,"fclass":"supermarket","name":"Cargills Food City"},"geometry":{"type":"Point","coordinates":[79.9100714,6.8568781]}},
{"type":"Feature","properties":{"osm_id":"5147972878","code":2501,"fclass":"supermarket","name":"Laugfs Supermarket"},"geometry":{"type":"Point","coordinates":[79.9152924,6.9953732]}},
{"type":"Feature","properties":{"osm_id":"5147972879","code":2501,"fclass":"supermarket","name":"Cargills Food City"},"geometry":{"type":"Point","coordinates":[79.9151686,6.9952503]}},
{"type":"Feature","properties":{"osm_id":"5147972956","code":2501,"fclass":"supermarket","name":"Keels Super"},"geometry":{"type":"Point","coordinates":[79.9149043,6.9949449]}},
{"type":"Feature","properties":{"osm_id":"5151262023","code":2529,"fclass":"beauty_shop","name":null},"geometry":{"type":"Point","coordinates":[79.9541505,6.9042128]}},
{"type":"Feature","properties":{"osm_id":"5162524322","code":2529,"fclass":"beauty_shop","name":null},"geometry":{"type":"Point","coordinates":[79.8605449,6.8773131]}},
{"type":"Feature","properties":{"osm_id":"5163485323","code":2529,"fclass":"beauty_shop","name":null},"geometry":{"type":"Point","coordinates":[80.0197062,7.2245588]}},
{"type":"Feature","properties":{"osm_id":"5165458326","code":2501,"fclass":"supermarket","name":null},"geometry":{"type":"Point","coordinates":[79.9747912,6.9213212]}},
{"type":"Feature","properties":{"osm_id":"5165488722","code":2101,"fclass":"pharmacy","name":null},"geometry":{"type":"Point","coordinates":[79.9749689,6.9210624]}},
{"type":"Feature","properties":{"osm_id":"5166841221","code":2501,"fclass":"supermarket","name":null},"geometry":{"type":"Point","coordinates":[79.9721284,6.9146204]}},
{"type":"Feature","properties":{"osm_id":"5166841422","code":2515,"fclass":"bookshop","name":null},"geometry":{"type":"Point","coordinates":[79.9562655,6.9039814]}},
{"type":"Feature","properties":{"osm_id":"5176729136","code":2101,"fclass":"pharmacy","name":"Channel Pharmacy & Grocery"},"geometry":{"type":"Point","coordinates":[79.9703546,6.7863646]}},
{"type":"Feature","properties":{"osm_id":"5178089224","code":2521,"fclass":"gift_shop","name":null},"geometry":{"type":"Point","coordinates":[79.992898,7.0930159]}},
{"type":"Feature","properties":{"osm_id":"5178104825","code":2521,"fclass":"gift_shop","name":null},"geometry":{"type":"Point","coordinates":[79.8607996,6.8978567]}},
{"type":"Feature","properties":{"osm_id":"5178104826","code":2513,"fclass":"florist","name":null},"geometry":{"type":"Point","coordinates":[79.9041561,6.9060132]}},
{"type":"Feature","properties":{"osm_id":"5178105622","code":2523,"fclass":"stationery","name":null},"geometry":{"type":"Point","coordinates":[79.9928473,7.0929708]}},
{"type":"Feature","properties":{"osm_id":"5178105624","code":2521,"fclass":"gift_shop","name":null},"geometry":{"type":"Point","coordinates":[79.9928198,7.0929473]}},
{"type":"Feature","properties":{"osm_id":"5178105625","code":2517,"fclass":"shoe_shop","name":null},"geometry":{"type":"Point","coordinates":[79.9929257,7.0930372]}},
{"type":"Feature","properties":{"osm_id":"5178105628","code":2512,"fclass":"clothes","name":null},"geometry":{"type":"Point","coordinates":[79.8619153,6.8935021]}},
{"type":"Feature","properties":{"osm_id":"5178321985","code":2529,"fclass":"beauty_shop","name":"Salon Anoja"},"geometry":{"type":"Point","coordinates":[79.8873328,6.8474955]}},
{"type":"Feature","properties":{"osm_id":"5179547731","code":2515,"fclass":"bookshop","name":"Poobalasingam Book Shop"},"geometry":{"type":"Point","coordinates":[79.8555537,6.9442021]}},
{"type":"Feature","properties":{"osm_id":"5181017135","code":2501,"fclass":"supermarket","name":"Cargills Food City Express"},"geometry":{"type":"Point","coordinates":[79.9510387,6.84671]}},
{"type":"Feature","properties":{"osm_id":"5183519122","code":2504,"fclass":"mall","name":"Jana Jaya City"},"geometry":{"type":"Point","coordinates":[79.8962352,6.9087161]}},
{"type":"Feature","properties":{"osm_id":"5185289721","code":2101,"fclass":"pharmacy","name":null},"geometry":{"type":"Point","coordinates":[79.8647295,6.8608192]}},
{"type":"Feature","properties":{"osm_id":"5188187225","code":2520,"fclass":"jeweller","name":null},"geometry":{"type":"Point","coordinates":[79.850921,6.9238201]}},
{"type":"Feature","properties":{"osm_id":"5188235121","code":2517,"fclass":"shoe_shop","name":null},"geometry":{"type":"Point","coordinates":[79.864146,6.9175179]}},
{"type":"Feature","properties":{"osm_id":"5189872421","code":2520,"fclass":"jeweller","name":"Diamond Dream"},"geometry":{"type":"Point","coordinates":[79.8578237,6.8935469]}},
{"type":"Feature","properties":{"osm_id":"5189987822","code":2520,"fclass":"jeweller","name":null},"geometry":{"type":"Point","coordinates":[79.8617173,6.8716841]}},
{"type":"Feature","properties":{"osm_id":"5190013426","code":2101,"fclass":"pharmacy","name":null},"geometry":{"type":"Point","coordinates":[79.8648448,6.8583959]}},
{"type":"Feature","properties":{"osm_id":"5190057824","code":2520,"fclass":"jeweller","name":null},"geometry":{"type":"Point","coordinates":[79.8608365,6.8767807]}},
{"type":"Feature","properties":{"osm_id":"5190060222","code":2520,"fclass":"jeweller","name":"Suwarnaa Gold House"},"geometry":{"type":"Point","coordinates":[79.8613516,6.8739525]}},
{"type":"Feature","properties":{"osm_id":"5193031324","code":2501,"fclass":"supermarket","name":null},"geometry":{"type":"Point","coordinates":[79.8850432,6.8384728]}},
{"type":"Feature","properties":{"osm_id":"5193146524","code":2101,"fclass":"pharmacy","name":null},"geometry":{"type":"Point","coordinates":[79.884863,6.8372377]}},
{"type":"Feature","properties":{"osm_id":"5193146525","code":2101,"fclass":"pharmacy","name":null},"geometry":{"type":"Point","coordinates":[79.876911,6.8494169]}},
{"type":"Feature","properties":{"osm_id":"5193334821","code":2526,"fclass":"toy_shop","name":"Cool kidz"},"geometry":{"type":"Point","coordinates":[79.8579287,6.8854978]}},
{"type":"Feature","properties":{"osm_id":"5193360822","code":2512,"fclass":"clothes","name":null},"geometry":{"type":"Point","coordinates":[79.8526706,6.9019446]}},
{"type":"Feature","properties":{"osm_id":"5203640424","code":2501,"fclass":"supermarket","name":"Co-op  city"},"geometry":{"type":"Point","coordinates":[79.8616919,6.8733985]}},
{"type":"Feature","properties":{"osm_id":"5206559001","code":2515,"fclass":"bookshop","name":"Mahajana Pothhala"},"geometry":{"type":"Point","coordinates":[79.9544435,7.0030358]}},
{"type":"Feature","properties":{"osm_id":"5207523326","code":2523,"fclass":"stationery","name":null},"geometry":{"type":"Point","coordinates":[79.9409279,6.9086616]}},
{"type":"Feature","properties":{"osm_id":"5207894624","code":2522,"fclass":"sports_shop","name":null},"geometry":{"type":"Point","coordinates":[79.8424926,7.2120717]}},
{"type":"Feature","properties":{"osm_id":"5209508126","code":2501,"fclass":"supermarket","name":null},"geometry":{"type":"Point","coordinates":[79.9674423,6.5664473]}},
{"type":"Feature","properties":{"osm_id":"5215669326","code":2501,"fclass":"supermarket","name":"Sathosa"},"geometry":{"type":"Point","coordinates":[79.9162795,6.9497278]}},
{"type":"Feature","properties":{"osm_id":"5223412522","code":2501,"fclass":"supermarket","name":null},"geometry":{"type":"Point","coordinates":[79.9466555,6.9767332]}},
{"type":"Feature","properties":{"osm_id":"5223412524","code":2529,"fclass":"beauty_shop","name":null},"geometry":{"type":"Point","coordinates":[79.8972624,7.0471438]}},
{"type":"Feature","properties":{"osm_id":"5223412526","code":2529,"fclass":"beauty_shop","name":null},"geometry":{"type":"Point","coordinates":[79.8885924,7.0909961]}},
{"type":"Feature","properties":{"osm_id":"5223431921","code":2529,"fclass":"beauty_shop","name":null},"geometry":{"type":"Point","coordinates":[79.9176681,6.9968323]}},
{"type":"Feature","properties":{"osm_id":"5223431922","code":2529,"fclass":"beauty_shop","name":null},"geometry":{"type":"Point","coordinates":[79.8928858,6.9893394]}},
{"type":"Feature","properties":{"osm_id":"5223431923","code":2529,"fclass":"beauty_shop","name":null},"geometry":{"type":"Point","coordinates":[79.8602363,7.2662214]}},
{"type":"Feature","properties":{"osm_id":"5223432121","code":2529,"fclass":"beauty_shop","name":null},"geometry":{"type":"Point","coordinates":[79.8831316,7.1651109]}},
{"type":"Feature","properties":{"osm_id":"5223432421","code":2529,"fclass":"beauty_shop","name":null},"geometry":{"type":"Point","coordinates":[79.8590406,7.2648709]}},
{"type":"Feature","properties":{"osm_id":"5227664921","code":2512,"fclass":"clothes","name":null},"geometry":{"type":"Point","coordinates":[79.9188373,6.6936533]}},
{"type":"Feature","properties":{"osm_id":"5227665121","code":2529,"fclass":"beauty_shop","name":null},"geometry":{"type":"Point","coordinates":[79.9420841,6.7067017]}},
{"type":"Feature","properties":{"osm_id":"5239128487","code":2501,"fclass":"supermarket","name":"Cargills Food City"},"geometry":{"type":"Point","coordinates":[79.9709692,7.0175693]}},
{"type":"Feature","properties":{"osm_id":"5239128730","code":2501,"fclass":"supermarket","name":"Arpico Super Store"},"geometry":{"type":"Point","coordinates":[80.0299842,7.0831177]}},
{"type":"Feature","properties":{"osm_id":"5242147922","code":2501,"fclass":"supermarket","name":null},"geometry":{"type":"Point","coordinates":[79.8778493,6.9155279]}},
{"type":"Feature","properties":{"osm_id":"5242381797","code":2526,"fclass":"toy_shop","name":"Kids Land"},"geometry":{"type":"Point","coordinates":[79.8849596,6.9111006]}},
{"type":"Feature","properties":{"osm_id":"5255889391","code":2501,"fclass":"supermarket","name":"Sathosa"},"geometry":{"type":"Point","coordinates":[79.9023466,6.9850913]}},
{"type":"Feature","properties":{"osm_id":"5255899029","code":2512,"fclass":"clothes","name":"Thilakawardena"},"geometry":{"type":"Point","coordinates":[79.9251569,6.9764566]}},
{"type":"Feature","properties":{"osm_id":"5257111032","code":2501,"fclass":"supermarket","name":"Lucky Stores"},"geometry":{"type":"Point","coordinates":[80.0761837,7.2030225]}},
{"type":"Feature","properties":{"osm_id":"5273177222","code":2521,"fclass":"gift_shop","name":null},"geometry":{"type":"Point","coordinates":[79.9753592,6.9216519]}},
{"type":"Feature","properties":{"osm_id":"5283499522","code":2529,"fclass":"beauty_shop","name":null},"geometry":{"type":"Point","coordinates":[79.9113048,7.1832644]}},
{"type":"Feature","properties":{"osm_id":"5317654428","code":2501,"fclass":"supermarket","name":null},"geometry":{"type":"Point","coordinates":[79.8629655,6.8333578]}},
{"type":"Feature","properties":{"osm_id":"5333148621","code":2501,"fclass":"supermarket","name":null},"geometry":{"type":"Point","coordinates":[79.8405923,7.2059458]}},
{"type":"Feature","properties":{"osm_id":"5340315677","code":2501,"fclass":"supermarket","name":"Arpico daily"},"geometry":{"type":"Point","coordinates":[79.9614873,6.829515]}},
{"type":"Feature","properties":{"osm_id":"5342386623","code":2512,"fclass":"clothes","name":null},"geometry":{"type":"Point","coordinates":[79.8487046,6.9338497]}},
{"type":"Feature","properties":{"osm_id":"5362879522","code":2515,"fclass":"bookshop","name":null},"geometry":{"type":"Point","coordinates":[80.178472,6.6488661]}},
{"type":"Feature","properties":{"osm_id":"5377949108","code":2501,"fclass":"supermarket","name":"Cargills Food City"},"geometry":{"type":"Point","coordinates":[79.8744354,6.9941658]}},
{"type":"Feature","properties":{"osm_id":"5393586224","code":2529,"fclass":"beauty_shop","name":null},"geometry":{"type":"Point","coordinates":[79.9112334,7.1832257]}},
{"type":"Feature","properties":{"osm_id":"5396117953","code":2501,"fclass":"supermarket","name":"Cargills Food City"},"geometry":{"type":"Point","coordinates":[79.9298929,6.9071545]}},
{"type":"Feature","properties":{"osm_id":"5398000221","code":2529,"fclass":"beauty_shop","name":null},"geometry":{"type":"Point","coordinates":[80.0568827,7.1110048]}},
{"type":"Feature","properties":{"osm_id":"5406372921","code":2501,"fclass":"supermarket","name":null},"geometry":{"type":"Point","coordinates":[79.989569,6.877695]}},
{"type":"Feature","properties":{"osm_id":"5406372922","code":2101,"fclass":"pharmacy","name":null},"geometry":{"type":"Point","coordinates":[79.989715,6.8775]}},
{"type":"Feature","properties":{"osm_id":"5413916948","code":2501,"fclass":"supermarket","name":"Sathosa"},"geometry":{"type":"Point","coordinates":[79.9075492,6.7189889]}},
{"type":"Feature","properties":{"osm_id":"5413923879","code":2501,"fclass":"supermarket","name":"Cargilles FoodCity"},"geometry":{"type":"Point","coordinates":[79.9076574,6.7197136]}},
{"type":"Feature","properties":{"osm_id":"5424662121","code":2501,"fclass":"supermarket","name":"Keels Super"},"geometry":{"type":"Point","coordinates":[79.8610403,6.9484192]}},
{"type":"Feature","properties":{"osm_id":"5425859763","code":2512,"fclass":"clothes","name":"Aurora Wattala"},"geometry":{"type":"Point","coordinates":[79.8903421,6.9871505]}},
{"type":"Feature","properties":{"osm_id":"5425864308","code":2101,"fclass":"pharmacy","name":"Union Chemists"},"geometry":{"type":"Point","coordinates":[79.8903476,6.9872702]}},
{"type":"Feature","properties":{"osm_id":"5428537145","code":2529,"fclass":"beauty_shop","name":null},"geometry":{"type":"Point","coordinates":[79.9217682,7.0304503]}},
{"type":"Feature","properties":{"osm_id":"5430937621","code":2520,"fclass":"jeweller","name":null},"geometry":{"type":"Point","coordinates":[79.849082,6.9139096]}},
{"type":"Feature","properties":{"osm_id":"5462631423","code":2529,"fclass":"beauty_shop","name":null},"geometry":{"type":"Point","coordinates":[79.9116012,7.1830985]}},
{"type":"Feature","properties":{"osm_id":"5471242062","code":2529,"fclass":"beauty_shop","name":null},"geometry":{"type":"Point","coordinates":[79.9005609,7.1397405]}},
{"type":"Feature","properties":{"osm_id":"5480013522","code":2501,"fclass":"supermarket","name":"Keels Super Wellampitiya"},"geometry":{"type":"Point","coordinates":[79.9032676,6.9371923]}},
{"type":"Feature","properties":{"osm_id":"5505424022","code":2512,"fclass":"clothes","name":null},"geometry":{"type":"Point","coordinates":[79.9897673,7.0722965]}},
{"type":"Feature","properties":{"osm_id":"5507187924","code":2501,"fclass":"supermarket","name":null},"geometry":{"type":"Point","coordinates":[79.9877028,6.71313]}},
{"type":"Feature","properties":{"osm_id":"5516747126","code":2512,"fclass":"clothes","name":"Reebok"},"geometry":{"type":"Point","coordinates":[79.8580924,6.8963951]}},
{"type":"Feature","properties":{"osm_id":"5537018172","code":2101,"fclass":"pharmacy","name":"Indoor Dispensary"},"geometry":{"type":"Point","coordinates":[79.9201418,6.8384373]}},
{"type":"Feature","properties":{"osm_id":"5558531821","code":2515,"fclass":"bookshop","name":null},"geometry":{"type":"Point","coordinates":[79.8400744,7.2115465]}},
{"type":"Feature","properties":{"osm_id":"5558531822","code":2515,"fclass":"bookshop","name":null},"geometry":{"type":"Point","coordinates":[79.8405254,7.2101227]}},
{"type":"Feature","properties":{"osm_id":"5558531921","code":2101,"fclass":"pharmacy","name":null},"geometry":{"type":"Point","coordinates":[79.840222,7.2109825]}},
{"type":"Feature","properties":{"osm_id":"5560647922","code":2501,"fclass":"supermarket","name":null},"geometry":{"type":"Point","coordinates":[79.8414376,7.2345513]}},
{"type":"Feature","properties":{"osm_id":"5560648122","code":2501,"fclass":"supermarket","name":null},"geometry":{"type":"Point","coordinates":[79.8408604,7.2260203]}},
{"type":"Feature","properties":{"osm_id":"5566785028","code":2501,"fclass":"supermarket","name":"Cargills Food City"},"geometry":{"type":"Point","coordinates":[79.8593178,6.9487783]}},
{"type":"Feature","properties":{"osm_id":"5581857830","code":2529,"fclass":"beauty_shop","name":null},"geometry":{"type":"Point","coordinates":[80.2113341,6.953809]}},
{"type":"Feature","properties":{"osm_id":"5581871225","code":2529,"fclass":"beauty_shop","name":null},"geometry":{"type":"Point","coordinates":[79.9178945,6.8182646]}},
{"type":"Feature","properties":{"osm_id":"5592205622","code":2501,"fclass":"supermarket","name":null},"geometry":{"type":"Point","coordinates":[79.8444971,6.933731]}},
{"type":"Feature","properties":{"osm_id":"5602384931","code":2501,"fclass":"supermarket","name":"Cargills Food City"},"geometry":{"type":"Point","coordinates":[79.8860365,7.1733389]}},
{"type":"Feature","properties":{"osm_id":"5616352966","code":2517,"fclass":"shoe_shop","name":"Bata"},"geometry":{"type":"Point","coordinates":[79.867163,6.8326908]}},
{"type":"Feature","properties":{"osm_id":"5632203229","code":2529,"fclass":"beauty_shop","name":"Salon Elegance"},"geometry":{"type":"Point","coordinates":[79.8672447,6.8324638]}},
{"type":"Feature","properties":{"osm_id":"5643841521","code":2501,"fclass":"supermarket","name":"Sahan Agro Organic Supermarket"},"geometry":{"type":"Point","coordinates":[79.9841276,6.8802823]}},
{"type":"Feature","properties":{"osm_id":"5653338422","code":2501,"fclass":"supermarket","name":null},"geometry":{"type":"Point","coordinates":[79.8650179,6.9248877]}},
{"type":"Feature","properties":{"osm_id":"5653592821","code":2512,"fclass":"clothes","name":null},"geometry":{"type":"Point","coordinates":[79.847376,6.9366956]}},
{"type":"Feature","properties":{"osm_id":"5656313122","code":2529,"fclass":"beauty_shop","name":null},"geometry":{"type":"Point","coordinates":[80.0918816,6.842592]}},
{"type":"Feature","properties":{"osm_id":"5656322921","code":2529,"fclass":"beauty_shop","name":"Jenitas"},"geometry":{"type":"Point","coordinates":[79.9027682,6.8843189]}},
{"type":"Feature","properties":{"osm_id":"5656322925","code":2529,"fclass":"beauty_shop","name":null},"geometry":{"type":"Point","coordinates":[80.0317296,6.8516483]}},
{"type":"Feature","properties":{"osm_id":"5656323623","code":2529,"fclass":"beauty_shop","name":null},"geometry":{"type":"Point","coordinates":[80.0221586,6.8401938]}},
{"type":"Feature","properties":{"osm_id":"5656323624","code":2529,"fclass":"beauty_shop","name":"Sandaru Gift & Flora"},"geometry":{"type":"Point","coordinates":[80.0907994,6.8409993]}},
{"type":"Feature","properties":{"osm_id":"5658510422","code":2501,"fclass":"supermarket","name":null},"geometry":{"type":"Point","coordinates":[79.8540663,6.9349191]}},
{"type":"Feature","properties":{"osm_id":"5714507312","code":2515,"fclass":"bookshop","name":"Astan"},"geometry":{"type":"Point","coordinates":[79.8593649,6.8774614]}},
{"type":"Feature","properties":{"osm_id":"5729337751","code":2501,"fclass":"supermarket","name":"Keels Super"},"geometry":{"type":"Point","coordinates":[79.9182667,6.9358726]}},
{"type":"Feature","properties":{"osm_id":"5732223981","code":2515,"fclass":"bookshop","name":"Loyal Publications"},"geometry":{"type":"Point","coordinates":[79.8584701,6.9399211]}},
{"type":"Feature","properties":{"osm_id":"5755169340","code":2501,"fclass":"supermarket","name":"Keells Super"},"geometry":{"type":"Point","coordinates":[79.8860353,6.9967957]}},
{"type":"Feature","properties":{"osm_id":"5759662624","code":2529,"fclass":"beauty_shop","name":null},"geometry":{"type":"Point","coordinates":[79.9232539,6.8012653]}},
{"type":"Feature","properties":{"osm_id":"5770389500","code":2529,"fclass":"beauty_shop","name":"Farhath Mehendi"},"geometry":{"type":"Point","coordinates":[79.8663318,6.8634216]}},
{"type":"Feature","properties":{"osm_id":"5777273653","code":2501,"fclass":"supermarket","name":null},"geometry":{"type":"Point","coordinates":[79.852906,6.9321998]}},
{"type":"Feature","properties":{"osm_id":"5779152053","code":2501,"fclass":"supermarket","name":"Cargills Food City"},"geometry":{"type":"Point","coordinates":[79.8670954,6.9257294]}},
{"type":"Feature","properties":{"osm_id":"5779869299","code":2501,"fclass":"supermarket","name":"??????(????????)????? -???? ????????"},"geometry":{"type":"Point","coordinates":[79.9097517,6.8866483]}},
{"type":"Feature","properties":{"osm_id":"5785514554","code":2504,"fclass":"mall","name":"Marino Mall"},"geometry":{"type":"Point","coordinates":[79.8531687,6.9003943]}},
{"type":"Feature","properties":{"osm_id":"5817985054","code":2513,"fclass":"florist","name":null},"geometry":{"type":"Point","coordinates":[79.8483038,7.2510264]}},
{"type":"Feature","properties":{"osm_id":"5860233785","code":2521,"fclass":"gift_shop","name":"Diana Souvenirs"},"geometry":{"type":"Point","coordinates":[79.8421256,7.247299]}},
{"type":"Feature","properties":{"osm_id":"5904957302","code":2501,"fclass":"supermarket","name":"Food City Ja Ela"},"geometry":{"type":"Point","coordinates":[79.8954009,7.0820303]}},
{"type":"Feature","properties":{"osm_id":"5963177787","code":2517,"fclass":"shoe_shop","name":null},"geometry":{"type":"Point","coordinates":[79.8566516,6.9108452]}},
{"type":"Feature","properties":{"osm_id":"5981218685","code":2501,"fclass":"supermarket","name":null},"geometry":{"type":"Point","coordinates":[79.949625,7.0024346]}},
{"type":"Feature","properties":{"osm_id":"5981233288","code":2501,"fclass":"supermarket","name":null},"geometry":{"type":"Point","coordinates":[79.9115441,6.9690669]}},
{"type":"Feature","properties":{"osm_id":"5981239985","code":2501,"fclass":"supermarket","name":"Cargills Food City"},"geometry":{"type":"Point","coordinates":[79.9068139,6.9670399]}},
{"type":"Feature","properties":{"osm_id":"6015444883","code":2016,"fclass":"market_place","name":null},"geometry":{"type":"Point","coordinates":[79.8542524,6.9366059]}},
{"type":"Feature","properties":{"osm_id":"6025156124","code":2501,"fclass":"supermarket","name":"Keels Super"},"geometry":{"type":"Point","coordinates":[79.92723,6.93176]}},
{"type":"Feature","properties":{"osm_id":"6111125387","code":2566,"fclass":"bicycle_rental","name":"Bike Rental Sri Lanka"},"geometry":{"type":"Point","coordinates":[79.9396425,7.0226239]}},
{"type":"Feature","properties":{"osm_id":"6123169689","code":2512,"fclass":"clothes","name":null},"geometry":{"type":"Point","coordinates":[79.8685432,6.8909374]}},
{"type":"Feature","properties":{"osm_id":"6139828087","code":2501,"fclass":"supermarket","name":"Aache Food Center"},"geometry":{"type":"Point","coordinates":[79.8659907,6.8740722]}},
{"type":"Feature","properties":{"osm_id":"6139833711","code":2512,"fclass":"clothes","name":"Fashion Bug"},"geometry":{"type":"Point","coordinates":[79.8600194,6.8780917]}},
{"type":"Feature","properties":{"osm_id":"6139834475","code":2101,"fclass":"pharmacy","name":"New pettah pharmacy"},"geometry":{"type":"Point","coordinates":[79.8694991,6.8770152]}},
{"type":"Feature","properties":{"osm_id":"6158460434","code":2512,"fclass":"clothes","name":"The Outlet Store"},"geometry":{"type":"Point","coordinates":[79.8579684,6.896278]}},
{"type":"Feature","properties":{"osm_id":"6160326135","code":2101,"fclass":"pharmacy","name":"Guardian drugs"},"geometry":{"type":"Point","coordinates":[79.8658933,6.8752343]}},
{"type":"Feature","properties":{"osm_id":"6160327842","code":2523,"fclass":"stationery","name":null},"geometry":{"type":"Point","coordinates":[79.8693097,6.8784414]}},
{"type":"Feature","properties":{"osm_id":"6164877107","code":2517,"fclass":"shoe_shop","name":"Clarks"},"geometry":{"type":"Point","coordinates":[79.8581409,6.896442]}},
{"type":"Feature","properties":{"osm_id":"6166073981","code":2529,"fclass":"beauty_shop","name":"Lotus Wellness Spa"},"geometry":{"type":"Point","coordinates":[79.8610777,6.8952475]}},
{"type":"Feature","properties":{"osm_id":"6167545071","code":2101,"fclass":"pharmacy","name":"Kamal Stores"},"geometry":{"type":"Point","coordinates":[79.8497761,6.9357607]}},
{"type":"Feature","properties":{"osm_id":"6167756099","code":2101,"fclass":"pharmacy","name":null},"geometry":{"type":"Point","coordinates":[79.8272949,7.1640545]}},
{"type":"Feature","properties":{"osm_id":"6170269685","code":2101,"fclass":"pharmacy","name":"Thalahena Pharmacy"},"geometry":{"type":"Point","coordinates":[79.8265791,7.1653487]}},
{"type":"Feature","properties":{"osm_id":"6192557892","code":2501,"fclass":"supermarket","name":"Cargills Food City"},"geometry":{"type":"Point","coordinates":[79.8865096,6.7911184]}},
{"type":"Feature","properties":{"osm_id":"6192568695","code":2501,"fclass":"supermarket","name":null},"geometry":{"type":"Point","coordinates":[79.8891203,6.7857503]}},
{"type":"Feature","properties":{"osm_id":"6246884485","code":2512,"fclass":"clothes","name":null},"geometry":{"type":"Point","coordinates":[79.8511415,6.907496]}},
{"type":"Feature","properties":{"osm_id":"6251411175","code":2512,"fclass":"clothes","name":"Skit Digital video production house"},"geometry":{"type":"Point","coordinates":[79.9799134,6.5621185]}},
{"type":"Feature","properties":{"osm_id":"6263106778","code":2501,"fclass":"supermarket","name":"Cargills Food City"},"geometry":{"type":"Point","coordinates":[80.1229022,7.1675539]}},
{"type":"Feature","properties":{"osm_id":"6263107009","code":2501,"fclass":"supermarket","name":"Saman Stores"},"geometry":{"type":"Point","coordinates":[80.1291451,7.1551458]}},
{"type":"Feature","properties":{"osm_id":"6296619688","code":2563,"fclass":"car_rental","name":null},"geometry":{"type":"Point","coordinates":[79.8408438,7.2264603]}},
{"type":"Feature","properties":{"osm_id":"6322702565","code":2101,"fclass":"pharmacy","name":"Kandy Pharmacy"},"geometry":{"type":"Point","coordinates":[79.8783207,6.9320532]}},
{"type":"Feature","properties":{"osm_id":"6322703225","code":2517,"fclass":"shoe_shop","name":"Bata"},"geometry":{"type":"Point","coordinates":[79.9276726,6.8931591]}},
{"type":"Feature","properties":{"osm_id":"6324478594","code":2512,"fclass":"clothes","name":"Arista"},"geometry":{"type":"Point","coordinates":[79.9262131,6.8937181]}},
{"type":"Feature","properties":{"osm_id":"6324478595","code":2512,"fclass":"clothes","name":"Mags"},"geometry":{"type":"Point","coordinates":[79.9265352,6.8936515]}},
{"type":"Feature","properties":{"osm_id":"6324929782","code":2521,"fclass":"gift_shop","name":"Miniso"},"geometry":{"type":"Point","coordinates":[79.8440585,6.9334231]}},
{"type":"Feature","properties":{"osm_id":"6331797655","code":2501,"fclass":"supermarket","name":"215 Market"},"geometry":{"type":"Point","coordinates":[79.8515752,6.9383673]}},
{"type":"Feature","properties":{"osm_id":"6335611949","code":2101,"fclass":"pharmacy","name":null},"geometry":{"type":"Point","coordinates":[79.8939883,6.9013032]}},
{"type":"Feature","properties":{"osm_id":"6336766653","code":2101,"fclass":"pharmacy","name":"Jeewaka"},"geometry":{"type":"Point","coordinates":[79.9349986,6.8758252]}},
{"type":"Feature","properties":{"osm_id":"6336769732","code":2101,"fclass":"pharmacy","name":"Healthguard"},"geometry":{"type":"Point","coordinates":[79.9334565,6.8745431]}},
{"type":"Feature","properties":{"osm_id":"6339837085","code":2542,"fclass":"bicycle_shop","name":null},"geometry":{"type":"Point","coordinates":[79.8426065,7.2121629]}},
{"type":"Feature","properties":{"osm_id":"6340898188","code":2512,"fclass":"clothes","name":"Lakma Uniforms"},"geometry":{"type":"Point","coordinates":[79.9079337,6.869521]}},
{"type":"Feature","properties":{"osm_id":"6341239386","code":2542,"fclass":"bicycle_shop","name":"Indika Cycle Trade Center"},"geometry":{"type":"Point","coordinates":[79.9342713,6.8805698]}},
{"type":"Feature","properties":{"osm_id":"6341727274","code":2512,"fclass":"clothes","name":"Shreedevi Batik"},"geometry":{"type":"Point","coordinates":[79.8542603,6.8968066]}},
{"type":"Feature","properties":{"osm_id":"6344273687","code":2101,"fclass":"pharmacy","name":"City Health Pharmacy"},"geometry":{"type":"Point","coordinates":[79.9354281,6.8767645]}},
{"type":"Feature","properties":{"osm_id":"6346389113","code":2512,"fclass":"clothes","name":"Naithi"},"geometry":{"type":"Point","coordinates":[79.9349653,6.8762183]}},
{"type":"Feature","properties":{"osm_id":"6346389719","code":2542,"fclass":"bicycle_shop","name":"City Cycle Store"},"geometry":{"type":"Point","coordinates":[79.8561083,6.9391144]}},
{"type":"Feature","properties":{"osm_id":"6347595909","code":2513,"fclass":"florist","name":"The Flower"},"geometry":{"type":"Point","coordinates":[79.9238969,6.8954233]}},
{"type":"Feature","properties":{"osm_id":"6347596064","code":2513,"fclass":"florist","name":"Thilak"},"geometry":{"type":"Point","coordinates":[79.9259527,6.8934498]}},
{"type":"Feature","properties":{"osm_id":"6351566703","code":2512,"fclass":"clothes","name":null},"geometry":{"type":"Point","coordinates":[79.8950238,6.8748524]}},
{"type":"Feature","properties":{"osm_id":"6351568703","code":2529,"fclass":"beauty_shop","name":"Tong Ni Spa"},"geometry":{"type":"Point","coordinates":[79.8518186,6.9050627]}},
{"type":"Feature","properties":{"osm_id":"6354466446","code":2512,"fclass":"clothes","name":"Leezza Factory Outlet"},"geometry":{"type":"Point","coordinates":[79.9215623,6.8789451]}},
{"type":"Feature","properties":{"osm_id":"6356154391","code":2501,"fclass":"supermarket","name":"Keells"},"geometry":{"type":"Point","coordinates":[79.9343512,6.8748537]}},
{"type":"Feature","properties":{"osm_id":"6357580198","code":2512,"fclass":"clothes","name":"Wedding Dreams"},"geometry":{"type":"Point","coordinates":[79.856744,6.8958668]}},
{"type":"Feature","properties":{"osm_id":"6360047603","code":2515,"fclass":"bookshop","name":null},"geometry":{"type":"Point","coordinates":[79.8593907,6.9343447]}},
{"type":"Feature","properties":{"osm_id":"6372217686","code":2542,"fclass":"bicycle_shop","name":"Bicycle repair shop"},"geometry":{"type":"Point","coordinates":[79.8709581,6.8899993]}},
{"type":"Feature","properties":{"osm_id":"6373741341","code":2517,"fclass":"shoe_shop","name":"DI Showroom"},"geometry":{"type":"Point","coordinates":[79.949183,6.9056266]}},
{"type":"Feature","properties":{"osm_id":"6373885568","code":2517,"fclass":"shoe_shop","name":"Royal"},"geometry":{"type":"Point","coordinates":[79.9349278,6.8761658]}},
{"type":"Feature","properties":{"osm_id":"6373886741","code":2101,"fclass":"pharmacy","name":"Jeewaka"},"geometry":{"type":"Point","coordinates":[79.9344468,6.8809104]}},
{"type":"Feature","properties":{"osm_id":"6373887431","code":2515,"fclass":"bookshop","name":"Ola Bookshop & Publisher"},"geometry":{"type":"Point","coordinates":[79.9350739,6.8772253]}},
{"type":"Feature","properties":{"osm_id":"6373887432","code":2101,"fclass":"pharmacy","name":"Pearl Pharmacy"},"geometry":{"type":"Point","coordinates":[79.9350717,6.8771767]}},
{"type":"Feature","properties":{"osm_id":"6373888509","code":2101,"fclass":"pharmacy","name":null},"geometry":{"type":"Point","coordinates":[79.9344201,6.8746072]}},
{"type":"Feature","properties":{"osm_id":"6375296002","code":2529,"fclass":"beauty_shop","name":"Beauty Zone"},"geometry":{"type":"Point","coordinates":[79.9286765,6.8927144]}},
{"type":"Feature","properties":{"osm_id":"6376148877","code":2501,"fclass":"supermarket","name":"Cargills Food City"},"geometry":{"type":"Point","coordinates":[79.9566395,6.9016582]}},
{"type":"Feature","properties":{"osm_id":"6377112914","code":2523,"fclass":"stationery","name":"Priyanthi Bookshop"},"geometry":{"type":"Point","coordinates":[79.9285845,6.8927588]}},
{"type":"Feature","properties":{"osm_id":"6377113788","code":2101,"fclass":"pharmacy","name":"Sands Pharmacy"},"geometry":{"type":"Point","coordinates":[79.9011667,6.8842051]}},
{"type":"Feature","properties":{"osm_id":"6380250648","code":2512,"fclass":"clothes","name":"Hameedia"},"geometry":{"type":"Point","coordinates":[79.9314574,6.8880834]}},
{"type":"Feature","properties":{"osm_id":"6380250661","code":2522,"fclass":"sports_shop","name":"Adidas"},"geometry":{"type":"Point","coordinates":[79.9290287,6.8898527]}},
{"type":"Feature","properties":{"osm_id":"6380250664","code":2517,"fclass":"shoe_shop","name":"DSI"},"geometry":{"type":"Point","coordinates":[79.9299911,6.8885158]}},
{"type":"Feature","properties":{"osm_id":"6380250665","code":2517,"fclass":"shoe_shop","name":"Diana Shoes"},"geometry":{"type":"Point","coordinates":[79.9287105,6.892039]}},
{"type":"Feature","properties":{"osm_id":"6380250666","code":2512,"fclass":"clothes","name":"Cotton Collection"},"geometry":{"type":"Point","coordinates":[79.931788,6.8883683]}},
{"type":"Feature","properties":{"osm_id":"6380250686","code":2512,"fclass":"clothes","name":"Sunimal's"},"geometry":{"type":"Point","coordinates":[79.9287031,6.8919457]}},
{"type":"Feature","properties":{"osm_id":"6380609988","code":2513,"fclass":"florist","name":"Green Gardens"},"geometry":{"type":"Point","coordinates":[79.9255877,6.8938799]}},
{"type":"Feature","properties":{"osm_id":"6390214727","code":2512,"fclass":"clothes","name":"KidzWorld"},"geometry":{"type":"Point","coordinates":[79.9335386,6.8748568]}},
{"type":"Feature","properties":{"osm_id":"6390215085","code":2512,"fclass":"clothes","name":"Diliganz"},"geometry":{"type":"Point","coordinates":[79.8530257,6.9003587]}},
{"type":"Feature","properties":{"osm_id":"6392343785","code":2521,"fclass":"gift_shop","name":null},"geometry":{"type":"Point","coordinates":[79.8423007,7.2430575]}},
{"type":"Feature","properties":{"osm_id":"6392343786","code":2520,"fclass":"jeweller","name":null},"geometry":{"type":"Point","coordinates":[79.8423803,7.242792]}},
{"type":"Feature","properties":{"osm_id":"6397547072","code":2529,"fclass":"beauty_shop","name":"Salon Fashion Forward"},"geometry":{"type":"Point","coordinates":[79.9324877,6.8916696]}},
{"type":"Feature","properties":{"osm_id":"6400151685","code":2512,"fclass":"clothes","name":null},"geometry":{"type":"Point","coordinates":[79.8659304,6.9266353]}},
{"type":"Feature","properties":{"osm_id":"6400155185","code":2512,"fclass":"clothes","name":null},"geometry":{"type":"Point","coordinates":[79.8659863,6.9265854]}},
{"type":"Feature","properties":{"osm_id":"6461327340","code":2513,"fclass":"florist","name":"The Little Green"},"geometry":{"type":"Point","coordinates":[79.9317969,6.8880252]}},
{"type":"Feature","properties":{"osm_id":"6467962406","code":2501,"fclass":"supermarket","name":"Good Market"},"geometry":{"type":"Point","coordinates":[79.9228917,6.8977527]}},
{"type":"Feature","properties":{"osm_id":"6479735985","code":2515,"fclass":"bookshop","name":null},"geometry":{"type":"Point","coordinates":[79.8640083,6.9092869]}},
{"type":"Feature","properties":{"osm_id":"6486926322","code":2101,"fclass":"pharmacy","name":"Isuru Pharmacy"},"geometry":{"type":"Point","coordinates":[79.9170209,6.9020413]}},
{"type":"Feature","properties":{"osm_id":"6491644416","code":2512,"fclass":"clothes","name":"ZUZI, Clothing Store"},"geometry":{"type":"Point","coordinates":[79.8625566,6.9473427]}},
{"type":"Feature","properties":{"osm_id":"6499623594","code":2101,"fclass":"pharmacy","name":"Healthguard"},"geometry":{"type":"Point","coordinates":[79.8968442,6.8747127]}},
{"type":"Feature","properties":{"osm_id":"6501846424","code":2512,"fclass":"clothes","name":"Turret"},"geometry":{"type":"Point","coordinates":[79.853532,6.9124828]}},
{"type":"Feature","properties":{"osm_id":"6514549862","code":2512,"fclass":"clothes","name":"Linda Fashion"},"geometry":{"type":"Point","coordinates":[79.9017025,6.8840631]}},
{"type":"Feature","properties":{"osm_id":"6514567438","code":2512,"fclass":"clothes","name":"Harborend"},"geometry":{"type":"Point","coordinates":[79.9014582,6.8841053]}},
{"type":"Feature","properties":{"osm_id":"6517335039","code":2517,"fclass":"shoe_shop","name":"Bata"},"geometry":{"type":"Point","coordinates":[79.9203575,6.9029342]}},
{"type":"Feature","properties":{"osm_id":"6517417557","code":2542,"fclass":"bicycle_shop","name":"Yasasiru Dealers"},"geometry":{"type":"Point","coordinates":[79.9210692,6.9005896]}},
{"type":"Feature","properties":{"osm_id":"6517426435","code":2512,"fclass":"clothes","name":"Summer Design"},"geometry":{"type":"Point","coordinates":[79.9203149,6.9029072]}},
{"type":"Feature","properties":{"osm_id":"6517426436","code":2523,"fclass":"stationery","name":"Satharaka Book Shop"},"geometry":{"type":"Point","coordinates":[79.919783,6.9020444]}},
{"type":"Feature","properties":{"osm_id":"6517438505","code":2101,"fclass":"pharmacy","name":null},"geometry":{"type":"Point","coordinates":[79.9198373,6.9012975]}},
{"type":"Feature","properties":{"osm_id":"6517446036","code":2512,"fclass":"clothes","name":"The Lingerie Shop"},"geometry":{"type":"Point","coordinates":[79.9204629,6.900704]}},
{"type":"Feature","properties":{"osm_id":"6531561947","code":2512,"fclass":"clothes","name":"Reechillie"},"geometry":{"type":"Point","coordinates":[79.9293537,6.9077715]}},
{"type":"Feature","properties":{"osm_id":"6548789646","code":2501,"fclass":"supermarket","name":"Upeka Super"},"geometry":{"type":"Point","coordinates":[79.9358152,6.8160513]}},
{"type":"Feature","properties":{"osm_id":"6548819883","code":2101,"fclass":"pharmacy","name":"Kotahena Chemist"},"geometry":{"type":"Point","coordinates":[79.8621525,6.9481185]}},
{"type":"Feature","properties":{"osm_id":"6549065102","code":2542,"fclass":"bicycle_shop","name":"Spinner"},"geometry":{"type":"Point","coordinates":[79.9256735,6.8774225]}},
{"type":"Feature","properties":{"osm_id":"6550823388","code":2526,"fclass":"toy_shop","name":"Kidz World"},"geometry":{"type":"Point","coordinates":[79.9335647,6.8748523]}},
{"type":"Feature","properties":{"osm_id":"6550828935","code":2512,"fclass":"clothes","name":"Walkerslines"},"geometry":{"type":"Point","coordinates":[79.9117066,6.9034027]}},
{"type":"Feature","properties":{"osm_id":"6556102931","code":2512,"fclass":"clothes","name":"Bunheads Dance Boutique"},"geometry":{"type":"Point","coordinates":[79.8512211,6.9088638]}},
{"type":"Feature","properties":{"osm_id":"6560542992","code":2542,"fclass":"bicycle_shop","name":null},"geometry":{"type":"Point","coordinates":[79.9140999,6.8718811]}},
{"type":"Feature","properties":{"osm_id":"6562524057","code":2101,"fclass":"pharmacy","name":"City Pharmacy & Grocery"},"geometry":{"type":"Point","coordinates":[79.9106384,6.8673083]}},
{"type":"Feature","properties":{"osm_id":"6562581179","code":2101,"fclass":"pharmacy","name":"Dewmini Pharmacy"},"geometry":{"type":"Point","coordinates":[79.9106603,6.8668971]}},
{"type":"Feature","properties":{"osm_id":"6563338443","code":2520,"fclass":"jeweller","name":"Renelle Jewellery"},"geometry":{"type":"Point","coordinates":[79.8494823,6.9076086]}},
{"type":"Feature","properties":{"osm_id":"6582415433","code":2513,"fclass":"florist","name":"Rumesh Flora"},"geometry":{"type":"Point","coordinates":[79.8645373,6.9225179]}},
{"type":"Feature","properties":{"osm_id":"6594676559","code":2501,"fclass":"supermarket","name":"Cargills Food City"},"geometry":{"type":"Point","coordinates":[79.9597669,6.8794816]}},
{"type":"Feature","properties":{"osm_id":"6615707634","code":2512,"fclass":"clothes","name":"Mister's Secret Sri Lanka"},"geometry":{"type":"Point","coordinates":[79.8978408,6.7597941]}},
{"type":"Feature","properties":{"osm_id":"6615707637","code":2512,"fclass":"clothes","name":"Thread line Sports apparel"},"geometry":{"type":"Point","coordinates":[79.9006754,6.7607456]}},
{"type":"Feature","properties":{"osm_id":"6615707639","code":2504,"fclass":"mall","name":"ColomboDirect"},"geometry":{"type":"Point","coordinates":[79.8979878,6.7592015]}},
{"type":"Feature","properties":{"osm_id":"6615707641","code":2521,"fclass":"gift_shop","name":"Minda Gifts"},"geometry":{"type":"Point","coordinates":[79.899242,6.7593368]}},
{"type":"Feature","properties":{"osm_id":"6615707646","code":2520,"fclass":"jeweller","name":"ND Gold House"},"geometry":{"type":"Point","coordinates":[79.9037437,6.757962]}},
{"type":"Feature","properties":{"osm_id":"6615707673","code":2512,"fclass":"clothes","name":"Lal Batik"},"geometry":{"type":"Point","coordinates":[79.9127769,6.7567561]}},
{"type":"Feature","properties":{"osm_id":"6615707678","code":2529,"fclass":"beauty_shop","name":"Salon K Style"},"geometry":{"type":"Point","coordinates":[79.9142526,6.7554947]}},
{"type":"Feature","properties":{"osm_id":"6615707683","code":2523,"fclass":"stationery","name":"Presh Creations"},"geometry":{"type":"Point","coordinates":[79.9159475,6.7537904]}},
{"type":"Feature","properties":{"osm_id":"6615719512","code":2515,"fclass":"bookshop","name":"Hameed Book Centre"},"geometry":{"type":"Point","coordinates":[79.8776539,6.9720869]}},
{"type":"Feature","properties":{"osm_id":"6615719516","code":2515,"fclass":"bookshop","name":"M.S Book Shop & Communication"},"geometry":{"type":"Point","coordinates":[79.8770523,6.9765765]}},
{"type":"Feature","properties":{"osm_id":"6615719518","code":2515,"fclass":"bookshop","name":"Mizpah Christian Book Shop"},"geometry":{"type":"Point","coordinates":[79.8759002,6.9733926]}},
{"type":"Feature","properties":{"osm_id":"6615719534","code":2512,"fclass":"clothes","name":"Jevonz Fashion"},"geometry":{"type":"Point","coordinates":[79.8604952,6.9594342]}},
{"type":"Feature","properties":{"osm_id":"6615719535","code":2523,"fclass":"stationery","name":"Carmen De Mel Book Shop"},"geometry":{"type":"Point","coordinates":[79.862578,6.9617953]}},
{"type":"Feature","properties":{"osm_id":"6615719543","code":2512,"fclass":"clothes","name":"Unique point"},"geometry":{"type":"Point","coordinates":[79.8636379,6.962884]}},
{"type":"Feature","properties":{"osm_id":"6615719989","code":2529,"fclass":"beauty_shop","name":"Joy Saloon"},"geometry":{"type":"Point","coordinates":[79.871661,6.9725794]}},
{"type":"Feature","properties":{"osm_id":"6615719990","code":2529,"fclass":"beauty_shop","name":"Niru Ayurveda"},"geometry":{"type":"Point","coordinates":[79.871745,6.9728297]}},
{"type":"Feature","properties":{"osm_id":"6615719994","code":2101,"fclass":"pharmacy","name":"MRM MEDICCOM"},"geometry":{"type":"Point","coordinates":[79.8732581,6.9718748]}},
{"type":"Feature","properties":{"osm_id":"6615719996","code":2529,"fclass":"beauty_shop","name":"Pretty Looks"},"geometry":{"type":"Point","coordinates":[79.8739866,6.9730522]}},
{"type":"Feature","properties":{"osm_id":"6615720000","code":2101,"fclass":"pharmacy","name":"Orchid Medi Shop"},"geometry":{"type":"Point","coordinates":[79.8766018,6.9760189]}},
{"type":"Feature","properties":{"osm_id":"6615733789","code":2504,"fclass":"mall","name":"Salon Deepani"},"geometry":{"type":"Point","coordinates":[79.9000852,6.7538864]}},
{"type":"Feature","properties":{"osm_id":"6615733792","code":2515,"fclass":"bookshop","name":"Sasiru Book Shop"},"geometry":{"type":"Point","coordinates":[79.9029219,6.7553443]}},
{"type":"Feature","properties":{"osm_id":"6615733800","code":2515,"fclass":"bookshop","name":"Harindra Book Shop"},"geometry":{"type":"Point","coordinates":[79.9044373,6.7526953]}},
{"type":"Feature","properties":{"osm_id":"6615733801","code":2504,"fclass":"mall","name":"36 Srijina Mawatha"},"geometry":{"type":"Point","coordinates":[79.9051121,6.7532216]}},
{"type":"Feature","properties":{"osm_id":"6615733808","code":2515,"fclass":"bookshop","name":"Sandali Enterprises"},"geometry":{"type":"Point","coordinates":[79.8999378,6.7516184]}},
{"type":"Feature","properties":{"osm_id":"6615733813","code":2520,"fclass":"jeweller","name":"Mirage World Gems & Jewellery"},"geometry":{"type":"Point","coordinates":[79.9020554,6.7505583]}},
{"type":"Feature","properties":{"osm_id":"6615733832","code":2501,"fclass":"supermarket","name":"Cargills Food City"},"geometry":{"type":"Point","coordinates":[79.9002682,6.7499765]}},
{"type":"Feature","properties":{"osm_id":"6615745002","code":2101,"fclass":"pharmacy","name":"S.H.G. Hela Osu (Pvt) Ltd"},"geometry":{"type":"Point","coordinates":[79.9259765,6.8475389]}},
{"type":"Feature","properties":{"osm_id":"6615745003","code":2522,"fclass":"sports_shop","name":"C.A. Sports"},"geometry":{"type":"Point","coordinates":[79.9258083,6.8474233]}},
{"type":"Feature","properties":{"osm_id":"6615745005","code":2517,"fclass":"shoe_shop","name":"Bettens Shoes Shop"},"geometry":{"type":"Point","coordinates":[79.9260369,6.8472562]}},
{"type":"Feature","properties":{"osm_id":"6615745006","code":2520,"fclass":"jeweller","name":"Madara Jewellers"},"geometry":{"type":"Point","coordinates":[79.9262138,6.8474018]}},
{"type":"Feature","properties":{"osm_id":"6615745007","code":2512,"fclass":"clothes","name":"Chandrasiri Texttiles Maharagama"},"geometry":{"type":"Point","coordinates":[79.9262526,6.8472476]}},
{"type":"Feature","properties":{"osm_id":"6615745015","code":2520,"fclass":"jeweller","name":"Niroma Jewellery"},"geometry":{"type":"Point","coordinates":[79.9261074,6.8461722]}},
{"type":"Feature","properties":{"osm_id":"6615745017","code":2520,"fclass":"jeweller","name":"Gold Style"},"geometry":{"type":"Point","coordinates":[79.9259694,6.8459684]}},
{"type":"Feature","properties":{"osm_id":"6615745019","code":2504,"fclass":"mall","name":"The Fairy Fashions"},"geometry":{"type":"Point","coordinates":[79.92603,6.8458682]}},
{"type":"Feature","properties":{"osm_id":"6615745020","code":2504,"fclass":"mall","name":"New Premasiri Sale Centre"},"geometry":{"type":"Point","coordinates":[79.9261242,6.8458482]}},
{"type":"Feature","properties":{"osm_id":"6615745021","code":2520,"fclass":"jeweller","name":"Dileka Jewellers"},"geometry":{"type":"Point","coordinates":[79.9260737,6.8455542]}},
{"type":"Feature","properties":{"osm_id":"6615745024","code":2512,"fclass":"clothes","name":"Emerald Factory Outlet"},"geometry":{"type":"Point","coordinates":[79.9255792,6.8445188]}},
{"type":"Feature","properties":{"osm_id":"6615745025","code":2512,"fclass":"clothes","name":"SunMart Lanka"},"geometry":{"type":"Point","coordinates":[79.9254113,6.8444328]}},
{"type":"Feature","properties":{"osm_id":"6615745028","code":2101,"fclass":"pharmacy","name":"Samarasinghe Chemists"},"geometry":{"type":"Point","coordinates":[79.9254008,6.8444067]}},
{"type":"Feature","properties":{"osm_id":"6615745043","code":2501,"fclass":"supermarket","name":"Cargills Food City"},"geometry":{"type":"Point","coordinates":[79.9223026,6.843037]}},
{"type":"Feature","properties":{"osm_id":"6615745044","code":2513,"fclass":"florist","name":"Malshan Florist"},"geometry":{"type":"Point","coordinates":[79.9222234,6.8429191]}},
{"type":"Feature","properties":{"osm_id":"6615745045","code":2101,"fclass":"pharmacy","name":"S & D Pharmacy"},"geometry":{"type":"Point","coordinates":[79.9220086,6.8429303]}},
{"type":"Feature","properties":{"osm_id":"6615745048","code":2512,"fclass":"clothes","name":"A.P.S Kniters (Pvt) Ltd"},"geometry":{"type":"Point","coordinates":[79.9216694,6.8432839]}},
{"type":"Feature","properties":{"osm_id":"6615745056","code":2512,"fclass":"clothes","name":"Wedding Line"},"geometry":{"type":"Point","coordinates":[79.918481,6.8425262]}},
{"type":"Feature","properties":{"osm_id":"6615745064","code":2563,"fclass":"car_rental","name":"Royal Rent A Car"},"geometry":{"type":"Point","coordinates":[79.916117,6.8429483]}},
{"type":"Feature","properties":{"osm_id":"6615745067","code":2513,"fclass":"florist","name":"Desingner Blooms -Office"},"geometry":{"type":"Point","coordinates":[79.9151059,6.8435911]}},
{"type":"Feature","properties":{"osm_id":"6615745069","code":2512,"fclass":"clothes","name":"Maxz Fashion"},"geometry":{"type":"Point","coordinates":[79.9146538,6.8435464]}},
{"type":"Feature","properties":{"osm_id":"6615782483","code":2512,"fclass":"clothes","name":"Lihini Fashions"},"geometry":{"type":"Point","coordinates":[79.9208391,6.8065823]}},
{"type":"Feature","properties":{"osm_id":"6615789494","code":2501,"fclass":"supermarket","name":"Ze Mart"},"geometry":{"type":"Point","coordinates":[79.9222768,6.8022409]}},
{"type":"Feature","properties":{"osm_id":"6615789495","code":2512,"fclass":"clothes","name":"Maxi Fashion House"},"geometry":{"type":"Point","coordinates":[79.9221624,6.80222]}},
{"type":"Feature","properties":{"osm_id":"6615789496","code":2101,"fclass":"pharmacy","name":"Oselka Phamacy"},"geometry":{"type":"Point","coordinates":[79.9220456,6.8023475]}},
{"type":"Feature","properties":{"osm_id":"6615789507","code":2512,"fclass":"clothes","name":"Idunil"},"geometry":{"type":"Point","coordinates":[79.9171336,6.8052739]}},
{"type":"Feature","properties":{"osm_id":"6615789539","code":2529,"fclass":"beauty_shop","name":"Salon Flash"},"geometry":{"type":"Point","coordinates":[79.9215974,6.8014846]}},
{"type":"Feature","properties":{"osm_id":"6615789543","code":2515,"fclass":"bookshop","name":"Sarasavi BookShop"},"geometry":{"type":"Point","coordinates":[79.9212488,6.8013461]}},
{"type":"Feature","properties":{"osm_id":"6626945342","code":2563,"fclass":"car_rental","name":"SIXT"},"geometry":{"type":"Point","coordinates":[79.9044601,6.9051569]}},
{"type":"Feature","properties":{"osm_id":"6626945350","code":2504,"fclass":"mall","name":"UWIN.LK"},"geometry":{"type":"Point","coordinates":[79.9056384,6.9042086]}},
{"type":"Feature","properties":{"osm_id":"6626945366","code":2504,"fclass":"mall","name":"Popy Collection"},"geometry":{"type":"Point","coordinates":[79.9056295,6.9015163]}},
{"type":"Feature","properties":{"osm_id":"6626945382","code":2512,"fclass":"clothes","name":"Handloom Gallery"},"geometry":{"type":"Point","coordinates":[79.9058319,6.8991222]}},
{"type":"Feature","properties":{"osm_id":"6626986823","code":2523,"fclass":"stationery","name":"Varna Stationery"},"geometry":{"type":"Point","coordinates":[79.905119,6.8941778]}},
{"type":"Feature","properties":{"osm_id":"6626986844","code":2101,"fclass":"pharmacy","name":"Sigma Pharmacy"},"geometry":{"type":"Point","coordinates":[79.9041781,6.8915448]}},
{"type":"Feature","properties":{"osm_id":"6626986861","code":2501,"fclass":"supermarket","name":"Thamali Stores"},"geometry":{"type":"Point","coordinates":[79.9098035,6.8894526]}},
{"type":"Feature","properties":{"osm_id":"6626986863","code":2501,"fclass":"supermarket","name":"Chandanee Store"},"geometry":{"type":"Point","coordinates":[79.9121211,6.8891231]}},
{"type":"Feature","properties":{"osm_id":"6630965168","code":2512,"fclass":"clothes","name":"Brands Ware House Head Office"},"geometry":{"type":"Point","coordinates":[79.9024757,6.8886689]}},
{"type":"Feature","properties":{"osm_id":"6630965169","code":2521,"fclass":"gift_shop","name":"Giftup. lk"},"geometry":{"type":"Point","coordinates":[79.9018619,6.8889549]}},
{"type":"Feature","properties":{"osm_id":"6630965177","code":2512,"fclass":"clothes","name":"Aine Clothing Shop"},"geometry":{"type":"Point","coordinates":[79.9024318,6.8879289]}},
{"type":"Feature","properties":{"osm_id":"6630965180","code":2101,"fclass":"pharmacy","name":"Suprym Distribution"},"geometry":{"type":"Point","coordinates":[79.8971707,6.8875247]}},
{"type":"Feature","properties":{"osm_id":"6630965184","code":2513,"fclass":"florist","name":"Frangipani Studio"},"geometry":{"type":"Point","coordinates":[79.8972042,6.8855776]}},
{"type":"Feature","properties":{"osm_id":"6631008093","code":2512,"fclass":"clothes","name":"Weddingdress.lk"},"geometry":{"type":"Point","coordinates":[79.8994948,6.8843139]}},
{"type":"Feature","properties":{"osm_id":"6631008107","code":2504,"fclass":"mall","name":"Latest Technology and Fashion"},"geometry":{"type":"Point","coordinates":[79.9045143,6.888587]}},
{"type":"Feature","properties":{"osm_id":"6631008108","code":2512,"fclass":"clothes","name":"Saree Drepes"},"geometry":{"type":"Point","coordinates":[79.9023615,6.8868866]}},
{"type":"Feature","properties":{"osm_id":"6631008113","code":2512,"fclass":"clothes","name":"Charm Dress Makers"},"geometry":{"type":"Point","coordinates":[79.9021717,6.8856745]}},
{"type":"Feature","properties":{"osm_id":"6631008119","code":2515,"fclass":"bookshop","name":"Baddagana Communication"},"geometry":{"type":"Point","coordinates":[79.9059543,6.8844941]}},
{"type":"Feature","properties":{"osm_id":"6631008120","code":2512,"fclass":"clothes","name":"Evander Lane"},"geometry":{"type":"Point","coordinates":[79.9063501,6.8849501]}},
{"type":"Feature","properties":{"osm_id":"6631008144","code":2512,"fclass":"clothes","name":"Nisala Pirikara"},"geometry":{"type":"Point","coordinates":[79.8949057,6.8832379]}},
{"type":"Feature","properties":{"osm_id":"6631008150","code":2504,"fclass":"mall","name":"Cases.lk"},"geometry":{"type":"Point","coordinates":[79.8955593,6.8805534]}},
{"type":"Feature","properties":{"osm_id":"6631008153","code":2512,"fclass":"clothes","name":"The Saree Shop"},"geometry":{"type":"Point","coordinates":[79.8944892,6.879119]}},
{"type":"Feature","properties":{"osm_id":"6631008155","code":2512,"fclass":"clothes","name":"Unigance"},"geometry":{"type":"Point","coordinates":[79.8930566,6.8797505]}},
{"type":"Feature","properties":{"osm_id":"6631008199","code":2520,"fclass":"jeweller","name":"Shangi Jewellery"},"geometry":{"type":"Point","coordinates":[79.8912428,6.8738008]}},
{"type":"Feature","properties":{"osm_id":"6632922941","code":2515,"fclass":"bookshop","name":"Poth Gula"},"geometry":{"type":"Point","coordinates":[79.9017411,6.8836984]}},
{"type":"Feature","properties":{"osm_id":"6632922947","code":2515,"fclass":"bookshop","name":"Maleesha Book Shop"},"geometry":{"type":"Point","coordinates":[79.9012147,6.8821693]}},
{"type":"Feature","properties":{"osm_id":"6632922951","code":2512,"fclass":"clothes","name":"Queen Nithijaya Saree (Pvt) Ltd"},"geometry":{"type":"Point","coordinates":[79.8977646,6.8824019]}},
{"type":"Feature","properties":{"osm_id":"6632922958","code":2504,"fclass":"mall","name":"CCC Look"},"geometry":{"type":"Point","coordinates":[79.8982434,6.8795793]}},
{"type":"Feature","properties":{"osm_id":"6632922971","code":2512,"fclass":"clothes","name":"Susaree Fashions"},"geometry":{"type":"Point","coordinates":[79.8958719,6.8761985]}},
{"type":"Feature","properties":{"osm_id":"6632922973","code":2515,"fclass":"bookshop","name":"Sunera"},"geometry":{"type":"Point","coordinates":[79.896673,6.8759221]}},
{"type":"Feature","properties":{"osm_id":"6632922974","code":2504,"fclass":"mall","name":"R2R CCTV"},"geometry":{"type":"Point","coordinates":[79.896971,6.8766398]}},
{"type":"Feature","properties":{"osm_id":"6632922981","code":2512,"fclass":"clothes","name":"Add Me Fashion Design"},"geometry":{"type":"Point","coordinates":[79.9003299,6.8773131]}},
{"type":"Feature","properties":{"osm_id":"6632922983","code":2512,"fclass":"clothes","name":"Kandygs Clothings Store"},"geometry":{"type":"Point","coordinates":[79.9004636,6.8764008]}},
{"type":"Feature","properties":{"osm_id":"6632965090","code":2515,"fclass":"bookshop","name":"National Picture Mart"},"geometry":{"type":"Point","coordinates":[79.8973143,6.8756599]}},
{"type":"Feature","properties":{"osm_id":"6632965091","code":2501,"fclass":"supermarket","name":"Sathosa"},"geometry":{"type":"Point","coordinates":[79.8981925,6.8753208]}},
{"type":"Feature","properties":{"osm_id":"6632965121","code":2512,"fclass":"clothes","name":"Thanushika"},"geometry":{"type":"Point","coordinates":[79.8966492,6.8726855]}},
{"type":"Feature","properties":{"osm_id":"6632965122","code":2523,"fclass":"stationery","name":"Weerodara Stationary (Pvt) Ltd"},"geometry":{"type":"Point","coordinates":[79.8959018,6.87157]}},
{"type":"Feature","properties":{"osm_id":"6632965129","code":2529,"fclass":"beauty_shop","name":"Salone Dedunu"},"geometry":{"type":"Point","coordinates":[79.8984684,6.8711687]}},
{"type":"Feature","properties":{"osm_id":"6632965135","code":2513,"fclass":"florist","name":"FlowerBook"},"geometry":{"type":"Point","coordinates":[79.9004692,6.8748243]}},
{"type":"Feature","properties":{"osm_id":"6632965138","code":2504,"fclass":"mall","name":"Intergalactic Studio and Communication"},"geometry":{"type":"Point","coordinates":[79.9008454,6.8754887]}},
{"type":"Feature","properties":{"osm_id":"6657843312","code":2101,"fclass":"pharmacy","name":null},"geometry":{"type":"Point","coordinates":[80.0115195,6.8650956]}},
{"type":"Feature","properties":{"osm_id":"6702061069","code":2517,"fclass":"shoe_shop","name":"Laydeez"},"geometry":{"type":"Point","coordinates":[79.9563993,7.0036817]}},
{"type":"Feature","properties":{"osm_id":"6726845503","code":2517,"fclass":"shoe_shop","name":"Genelle"},"geometry":{"type":"Point","coordinates":[79.867975,6.8883831]}},
{"type":"Feature","properties":{"osm_id":"6735142361","code":2501,"fclass":"supermarket","name":"Cargills Food City"},"geometry":{"type":"Point","coordinates":[79.893966,6.8783383]}},
{"type":"Feature","properties":{"osm_id":"6743781208","code":2016,"fclass":"market_place","name":null},"geometry":{"type":"Point","coordinates":[79.9564192,6.9439323]}},
{"type":"Feature","properties":{"osm_id":"6744982005","code":2501,"fclass":"supermarket","name":"Keells"},"geometry":{"type":"Point","coordinates":[79.8482317,6.9170919]}},
{"type":"Feature","properties":{"osm_id":"6744984924","code":2501,"fclass":"supermarket","name":"Jalanka Japanese Supermarket"},"geometry":{"type":"Point","coordinates":[79.8810713,6.9112895]}},
{"type":"Feature","properties":{"osm_id":"6762836186","code":2501,"fclass":"supermarket","name":"Keells"},"geometry":{"type":"Point","coordinates":[79.9359475,7.0209105]}},
{"type":"Feature","properties":{"osm_id":"6763696393","code":2523,"fclass":"stationery","name":"ProMate"},"geometry":{"type":"Point","coordinates":[79.8631938,6.9052848]}},
{"type":"Feature","properties":{"osm_id":"6778579436","code":2512,"fclass":"clothes","name":"Urban Island"},"geometry":{"type":"Point","coordinates":[79.8609977,6.9158218]}},
{"type":"Feature","properties":{"osm_id":"6807477130","code":2515,"fclass":"bookshop","name":"Red Dot Geek"},"geometry":{"type":"Point","coordinates":[79.8516043,6.9110155]}},
{"type":"Feature","properties":{"osm_id":"6813524757","code":2513,"fclass":"florist","name":"Splendour Design"},"geometry":{"type":"Point","coordinates":[79.8983142,6.8829289]}},
{"type":"Feature","properties":{"osm_id":"6865461846","code":2526,"fclass":"toy_shop","name":"Kidsland"},"geometry":{"type":"Point","coordinates":[79.8434932,7.2068832]}},
{"type":"Feature","properties":{"osm_id":"6865483311","code":2501,"fclass":"supermarket","name":"Coronation Grinding Mill"},"geometry":{"type":"Point","coordinates":[79.8367698,7.2116014]}},
{"type":"Feature","properties":{"osm_id":"6865492058","code":2501,"fclass":"supermarket","name":"Laugfs Super"},"geometry":{"type":"Point","coordinates":[79.8523034,7.2027941]}},
{"type":"Feature","properties":{"osm_id":"6873024353","code":2523,"fclass":"stationery","name":"Dinesuru Bookshop"},"geometry":{"type":"Point","coordinates":[79.8982671,6.88431]}},
{"type":"Feature","properties":{"osm_id":"6888605861","code":2521,"fclass":"gift_shop","name":"Alidon Fireworks"},"geometry":{"type":"Point","coordinates":[79.9270223,6.893579]}},
{"type":"Feature","properties":{"osm_id":"6888620432","code":2101,"fclass":"pharmacy","name":"New Suwahasa Pharmacy"},"geometry":{"type":"Point","coordinates":[79.927428,6.8935162]}},
{"type":"Feature","properties":{"osm_id":"6900000268","code":2522,"fclass":"sports_shop","name":"Eser Marketing"},"geometry":{"type":"Point","coordinates":[79.9286368,6.8927159]}},
{"type":"Feature","properties":{"osm_id":"6942665770","code":2501,"fclass":"supermarket","name":"Lanka Sathosa"},"geometry":{"type":"Point","coordinates":[79.8782271,6.9140316]}},
{"type":"Feature","properties":{"osm_id":"6979561984","code":2501,"fclass":"supermarket","name":"Keells"},"geometry":{"type":"Point","coordinates":[79.9270412,6.932341]}},
{"type":"Feature","properties":{"osm_id":"7005917756","code":2529,"fclass":"beauty_shop","name":"Salon Dharshi"},"geometry":{"type":"Point","coordinates":[79.900734,6.8758256]}},
{"type":"Feature","properties":{"osm_id":"7021132733","code":2522,"fclass":"sports_shop","name":"Eser Marketing"},"geometry":{"type":"Point","coordinates":[79.8996401,6.9079591]}},
{"type":"Feature","properties":{"osm_id":"7021135122","code":2512,"fclass":"clothes","name":"Handloom Gallery"},"geometry":{"type":"Point","coordinates":[79.9140634,6.9023413]}},
{"type":"Feature","properties":{"osm_id":"7022831795","code":2512,"fclass":"clothes","name":"Swasti Boutique"},"geometry":{"type":"Point","coordinates":[79.9179851,6.8808257]}},
{"type":"Feature","properties":{"osm_id":"7023133887","code":2563,"fclass":"car_rental","name":null},"geometry":{"type":"Point","coordinates":[79.8793373,6.892548]}},
{"type":"Feature","properties":{"osm_id":"7040317748","code":2501,"fclass":"supermarket","name":"Branas"},"geometry":{"type":"Point","coordinates":[79.8501955,6.9120293]}},
{"type":"Feature","properties":{"osm_id":"7040330006","code":2501,"fclass":"supermarket","name":"Chinese Lanka"},"geometry":{"type":"Point","coordinates":[79.8502676,6.9121269]}},
{"type":"Feature","properties":{"osm_id":"7040336690","code":2501,"fclass":"supermarket","name":"Beemas"},"geometry":{"type":"Point","coordinates":[79.8502584,6.9120412]}},
{"type":"Feature","properties":{"osm_id":"7041698986","code":2101,"fclass":"pharmacy","name":null},"geometry":{"type":"Point","coordinates":[79.9536866,6.6062599]}},
{"type":"Feature","properties":{"osm_id":"7072108964","code":2512,"fclass":"clothes","name":"Nils"},"geometry":{"type":"Point","coordinates":[79.934856,6.8761036]}},
{"type":"Feature","properties":{"osm_id":"7079284198","code":2522,"fclass":"sports_shop","name":"Eser Marketing"},"geometry":{"type":"Point","coordinates":[79.8787688,6.9139452]}},
{"type":"Feature","properties":{"osm_id":"7079287203","code":2526,"fclass":"toy_shop","name":"Kids House"},"geometry":{"type":"Point","coordinates":[79.9373274,6.8742967]}},
{"type":"Feature","properties":{"osm_id":"7101031038","code":2529,"fclass":"beauty_shop","name":"Salon Marina"},"geometry":{"type":"Point","coordinates":[79.9216745,6.8989796]}},
{"type":"Feature","properties":{"osm_id":"7107738486","code":2523,"fclass":"stationery","name":null},"geometry":{"type":"Point","coordinates":[79.8709516,6.9062553]}},
{"type":"Feature","properties":{"osm_id":"7108399862","code":2542,"fclass":"bicycle_shop","name":"Sunil Cycle"},"geometry":{"type":"Point","coordinates":[79.9911787,6.8798008]}},
{"type":"Feature","properties":{"osm_id":"7126027589","code":2512,"fclass":"clothes","name":"Isuru Fashion"},"geometry":{"type":"Point","coordinates":[79.9553995,6.9036755]}},
{"type":"Feature","properties":{"osm_id":"7133218484","code":2501,"fclass":"supermarket","name":"Keells"},"geometry":{"type":"Point","coordinates":[79.8855974,6.8467548]}},
{"type":"Feature","properties":{"osm_id":"7133250972","code":2101,"fclass":"pharmacy","name":"Ginsomin"},"geometry":{"type":"Point","coordinates":[79.8676622,6.8381734]}},
{"type":"Feature","properties":{"osm_id":"7140646434","code":2501,"fclass":"supermarket","name":"Cargills Food City"},"geometry":{"type":"Point","coordinates":[79.9015408,6.8826809]}},
{"type":"Feature","properties":{"osm_id":"7153882586","code":2542,"fclass":"bicycle_shop","name":"Suriyage Bike Shop"},"geometry":{"type":"Point","coordinates":[79.9020541,6.886918]}},
{"type":"Feature","properties":{"osm_id":"7157909186","code":2563,"fclass":"car_rental","name":null},"geometry":{"type":"Point","coordinates":[79.842817,7.2248734]}},
{"type":"Feature","properties":{"osm_id":"7159959187","code":2501,"fclass":"supermarket","name":"Cargills Food City"},"geometry":{"type":"Point","coordinates":[79.9501616,6.8802328]}},
{"type":"Feature","properties":{"osm_id":"7161597126","code":2501,"fclass":"supermarket","name":"Good Life Super Center"},"geometry":{"type":"Point","coordinates":[79.93683,6.876999]}},
{"type":"Feature","properties":{"osm_id":"7165315305","code":2016,"fclass":"market_place","name":"Public Market Kohuwala"},"geometry":{"type":"Point","coordinates":[79.8848635,6.866989]}},
{"type":"Feature","properties":{"osm_id":"7175526277","code":2512,"fclass":"clothes","name":"Spring&Summer"},"geometry":{"type":"Point","coordinates":[79.9243009,6.849364]}},
{"type":"Feature","properties":{"osm_id":"7175533491","code":2512,"fclass":"clothes","name":"Opal"},"geometry":{"type":"Point","coordinates":[79.9245731,6.8492182]}},
{"type":"Feature","properties":{"osm_id":"7176654497","code":2101,"fclass":"pharmacy","name":"Doctor Express"},"geometry":{"type":"Point","coordinates":[79.9307355,6.8886395]}},
{"type":"Feature","properties":{"osm_id":"7189262559","code":2501,"fclass":"supermarket","name":"Laugfs Supermarket"},"geometry":{"type":"Point","coordinates":[79.9870238,6.9405737]}},
{"type":"Feature","properties":{"osm_id":"7194681985","code":2521,"fclass":"gift_shop","name":null},"geometry":{"type":"Point","coordinates":[79.8418155,7.2395989]}},
{"type":"Feature","properties":{"osm_id":"7209738335","code":2542,"fclass":"bicycle_shop","name":null},"geometry":{"type":"Point","coordinates":[79.8574612,6.8880771]}},
{"type":"Feature","properties":{"osm_id":"7227785185","code":2521,"fclass":"gift_shop","name":null},"geometry":{"type":"Point","coordinates":[79.8422489,7.2425224]}},
{"type":"Feature","properties":{"osm_id":"7254253817","code":2515,"fclass":"bookshop","name":"Didula Bookshop"},"geometry":{"type":"Point","coordinates":[79.9494301,6.9749915]}},
{"type":"Feature","properties":{"osm_id":"7262930896","code":2101,"fclass":"pharmacy","name":"Sachindra Pharmacy"},"geometry":{"type":"Point","coordinates":[79.9453867,6.8572225]}},
{"type":"Feature","properties":{"osm_id":"7265276696","code":2101,"fclass":"pharmacy","name":"Sahana Pharmacy"},"geometry":{"type":"Point","coordinates":[79.9495363,6.8406641]}},
{"type":"Feature","properties":{"osm_id":"7296135263","code":2501,"fclass":"supermarket","name":"Coop City"},"geometry":{"type":"Point","coordinates":[79.9908697,6.7520718]}},
{"type":"Feature","properties":{"osm_id":"7296142262","code":2512,"fclass":"clothes","name":"Senly"},"geometry":{"type":"Point","coordinates":[79.9339225,6.8750076]}},
{"type":"Feature","properties":{"osm_id":"7296183388","code":2512,"fclass":"clothes","name":"Sugee Style"},"geometry":{"type":"Point","coordinates":[79.9338991,6.8749834]}},
{"type":"Feature","properties":{"osm_id":"7311190039","code":2523,"fclass":"stationery","name":"Book Shop"},"geometry":{"type":"Point","coordinates":[79.9337311,6.8748968]}},
{"type":"Feature","properties":{"osm_id":"7314602895","code":2515,"fclass":"bookshop","name":"Sarasavi"},"geometry":{"type":"Point","coordinates":[79.9231246,6.891335]}},
{"type":"Feature","properties":{"osm_id":"7359177849","code":2520,"fclass":"jeweller","name":"Premium Sapphires"},"geometry":{"type":"Point","coordinates":[79.9876939,6.4801686]}},
{"type":"Feature","properties":{"osm_id":"7371025409","code":2501,"fclass":"supermarket","name":"Baduraliya Coop City"},"geometry":{"type":"Point","coordinates":[80.2317665,6.5166951]}},
{"type":"Feature","properties":{"osm_id":"7601345535","code":2521,"fclass":"gift_shop","name":"Mother"},"geometry":{"type":"Point","coordinates":[79.9073139,6.9030721]}},
{"type":"Feature","properties":{"osm_id":"7647943286","code":2542,"fclass":"bicycle_shop","name":"Suriyage Limited"},"geometry":{"type":"Point","coordinates":[79.8665661,6.9258739]}},
{"type":"Feature","properties":{"osm_id":"7658234256","code":2501,"fclass":"supermarket","name":"Keells"},"geometry":{"type":"Point","coordinates":[79.9289682,6.8765165]}},
{"type":"Feature","properties":{"osm_id":"7658248460","code":2523,"fclass":"stationery","name":"Laksara Book Shop"},"geometry":{"type":"Point","coordinates":[79.9119693,6.8694021]}},
{"type":"Feature","properties":{"osm_id":"7761138563","code":2542,"fclass":"bicycle_shop","name":"Tomahawk Mountain Bicycles"},"geometry":{"type":"Point","coordinates":[79.9577129,6.8958358]}},
{"type":"Feature","properties":{"osm_id":"7761150621","code":2542,"fclass":"bicycle_shop","name":null},"geometry":{"type":"Point","coordinates":[80.1709919,6.9369639]}},
{"type":"Feature","properties":{"osm_id":"7773188674","code":2512,"fclass":"clothes","name":"Nest Cotton Wear"},"geometry":{"type":"Point","coordinates":[79.8665878,6.8909977]}},
{"type":"Feature","properties":{"osm_id":"7773225719","code":2512,"fclass":"clothes","name":"D&E"},"geometry":{"type":"Point","coordinates":[79.8661028,6.8908068]}},
{"type":"Feature","properties":{"osm_id":"7773247199","code":2512,"fclass":"clothes","name":"RBN Studio"},"geometry":{"type":"Point","coordinates":[79.8653924,6.8906859]}},
{"type":"Feature","properties":{"osm_id":"7773247486","code":2512,"fclass":"clothes","name":"Gflock"},"geometry":{"type":"Point","coordinates":[79.9272923,6.8911859]}},
{"type":"Feature","properties":{"osm_id":"7773247911","code":2512,"fclass":"clothes","name":"Nest"},"geometry":{"type":"Point","coordinates":[79.8664446,6.8912663]}},
{"type":"Feature","properties":{"osm_id":"7773249919","code":2522,"fclass":"sports_shop","name":"The Deep End"},"geometry":{"type":"Point","coordinates":[79.8655045,6.8907629]}},
{"type":"Feature","properties":{"osm_id":"7796392921","code":2501,"fclass":"supermarket","name":"Kenko 1st"},"geometry":{"type":"Point","coordinates":[79.8667746,6.9157238]}},
{"type":"Feature","properties":{"osm_id":"7796408623","code":2512,"fclass":"clothes","name":"Tropic of Linen"},"geometry":{"type":"Point","coordinates":[79.8692043,6.9161202]}},
{"type":"Feature","properties":{"osm_id":"7797993395","code":2016,"fclass":"market_place","name":"Good Market"},"geometry":{"type":"Point","coordinates":[79.8655043,6.9054854]}},
{"type":"Feature","properties":{"osm_id":"7822865274","code":2512,"fclass":"clothes","name":"Bella Vita"},"geometry":{"type":"Point","coordinates":[79.8668365,6.8933907]}},
{"type":"Feature","properties":{"osm_id":"7831028717","code":2515,"fclass":"bookshop","name":"Colombo University Bookshop"},"geometry":{"type":"Point","coordinates":[79.8601584,6.8992561]}},
{"type":"Feature","properties":{"osm_id":"7865125348","code":2501,"fclass":"supermarket","name":"Cargills Food City"},"geometry":{"type":"Point","coordinates":[79.9454745,6.8549879]}},
{"type":"Feature","properties":{"osm_id":"7881379838","code":2529,"fclass":"beauty_shop","name":"Rushana Bridals"},"geometry":{"type":"Point","coordinates":[79.9274121,6.9057457]}},
{"type":"Feature","properties":{"osm_id":"7881760569","code":2512,"fclass":"clothes","name":"Laksaru"},"geometry":{"type":"Point","coordinates":[79.8524139,6.909606]}},
{"type":"Feature","properties":{"osm_id":"7882779334","code":2016,"fclass":"market_place","name":"Dematagoda Public Market"},"geometry":{"type":"Point","coordinates":[79.8784395,6.9300061]}},
{"type":"Feature","properties":{"osm_id":"7882802698","code":2504,"fclass":"mall","name":"Cargills Square Dematagoda"},"geometry":{"type":"Point","coordinates":[79.8782045,6.9286287]}},
{"type":"Feature","properties":{"osm_id":"7897293292","code":2512,"fclass":"clothes","name":"The Design Collective"},"geometry":{"type":"Point","coordinates":[79.8699708,6.914454]}},
{"type":"Feature","properties":{"osm_id":"7903766171","code":2501,"fclass":"supermarket","name":"Cargills Food City"},"geometry":{"type":"Point","coordinates":[79.9401539,6.9226097]}},
{"type":"Feature","properties":{"osm_id":"7981462289","code":2512,"fclass":"clothes","name":"Swasti Boutique"},"geometry":{"type":"Point","coordinates":[79.9182628,6.8806149]}},
{"type":"Feature","properties":{"osm_id":"7981469783","code":2512,"fclass":"clothes","name":"SPlus Clothing"},"geometry":{"type":"Point","coordinates":[79.9183017,6.8805608]}},
{"type":"Feature","properties":{"osm_id":"7990691046","code":2542,"fclass":"bicycle_shop","name":"Probike.lk"},"geometry":{"type":"Point","coordinates":[79.9323799,6.9119014]}},
{"type":"Feature","properties":{"osm_id":"8024965283","code":2529,"fclass":"beauty_shop","name":"Cool Water Salon & Wellness"},"geometry":{"type":"Point","coordinates":[79.9282078,6.8934077]}},
{"type":"Feature","properties":{"osm_id":"8075560853","code":2513,"fclass":"florist","name":"Viskam Flora"},"geometry":{"type":"Point","coordinates":[79.9467249,6.908466]}},
{"type":"Feature","properties":{"osm_id":"8120375427","code":2542,"fclass":"bicycle_shop","name":null},"geometry":{"type":"Point","coordinates":[79.9194775,6.8794354]}},
{"type":"Feature","properties":{"osm_id":"8173467799","code":2513,"fclass":"florist","name":"Red Floral Eventz"},"geometry":{"type":"Point","coordinates":[79.9194502,6.8798278]}},
{"type":"Feature","properties":{"osm_id":"8202482667","code":2529,"fclass":"beauty_shop","name":"Derma Esthetic"},"geometry":{"type":"Point","coordinates":[79.8722872,6.8972408]}},
{"type":"Feature","properties":{"osm_id":"8222658269","code":2542,"fclass":"bicycle_shop","name":null},"geometry":{"type":"Point","coordinates":[79.9469357,6.9084861]}},
{"type":"Feature","properties":{"osm_id":"8244359467","code":2501,"fclass":"supermarket","name":"Sudu Araliya Super City"},"geometry":{"type":"Point","coordinates":[80.0079108,6.9316887]}},
{"type":"Feature","properties":{"osm_id":"8244403080","code":2501,"fclass":"supermarket","name":"Keells"},"geometry":{"type":"Point","coordinates":[80.2007798,6.9503424]}},
{"type":"Feature","properties":{"osm_id":"8244404238","code":2501,"fclass":"supermarket","name":"Cargills Food City express"},"geometry":{"type":"Point","coordinates":[80.137264,6.9417017]}},
{"type":"Feature","properties":{"osm_id":"8257928373","code":2501,"fclass":"supermarket","name":"Super City"},"geometry":{"type":"Point","coordinates":[80.1771585,6.7452063]}},
{"type":"Feature","properties":{"osm_id":"8292422104","code":2515,"fclass":"bookshop","name":"Hasini Book Shop"},"geometry":{"type":"Point","coordinates":[80.0983212,7.0744595]}},
{"type":"Feature","properties":{"osm_id":"8296436326","code":2501,"fclass":"supermarket","name":"Cargills Food City"},"geometry":{"type":"Point","coordinates":[79.8548756,6.8865133]}},
{"type":"Feature","properties":{"osm_id":"8301895304","code":2101,"fclass":"pharmacy","name":"Flamingo Pharmacy"},"geometry":{"type":"Point","coordinates":[79.8828971,6.8943583]}},
{"type":"Feature","properties":{"osm_id":"8301895305","code":2529,"fclass":"beauty_shop","name":"Ronish Hair&Beauty"},"geometry":{"type":"Point","coordinates":[79.9273681,6.8911648]}},
{"type":"Feature","properties":{"osm_id":"8301907117","code":2101,"fclass":"pharmacy","name":"Ninewells Pharmacy"},"geometry":{"type":"Point","coordinates":[79.8828326,6.8946407]}},
{"type":"Feature","properties":{"osm_id":"8326638567","code":2101,"fclass":"pharmacy","name":"Laksiri Pharmacy"},"geometry":{"type":"Point","coordinates":[79.9549722,6.8271596]}},
{"type":"Feature","properties":{"osm_id":"8367969353","code":2501,"fclass":"supermarket","name":"Cargills Food City"},"geometry":{"type":"Point","coordinates":[80.0908471,6.8585427]}},
{"type":"Feature","properties":{"osm_id":"8375959278","code":2501,"fclass":"supermarket","name":"Asian Market China Way"},"geometry":{"type":"Point","coordinates":[79.8551681,6.8973583]}},
{"type":"Feature","properties":{"osm_id":"8419914501","code":2512,"fclass":"clothes","name":"New Denim Garment"},"geometry":{"type":"Point","coordinates":[79.9503688,6.9743276]}},
{"type":"Feature","properties":{"osm_id":"8419926648","code":2542,"fclass":"bicycle_shop","name":null},"geometry":{"type":"Point","coordinates":[79.9504787,6.9745021]}},
{"type":"Feature","properties":{"osm_id":"8422399017","code":2501,"fclass":"supermarket","name":"Keells"},"geometry":{"type":"Point","coordinates":[79.9302165,6.9525106]}},
{"type":"Feature","properties":{"osm_id":"8465177915","code":2542,"fclass":"bicycle_shop","name":null},"geometry":{"type":"Point","coordinates":[79.8902046,6.9537129]}},
{"type":"Feature","properties":{"osm_id":"8465266728","code":2523,"fclass":"stationery","name":"Office World"},"geometry":{"type":"Point","coordinates":[79.8873068,6.91137]}},
{"type":"Feature","properties":{"osm_id":"8481524439","code":2101,"fclass":"pharmacy","name":null},"geometry":{"type":"Point","coordinates":[79.8896334,7.0735161]}},
{"type":"Feature","properties":{"osm_id":"8491193652","code":2512,"fclass":"clothes","name":"Yasue Fashion"},"geometry":{"type":"Point","coordinates":[79.8718372,6.8925647]}},
{"type":"Feature","properties":{"osm_id":"8547571914","code":2542,"fclass":"bicycle_shop","name":"Bike7SL"},"geometry":{"type":"Point","coordinates":[79.9132665,6.9172552]}},
{"type":"Feature","properties":{"osm_id":"8560648119","code":2501,"fclass":"supermarket","name":"Keells"},"geometry":{"type":"Point","coordinates":[79.9223391,6.8966313]}},
{"type":"Feature","properties":{"osm_id":"8574123618","code":2101,"fclass":"pharmacy","name":"Shine A Pharmacy"},"geometry":{"type":"Point","coordinates":[79.8703111,6.8883668]}},
{"type":"Feature","properties":{"osm_id":"8585029595","code":2512,"fclass":"clothes","name":"Mango"},"geometry":{"type":"Point","coordinates":[79.8550643,6.9176005]}},
{"type":"Feature","properties":{"osm_id":"8585038297","code":2520,"fclass":"jeweller","name":"Swarovski"},"geometry":{"type":"Point","coordinates":[79.8550672,6.9174021]}},
{"type":"Feature","properties":{"osm_id":"8585039658","code":2512,"fclass":"clothes","name":"Armani"},"geometry":{"type":"Point","coordinates":[79.8549878,6.9175363]}},
{"type":"Feature","properties":{"osm_id":"8585052426","code":2512,"fclass":"clothes","name":"Jack & Jones"},"geometry":{"type":"Point","coordinates":[79.8551938,6.9175597]}},
{"type":"Feature","properties":{"osm_id":"8591869698","code":2542,"fclass":"bicycle_shop","name":null},"geometry":{"type":"Point","coordinates":[80.1761945,6.7439564]}},
{"type":"Feature","properties":{"osm_id":"8591921725","code":2542,"fclass":"bicycle_shop","name":null},"geometry":{"type":"Point","coordinates":[80.1875026,6.7274827]}},
{"type":"Feature","properties":{"osm_id":"8594232781","code":2512,"fclass":"clothes","name":"Zig Zag store"},"geometry":{"type":"Point","coordinates":[79.8546655,6.9029322]}},
{"type":"Feature","properties":{"osm_id":"8598552346","code":2512,"fclass":"clothes","name":"Gflock"},"geometry":{"type":"Point","coordinates":[79.8878862,6.98231]}},
{"type":"Feature","properties":{"osm_id":"8601054345","code":2512,"fclass":"clothes","name":"abiti"},"geometry":{"type":"Point","coordinates":[79.9259037,6.8934508]}},
{"type":"Feature","properties":{"osm_id":"8602519972","code":2501,"fclass":"supermarket","name":"Bloom Kandy"},"geometry":{"type":"Point","coordinates":[79.8656125,6.8532849]}},
{"type":"Feature","properties":{"osm_id":"8620173031","code":2512,"fclass":"clothes","name":"Owinlook Fashion"},"geometry":{"type":"Point","coordinates":[79.9352777,6.8755288]}},
{"type":"Feature","properties":{"osm_id":"8621678541","code":2501,"fclass":"supermarket","name":"Cargills Food City Express"},"geometry":{"type":"Point","coordinates":[79.9777582,6.8456309]}},
{"type":"Feature","properties":{"osm_id":"8621678802","code":2101,"fclass":"pharmacy","name":"Deegayu Pharmacy"},"geometry":{"type":"Point","coordinates":[80.136431,6.8287465]}},
{"type":"Feature","properties":{"osm_id":"8627890377","code":2512,"fclass":"clothes","name":"La Vivante - Koswatta"},"geometry":{"type":"Point","coordinates":[79.9361671,6.9080144]}},
{"type":"Feature","properties":{"osm_id":"8638244484","code":2501,"fclass":"supermarket","name":"Spring and Summer"},"geometry":{"type":"Point","coordinates":[79.8512826,6.9056749]}},
{"type":"Feature","properties":{"osm_id":"8638308054","code":2501,"fclass":"supermarket","name":"Narahenpita Economic Centre"},"geometry":{"type":"Point","coordinates":[79.8821642,6.8932121]}},
{"type":"Feature","properties":{"osm_id":"8644062170","code":2501,"fclass":"supermarket","name":"Cargills Food City Express"},"geometry":{"type":"Point","coordinates":[79.8631813,7.222051]}},
{"type":"Feature","properties":{"osm_id":"8658907686","code":2501,"fclass":"supermarket","name":"OURS Super Center"},"geometry":{"type":"Point","coordinates":[79.9444168,6.8454286]}},
{"type":"Feature","properties":{"osm_id":"8658907689","code":2501,"fclass":"supermarket","name":"CIB Mega City"},"geometry":{"type":"Point","coordinates":[79.9312519,6.8450766]}},
{"type":"Feature","properties":{"osm_id":"8662691657","code":2512,"fclass":"clothes","name":"Roma Batik"},"geometry":{"type":"Point","coordinates":[79.8623048,6.8703369]}},
{"type":"Feature","properties":{"osm_id":"8679526241","code":2101,"fclass":"pharmacy","name":"Healthguard"},"geometry":{"type":"Point","coordinates":[79.875803,6.8924073]}},
{"type":"Feature","properties":{"osm_id":"8716784126","code":2101,"fclass":"pharmacy","name":null},"geometry":{"type":"Point","coordinates":[79.992107,6.8814346]}},
{"type":"Feature","properties":{"osm_id":"8716793072","code":2101,"fclass":"pharmacy","name":"Family Guard"},"geometry":{"type":"Point","coordinates":[79.9732181,6.8845599]}},
{"type":"Feature","properties":{"osm_id":"8763581157","code":2529,"fclass":"beauty_shop","name":"Matsuge Studio&Academy"},"geometry":{"type":"Point","coordinates":[79.8657319,6.9153818]}},
{"type":"Feature","properties":{"osm_id":"8763591439","code":2513,"fclass":"florist","name":"Supreme Flora"},"geometry":{"type":"Point","coordinates":[79.871641,6.9144687]}},
{"type":"Feature","properties":{"osm_id":"8791666697","code":2501,"fclass":"supermarket","name":"Spar"},"geometry":{"type":"Point","coordinates":[79.8852555,6.8545821]}},
{"type":"Feature","properties":{"osm_id":"8815076657","code":2512,"fclass":"clothes","name":"Selegance"},"geometry":{"type":"Point","coordinates":[79.9289542,6.6678391]}},
{"type":"Feature","properties":{"osm_id":"8872471718","code":2512,"fclass":"clothes","name":null},"geometry":{"type":"Point","coordinates":[79.8578341,6.8965041]}},
{"type":"Feature","properties":{"osm_id":"8889808621","code":2101,"fclass":"pharmacy","name":"Healthguard"},"geometry":{"type":"Point","coordinates":[79.9012608,6.8838655]}},
{"type":"Feature","properties":{"osm_id":"8948648006","code":2101,"fclass":"pharmacy","name":"Lakshi Pharmacy"},"geometry":{"type":"Point","coordinates":[79.9384196,6.8725639]}},
{"type":"Feature","properties":{"osm_id":"9081347817","code":2501,"fclass":"supermarket","name":null},"geometry":{"type":"Point","coordinates":[79.9551989,6.7904251]}},
{"type":"Feature","properties":{"osm_id":"9125579388","code":2501,"fclass":"supermarket","name":"Cargills Food City"},"geometry":{"type":"Point","coordinates":[79.9597996,6.788248]}},
{"type":"Feature","properties":{"osm_id":"9128474995","code":2501,"fclass":"supermarket","name":"Sathosa"},"geometry":{"type":"Point","coordinates":[79.9497809,6.7916326]}},
{"type":"Feature","properties":{"osm_id":"9128481289","code":2501,"fclass":"supermarket","name":"Keels"},"geometry":{"type":"Point","coordinates":[79.9469626,6.7932285]}},
{"type":"Feature","properties":{"osm_id":"9128508837","code":2501,"fclass":"supermarket","name":"LAUGFS Super"},"geometry":{"type":"Point","coordinates":[79.9361989,6.7951941]}},
{"type":"Feature","properties":{"osm_id":"9130907245","code":2501,"fclass":"supermarket","name":"Keels"},"geometry":{"type":"Point","coordinates":[79.9293351,6.7975432]}},
{"type":"Feature","properties":{"osm_id":"9130911779","code":2501,"fclass":"supermarket","name":"Sathosa"},"geometry":{"type":"Point","coordinates":[79.9295859,6.7975645]}},
{"type":"Feature","properties":{"osm_id":"9132949102","code":2512,"fclass":"clothes","name":"Prasad Textiles"},"geometry":{"type":"Point","coordinates":[79.9240685,6.8000238]}},
{"type":"Feature","properties":{"osm_id":"9132959756","code":2501,"fclass":"supermarket","name":"Cargills Food City"},"geometry":{"type":"Point","coordinates":[79.9187644,6.7996975]}},
{"type":"Feature","properties":{"osm_id":"9132963572","code":2501,"fclass":"supermarket","name":"Keels Super"},"geometry":{"type":"Point","coordinates":[79.9151864,6.7983172]}},
{"type":"Feature","properties":{"osm_id":"9167206701","code":2016,"fclass":"market_place","name":"Bambalapitiya (Milagiriya) Public Market"},"geometry":{"type":"Point","coordinates":[79.8557134,6.8936213]}},
{"type":"Feature","properties":{"osm_id":"9179913270","code":2501,"fclass":"supermarket","name":"Keells"},"geometry":{"type":"Point","coordinates":[79.9393099,6.8087476]}},
{"type":"Feature","properties":{"osm_id":"9179925693","code":2501,"fclass":"supermarket","name":"Keells"},"geometry":{"type":"Point","coordinates":[79.9266801,6.8425625]}},
{"type":"Feature","properties":{"osm_id":"9192078977","code":2512,"fclass":"clothes","name":"Shirtworks"},"geometry":{"type":"Point","coordinates":[79.8545358,6.896911]}},
{"type":"Feature","properties":{"osm_id":"9192098748","code":2517,"fclass":"shoe_shop","name":"Diana"},"geometry":{"type":"Point","coordinates":[79.8781368,6.9144401]}},
{"type":"Feature","properties":{"osm_id":"9229760404","code":2512,"fclass":"clothes","name":"l'Atelier Touché"},"geometry":{"type":"Point","coordinates":[79.8555903,6.899153]}},
{"type":"Feature","properties":{"osm_id":"9240356767","code":2520,"fclass":"jeweller","name":"Sarrita Jewellery"},"geometry":{"type":"Point","coordinates":[79.8541375,6.9401321]}},
{"type":"Feature","properties":{"osm_id":"9271806070","code":2501,"fclass":"supermarket","name":"N.D.C. Food City"},"geometry":{"type":"Point","coordinates":[80.1449977,6.8894682]}},
{"type":"Feature","properties":{"osm_id":"9277637837","code":2517,"fclass":"shoe_shop","name":"Bata"},"geometry":{"type":"Point","coordinates":[79.8552008,6.8939458]}},
{"type":"Feature","properties":{"osm_id":"9290770722","code":2101,"fclass":"pharmacy","name":null},"geometry":{"type":"Point","coordinates":[80.0079696,6.8970885]}},
{"type":"Feature","properties":{"osm_id":"9313361058","code":2542,"fclass":"bicycle_shop","name":null},"geometry":{"type":"Point","coordinates":[79.8863588,6.8479805]}},
{"type":"Feature","properties":{"osm_id":"9329640900","code":2512,"fclass":"clothes","name":null},"geometry":{"type":"Point","coordinates":[79.9387991,6.8772019]}},
{"type":"Feature","properties":{"osm_id":"9351831328","code":2501,"fclass":"supermarket","name":"Tang Dynasty Chinese Supermarket"},"geometry":{"type":"Point","coordinates":[79.8547367,6.896174]}},
{"type":"Feature","properties":{"osm_id":"9370116913","code":2101,"fclass":"pharmacy","name":"Shani"},"geometry":{"type":"Point","coordinates":[79.9416896,6.8689034]}},
{"type":"Feature","properties":{"osm_id":"9373446849","code":2512,"fclass":"clothes","name":null},"geometry":{"type":"Point","coordinates":[80.1280503,7.2445636]}},
{"type":"Feature","properties":{"osm_id":"9373461358","code":2517,"fclass":"shoe_shop","name":null},"geometry":{"type":"Point","coordinates":[80.1279854,7.2443982]}},
{"type":"Feature","properties":{"osm_id":"9378839117","code":2101,"fclass":"pharmacy","name":null},"geometry":{"type":"Point","coordinates":[79.9985412,6.432588]}},
{"type":"Feature","properties":{"osm_id":"9378904120","code":2101,"fclass":"pharmacy","name":null},"geometry":{"type":"Point","coordinates":[79.9660626,6.5694316]}},
{"type":"Feature","properties":{"osm_id":"9378906717","code":2101,"fclass":"pharmacy","name":null},"geometry":{"type":"Point","coordinates":[79.9648167,6.5719961]}},
{"type":"Feature","properties":{"osm_id":"9378906720","code":2101,"fclass":"pharmacy","name":null},"geometry":{"type":"Point","coordinates":[79.9589869,6.5960395]}},
{"type":"Feature","properties":{"osm_id":"9378913319","code":2501,"fclass":"supermarket","name":"Cargills Food City"},"geometry":{"type":"Point","coordinates":[79.9326919,6.6607747]}},
{"type":"Feature","properties":{"osm_id":"9379014317","code":2101,"fclass":"pharmacy","name":null},"geometry":{"type":"Point","coordinates":[79.8848134,6.7867853]}},
{"type":"Feature","properties":{"osm_id":"9379093119","code":2512,"fclass":"clothes","name":"Mango"},"geometry":{"type":"Point","coordinates":[79.8532136,6.901101]}},
{"type":"Feature","properties":{"osm_id":"9421893759","code":2501,"fclass":"supermarket","name":"Public Market Building"},"geometry":{"type":"Point","coordinates":[79.900812,6.7489075]}},
{"type":"Feature","properties":{"osm_id":"9421893760","code":2101,"fclass":"pharmacy","name":null},"geometry":{"type":"Point","coordinates":[79.9039877,6.7556103]}},
{"type":"Feature","properties":{"osm_id":"9425307115","code":2529,"fclass":"beauty_shop","name":"Lush Skin Clinic"},"geometry":{"type":"Point","coordinates":[79.9235676,6.8952779]}},
{"type":"Feature","properties":{"osm_id":"9425341897","code":2529,"fclass":"beauty_shop","name":"Salon Nathalia"},"geometry":{"type":"Point","coordinates":[79.9238152,6.8954631]}},
{"type":"Feature","properties":{"osm_id":"9442555918","code":2101,"fclass":"pharmacy","name":null},"geometry":{"type":"Point","coordinates":[79.8515969,6.9381005]}},
{"type":"Feature","properties":{"osm_id":"9455750711","code":2504,"fclass":"mall","name":"State Trust Centre"},"geometry":{"type":"Point","coordinates":[79.8821932,6.8937666]}},
{"type":"Feature","properties":{"osm_id":"9491725018","code":2501,"fclass":"supermarket","name":null},"geometry":{"type":"Point","coordinates":[79.8589693,7.1847681]}},
{"type":"Feature","properties":{"osm_id":"9492082217","code":2521,"fclass":"gift_shop","name":null},"geometry":{"type":"Point","coordinates":[79.8412095,7.2329822]}},
{"type":"Feature","properties":{"osm_id":"9494166133","code":2501,"fclass":"supermarket","name":"Bon Super"},"geometry":{"type":"Point","coordinates":[79.9770454,7.0944976]}},
{"type":"Feature","properties":{"osm_id":"9519072981","code":2542,"fclass":"bicycle_shop","name":"Safa Racing Bicycles"},"geometry":{"type":"Point","coordinates":[79.9106068,6.9149727]}},
{"type":"Feature","properties":{"osm_id":"9555812815","code":2501,"fclass":"supermarket","name":"Ulife Supermarket"},"geometry":{"type":"Point","coordinates":[79.8533995,6.9056082]}},
{"type":"Feature","properties":{"osm_id":"9555857423","code":2520,"fclass":"jeweller","name":"Jewel Gate"},"geometry":{"type":"Point","coordinates":[79.8533284,6.9058646]}},
{"type":"Feature","properties":{"osm_id":"9561776319","code":2542,"fclass":"bicycle_shop","name":"Unique Riders"},"geometry":{"type":"Point","coordinates":[79.943008,6.8605699]}},
{"type":"Feature","properties":{"osm_id":"9570069160","code":2101,"fclass":"pharmacy","name":"Reward Pharmacy"},"geometry":{"type":"Point","coordinates":[79.9323511,6.8877395]}},
{"type":"Feature","properties":{"osm_id":"9628227017","code":2521,"fclass":"gift_shop","name":null},"geometry":{"type":"Point","coordinates":[79.8554593,6.9201146]}},
{"type":"Feature","properties":{"osm_id":"9698060640","code":2101,"fclass":"pharmacy","name":"Asiri Pharmacies"},"geometry":{"type":"Point","coordinates":[79.9337187,6.8839228]}},
{"type":"Feature","properties":{"osm_id":"9707431416","code":2542,"fclass":"bicycle_shop","name":null},"geometry":{"type":"Point","coordinates":[79.9482655,6.8490794]}},
{"type":"Feature","properties":{"osm_id":"9707491418","code":2512,"fclass":"clothes","name":"Newuruu Saree Collection"},"geometry":{"type":"Point","coordinates":[79.9606379,6.843959]}},
{"type":"Feature","properties":{"osm_id":"9733899402","code":2101,"fclass":"pharmacy","name":"Watsons"},"geometry":{"type":"Point","coordinates":[79.8617305,6.8716099]}},
{"type":"Feature","properties":{"osm_id":"9740481352","code":2501,"fclass":"supermarket","name":"Arpico"},"geometry":{"type":"Point","coordinates":[79.8885399,6.9774862]}},
{"type":"Feature","properties":{"osm_id":"9748408948","code":2501,"fclass":"supermarket","name":"Keels"},"geometry":{"type":"Point","coordinates":[79.9522981,6.6101301]}},
{"type":"Feature","properties":{"osm_id":"9755585666","code":2520,"fclass":"jeweller","name":"Dedigama Jewellers - Kottawa"},"geometry":{"type":"Point","coordinates":[79.9648598,6.8409208]}},
{"type":"Feature","properties":{"osm_id":"9759325223","code":2529,"fclass":"beauty_shop","name":"Honey Pot"},"geometry":{"type":"Point","coordinates":[79.8680787,6.8856338]}},
{"type":"Feature","properties":{"osm_id":"9759806009","code":2515,"fclass":"bookshop","name":"Poobalasingam book store"},"geometry":{"type":"Point","coordinates":[79.861861,6.8725499]}},
{"type":"Feature","properties":{"osm_id":"9766794728","code":2512,"fclass":"clothes","name":"fusion14"},"geometry":{"type":"Point","coordinates":[79.8680789,6.8856163]}},
{"type":"Feature","properties":{"osm_id":"9771013570","code":2542,"fclass":"bicycle_shop","name":null},"geometry":{"type":"Point","coordinates":[79.882774,6.9308865]}},
{"type":"Feature","properties":{"osm_id":"9771030526","code":2512,"fclass":"clothes","name":"Gali's Lingerie"},"geometry":{"type":"Point","coordinates":[79.9278203,6.8930493]}},
{"type":"Feature","properties":{"osm_id":"9771065808","code":2529,"fclass":"beauty_shop","name":"Vernis Nail Lounge"},"geometry":{"type":"Point","coordinates":[79.92708,6.8933013]}},
{"type":"Feature","properties":{"osm_id":"9774300437","code":2517,"fclass":"shoe_shop","name":"DSI"},"geometry":{"type":"Point","coordinates":[79.8613162,6.8739533]}},
{"type":"Feature","properties":{"osm_id":"9774300439","code":2512,"fclass":"clothes","name":null},"geometry":{"type":"Point","coordinates":[79.8617461,6.8739458]}},
{"type":"Feature","properties":{"osm_id":"9798359738","code":2526,"fclass":"toy_shop","name":"Toy Library"},"geometry":{"type":"Point","coordinates":[79.9305738,6.8886782]}},
{"type":"Feature","properties":{"osm_id":"9883235842","code":2529,"fclass":"beauty_shop","name":"Queen"},"geometry":{"type":"Point","coordinates":[80.0590166,7.1544316]}},
{"type":"Feature","properties":{"osm_id":"9883235843","code":2515,"fclass":"bookshop","name":"Ariyadasa Book Shop"},"geometry":{"type":"Point","coordinates":[80.0589541,7.1545037]}},
{"type":"Feature","properties":{"osm_id":"9883235844","code":2101,"fclass":"pharmacy","name":null},"geometry":{"type":"Point","coordinates":[80.0588763,7.1546025]}},
{"type":"Feature","properties":{"osm_id":"9883235848","code":2512,"fclass":"clothes","name":"Cheap Center"},"geometry":{"type":"Point","coordinates":[80.0587735,7.1545339]}},
{"type":"Feature","properties":{"osm_id":"9883235863","code":2515,"fclass":"bookshop","name":"Eknayake Book Shop"},"geometry":{"type":"Point","coordinates":[80.0586338,7.1545876]}},
{"type":"Feature","properties":{"osm_id":"9883235869","code":2512,"fclass":"clothes","name":"Nandhana Textiles"},"geometry":{"type":"Point","coordinates":[80.058591,7.1545951]}},
{"type":"Feature","properties":{"osm_id":"9883235887","code":2517,"fclass":"shoe_shop","name":"Sithumina Trade Center"},"geometry":{"type":"Point","coordinates":[80.058518,7.1546525]}},
{"type":"Feature","properties":{"osm_id":"9883235952","code":2520,"fclass":"jeweller","name":"Manik Maligawa"},"geometry":{"type":"Point","coordinates":[80.0580306,7.1545586]}},
{"type":"Feature","properties":{"osm_id":"9883235954","code":2101,"fclass":"pharmacy","name":"New City Pharmacy"},"geometry":{"type":"Point","coordinates":[80.0583333,7.1544561]}},
{"type":"Feature","properties":{"osm_id":"9883235958","code":2512,"fclass":"clothes","name":"Jayasiri Trade Center"},"geometry":{"type":"Point","coordinates":[80.0585629,7.1543007]}},
{"type":"Feature","properties":{"osm_id":"9883236176","code":2520,"fclass":"jeweller","name":"Mihiru Gold House"},"geometry":{"type":"Point","coordinates":[80.0574748,7.1550886]}},
{"type":"Feature","properties":{"osm_id":"9883236180","code":2529,"fclass":"beauty_shop","name":"Dream Lover"},"geometry":{"type":"Point","coordinates":[80.0569024,7.1554718]}},
{"type":"Feature","properties":{"osm_id":"9883236181","code":2520,"fclass":"jeweller","name":null},"geometry":{"type":"Point","coordinates":[80.0568366,7.1555089]}},
{"type":"Feature","properties":{"osm_id":"9883236184","code":2501,"fclass":"supermarket","name":"Sathosa"},"geometry":{"type":"Point","coordinates":[80.0567306,7.1557854]}},
{"type":"Feature","properties":{"osm_id":"9883236186","code":2515,"fclass":"bookshop","name":"Shanthi Lak Book Shop"},"geometry":{"type":"Point","coordinates":[80.0558264,7.1562487]}},
{"type":"Feature","properties":{"osm_id":"9883236187","code":2501,"fclass":"supermarket","name":"Somawathi Traders"},"geometry":{"type":"Point","coordinates":[80.0558553,7.1563323]}},
{"type":"Feature","properties":{"osm_id":"9883236196","code":2501,"fclass":"supermarket","name":"Tharushi Super"},"geometry":{"type":"Point","coordinates":[80.057717,7.1544958]}},
{"type":"Feature","properties":{"osm_id":"9883236227","code":2520,"fclass":"jeweller","name":"Subhani Jewerlers"},"geometry":{"type":"Point","coordinates":[80.0568834,7.1551761]}},
{"type":"Feature","properties":{"osm_id":"9883236253","code":2515,"fclass":"bookshop","name":"Ariyadasa Book Shop"},"geometry":{"type":"Point","coordinates":[80.0566457,7.1553639]}},
{"type":"Feature","properties":{"osm_id":"9883236265","code":2512,"fclass":"clothes","name":"Subhani Fashion"},"geometry":{"type":"Point","coordinates":[80.0562149,7.1555759]}},
{"type":"Feature","properties":{"osm_id":"9883236394","code":2515,"fclass":"bookshop","name":"Lakmini Book Shop"},"geometry":{"type":"Point","coordinates":[80.055834,7.1558531]}},
{"type":"Feature","properties":{"osm_id":"9883236396","code":2542,"fclass":"bicycle_shop","name":"Himashi Bicycle Center"},"geometry":{"type":"Point","coordinates":[80.0559388,7.1557861]}},
{"type":"Feature","properties":{"osm_id":"9887018989","code":2512,"fclass":"clothes","name":"First Lady"},"geometry":{"type":"Point","coordinates":[79.8622847,6.8704115]}},
{"type":"Feature","properties":{"osm_id":"9907146303","code":2101,"fclass":"pharmacy","name":"Care Pharmacy"},"geometry":{"type":"Point","coordinates":[80.0660686,6.7175572]}},
{"type":"Feature","properties":{"osm_id":"9932900772","code":2512,"fclass":"clothes","name":"Franfay"},"geometry":{"type":"Point","coordinates":[79.8658433,6.8747558]}},
{"type":"Feature","properties":{"osm_id":"9936308591","code":2501,"fclass":"supermarket","name":"Softlogic GLOMARK"},"geometry":{"type":"Point","coordinates":[79.8668182,6.8362154]}},
{"type":"Feature","properties":{"osm_id":"9938162209","code":2521,"fclass":"gift_shop","name":null},"geometry":{"type":"Point","coordinates":[80.1047741,6.9215917]}},
{"type":"Feature","properties":{"osm_id":"9951112520","code":2512,"fclass":"clothes","name":"LCY"},"geometry":{"type":"Point","coordinates":[79.8447778,6.9276017]}},
{"type":"Feature","properties":{"osm_id":"9951112521","code":2517,"fclass":"shoe_shop","name":"DSI Premier"},"geometry":{"type":"Point","coordinates":[79.8448801,6.9275695]}},
{"type":"Feature","properties":{"osm_id":"9951112522","code":2512,"fclass":"clothes","name":"ODEL"},"geometry":{"type":"Point","coordinates":[79.8449416,6.9275136]}},
{"type":"Feature","properties":{"osm_id":"9971831084","code":2512,"fclass":"clothes","name":"Aara"},"geometry":{"type":"Point","coordinates":[79.8662635,6.8729922]}},
{"type":"Feature","properties":{"osm_id":"9992118247","code":2512,"fclass":"clothes","name":"Cotton Rich"},"geometry":{"type":"Point","coordinates":[79.861938,6.871988]}},
{"type":"Feature","properties":{"osm_id":"9992118249","code":2520,"fclass":"jeweller","name":"Sangeetha jewels"},"geometry":{"type":"Point","coordinates":[79.8619175,6.8720677]}},
{"type":"Feature","properties":{"osm_id":"9992118250","code":2512,"fclass":"clothes","name":"Sola"},"geometry":{"type":"Point","coordinates":[79.8619116,6.8720986]}},
{"type":"Feature","properties":{"osm_id":"9992118252","code":2512,"fclass":"clothes","name":"Fashion way"},"geometry":{"type":"Point","coordinates":[79.8618923,6.8721619]}},
{"type":"Feature","properties":{"osm_id":"9992118253","code":2523,"fclass":"stationery","name":"Shri Ram book Centre"},"geometry":{"type":"Point","coordinates":[79.8616911,6.8720485]}},
{"type":"Feature","properties":{"osm_id":"9992118260","code":2501,"fclass":"supermarket","name":"Thulir supermarket"},"geometry":{"type":"Point","coordinates":[79.8615925,6.8724469]}},
{"type":"Feature","properties":{"osm_id":"10019806419","code":2523,"fclass":"stationery","name":"Luminex Bookshop"},"geometry":{"type":"Point","coordinates":[79.9238373,6.8007345]}},
{"type":"Feature","properties":{"osm_id":"10030733119","code":2501,"fclass":"supermarket","name":null},"geometry":{"type":"Point","coordinates":[80.0875294,6.6116275]}},
{"type":"Feature","properties":{"osm_id":"10030844523","code":2512,"fclass":"clothes","name":"Amaya Saree"},"geometry":{"type":"Point","coordinates":[79.8991447,6.8749351]}},
{"type":"Feature","properties":{"osm_id":"10030862552","code":2501,"fclass":"supermarket","name":"Lanka Sathosa"},"geometry":{"type":"Point","coordinates":[79.8984025,6.8747779]}},
{"type":"Feature","properties":{"osm_id":"10032982047","code":2542,"fclass":"bicycle_shop","name":null},"geometry":{"type":"Point","coordinates":[80.0496593,6.8219396]}},
{"type":"Feature","properties":{"osm_id":"10050575008","code":2101,"fclass":"pharmacy","name":"Wellawatte Pharmacy"},"geometry":{"type":"Point","coordinates":[79.8616743,6.8719291]}},
{"type":"Feature","properties":{"osm_id":"10050575011","code":2101,"fclass":"pharmacy","name":"United Pharmacy"},"geometry":{"type":"Point","coordinates":[79.8616945,6.8718086]}},
{"type":"Feature","properties":{"osm_id":"10050575013","code":2515,"fclass":"bookshop","name":"Shankar book shop"},"geometry":{"type":"Point","coordinates":[79.8617077,6.8717566]}},
{"type":"Feature","properties":{"osm_id":"10058769749","code":2521,"fclass":"gift_shop","name":"Siththam.com"},"geometry":{"type":"Point","coordinates":[79.9426325,6.780476]}},
{"type":"Feature","properties":{"osm_id":"10085907119","code":2101,"fclass":"pharmacy","name":"Get Well Medicals"},"geometry":{"type":"Point","coordinates":[79.8622852,6.8701113]}},
{"type":"Feature","properties":{"osm_id":"10085907121","code":2529,"fclass":"beauty_shop","name":"Shobiz"},"geometry":{"type":"Point","coordinates":[79.8623038,6.8700197]}},
{"type":"Feature","properties":{"osm_id":"10085907122","code":2517,"fclass":"shoe_shop","name":"Tee & Co"},"geometry":{"type":"Point","coordinates":[79.8623002,6.869987]}},
{"type":"Feature","properties":{"osm_id":"10102469551","code":2101,"fclass":"pharmacy","name":"Raj Super"},"geometry":{"type":"Point","coordinates":[79.8654296,6.8767056]}},
{"type":"Feature","properties":{"osm_id":"10107520124","code":2566,"fclass":"bicycle_rental","name":null},"geometry":{"type":"Point","coordinates":[79.8616466,6.9150936]}},
{"type":"Feature","properties":{"osm_id":"10110505995","code":2501,"fclass":"supermarket","name":"Annai Nagaa Food City"},"geometry":{"type":"Point","coordinates":[79.862358,6.8682027]}},
{"type":"Feature","properties":{"osm_id":"10110505999","code":2101,"fclass":"pharmacy","name":null},"geometry":{"type":"Point","coordinates":[79.8623096,6.8684147]}},
{"type":"Feature","properties":{"osm_id":"10110506004","code":2101,"fclass":"pharmacy","name":"Metro Pharmacy"},"geometry":{"type":"Point","coordinates":[79.8622887,6.8686447]}},
{"type":"Feature","properties":{"osm_id":"10110506005","code":2515,"fclass":"bookshop","name":"Senanayake Book Shop"},"geometry":{"type":"Point","coordinates":[79.862386,6.8681409]}},
{"type":"Feature","properties":{"osm_id":"10110506007","code":2515,"fclass":"bookshop","name":"Windsor book shop"},"geometry":{"type":"Point","coordinates":[79.8623974,6.8680245]}},
{"type":"Feature","properties":{"osm_id":"10110506008","code":2101,"fclass":"pharmacy","name":"Dhanvanthri Pharmacy"},"geometry":{"type":"Point","coordinates":[79.8624622,6.8678628]}},
{"type":"Feature","properties":{"osm_id":"10112922249","code":2501,"fclass":"supermarket","name":"Vasantham Foods"},"geometry":{"type":"Point","coordinates":[79.8624806,6.8691021]}},
{"type":"Feature","properties":{"osm_id":"10112922250","code":2501,"fclass":"supermarket","name":"Amma Food Store"},"geometry":{"type":"Point","coordinates":[79.8625342,6.8691343]}},
{"type":"Feature","properties":{"osm_id":"10112922251","code":2512,"fclass":"clothes","name":"London Stores"},"geometry":{"type":"Point","coordinates":[79.8624806,6.8690369]}},
{"type":"Feature","properties":{"osm_id":"10112922252","code":2520,"fclass":"jeweller","name":"Wellawatte Saraniyaa Jewel"},"geometry":{"type":"Point","coordinates":[79.8625211,6.8689566]}},
{"type":"Feature","properties":{"osm_id":"10112922253","code":2520,"fclass":"jeweller","name":"Jewewl Samudra"},"geometry":{"type":"Point","coordinates":[79.8625371,6.8687565]}},
{"type":"Feature","properties":{"osm_id":"10120321250","code":2526,"fclass":"toy_shop","name":"The Toy Store"},"geometry":{"type":"Point","coordinates":[79.8448953,6.9278453]}},
{"type":"Feature","properties":{"osm_id":"10157214449","code":2515,"fclass":"bookshop","name":"Sarasavi Publishers"},"geometry":{"type":"Point","coordinates":[79.845339,6.9272354]}},
{"type":"Feature","properties":{"osm_id":"10167923343","code":2501,"fclass":"supermarket","name":"Cargills Food City"},"geometry":{"type":"Point","coordinates":[79.9339539,6.8919755]}},
{"type":"Feature","properties":{"osm_id":"10199076848","code":2542,"fclass":"bicycle_shop","name":null},"geometry":{"type":"Point","coordinates":[79.9649016,6.7877515]}},
{"type":"Feature","properties":{"osm_id":"10199077109","code":2542,"fclass":"bicycle_shop","name":null},"geometry":{"type":"Point","coordinates":[79.9663532,6.8083477]}},
{"type":"Feature","properties":{"osm_id":"10200955880","code":2101,"fclass":"pharmacy","name":"Wellawatte drugs & chemist"},"geometry":{"type":"Point","coordinates":[79.8665157,6.8765855]}},
{"type":"Feature","properties":{"osm_id":"10200961962","code":2523,"fclass":"stationery","name":"Pen to papers"},"geometry":{"type":"Point","coordinates":[79.8661611,6.8765788]}},
{"type":"Feature","properties":{"osm_id":"10209234906","code":2523,"fclass":"stationery","name":"Alston Stationery"},"geometry":{"type":"Point","coordinates":[79.8578659,6.9151261]}},
{"type":"Feature","properties":{"osm_id":"10212047890","code":2520,"fclass":"jeweller","name":"Nithya Ashree"},"geometry":{"type":"Point","coordinates":[79.8613933,6.8737622]}},
{"type":"Feature","properties":{"osm_id":"10212047891","code":2520,"fclass":"jeweller","name":"Madhavi jewellers"},"geometry":{"type":"Point","coordinates":[79.8613892,6.8738204]}},
{"type":"Feature","properties":{"osm_id":"10217261978","code":2512,"fclass":"clothes","name":"Nolimit"},"geometry":{"type":"Point","coordinates":[79.8553983,6.9173114]}},
{"type":"Feature","properties":{"osm_id":"10219807992","code":2512,"fclass":"clothes","name":"ODEL"},"geometry":{"type":"Point","coordinates":[79.8556755,6.9177434]}},
{"type":"Feature","properties":{"osm_id":"10219868130","code":2512,"fclass":"clothes","name":"Aviraté"},"geometry":{"type":"Point","coordinates":[79.8554111,6.9177995]}},
{"type":"Feature","properties":{"osm_id":"10219868131","code":2517,"fclass":"shoe_shop","name":"DSI Premier"},"geometry":{"type":"Point","coordinates":[79.8555661,6.917772]}},
{"type":"Feature","properties":{"osm_id":"10219971202","code":2520,"fclass":"jeweller","name":"Chamathka"},"geometry":{"type":"Point","coordinates":[79.8550259,6.9175884]}},
{"type":"Feature","properties":{"osm_id":"10220030689","code":2522,"fclass":"sports_shop","name":"ODEL sports"},"geometry":{"type":"Point","coordinates":[79.8550324,6.917646]}},
{"type":"Feature","properties":{"osm_id":"10220039109","code":2517,"fclass":"shoe_shop","name":"Skechers"},"geometry":{"type":"Point","coordinates":[79.8549805,6.9176276]}},
{"type":"Feature","properties":{"osm_id":"10220049575","code":2512,"fclass":"clothes","name":"Under Armour"},"geometry":{"type":"Point","coordinates":[79.8551847,6.9175859]}},
{"type":"Feature","properties":{"osm_id":"10223656029","code":2517,"fclass":"shoe_shop","name":null},"geometry":{"type":"Point","coordinates":[79.8901938,6.8724102]}},
{"type":"Feature","properties":{"osm_id":"10242465910","code":2523,"fclass":"stationery","name":null},"geometry":{"type":"Point","coordinates":[79.9751111,6.561611]}},
{"type":"Feature","properties":{"osm_id":"10242465911","code":2523,"fclass":"stationery","name":null},"geometry":{"type":"Point","coordinates":[79.9746267,6.561467]}},
{"type":"Feature","properties":{"osm_id":"10246050408","code":2101,"fclass":"pharmacy","name":"New Amman Medicals"},"geometry":{"type":"Point","coordinates":[79.8610402,6.8748379]}},
{"type":"Feature","properties":{"osm_id":"10248466059","code":2512,"fclass":"clothes","name":"Crocodile Flagship store"},"geometry":{"type":"Point","coordinates":[79.8538709,6.9053084]}},
{"type":"Feature","properties":{"osm_id":"10269685064","code":2542,"fclass":"bicycle_shop","name":null},"geometry":{"type":"Point","coordinates":[79.921904,6.903532]}},
{"type":"Feature","properties":{"osm_id":"10273305565","code":2501,"fclass":"supermarket","name":"Cargills Food City"},"geometry":{"type":"Point","coordinates":[79.858174,6.8962144]}},
{"type":"Feature","properties":{"osm_id":"10282010109","code":2101,"fclass":"pharmacy","name":null},"geometry":{"type":"Point","coordinates":[80.0088031,6.4539048]}},
{"type":"Feature","properties":{"osm_id":"10286783880","code":2101,"fclass":"pharmacy","name":"Shakthi Medicals"},"geometry":{"type":"Point","coordinates":[79.8498529,6.9113437]}},
{"type":"Feature","properties":{"osm_id":"10286839861","code":2512,"fclass":"clothes","name":"MONDY"},"geometry":{"type":"Point","coordinates":[79.8549795,6.9126381]}},
{"type":"Feature","properties":{"osm_id":"10287793658","code":2512,"fclass":"clothes","name":"F.O.A"},"geometry":{"type":"Point","coordinates":[79.8450164,6.9284198]}},
{"type":"Feature","properties":{"osm_id":"10291746323","code":2501,"fclass":"supermarket","name":"Cargills Food City"},"geometry":{"type":"Point","coordinates":[79.855295,6.9172844]}},
{"type":"Feature","properties":{"osm_id":"10292484409","code":2522,"fclass":"sports_shop","name":null},"geometry":{"type":"Point","coordinates":[79.977915,6.4545627]}},
{"type":"Feature","properties":{"osm_id":"10303785257","code":2512,"fclass":"clothes","name":"Pothy's"},"geometry":{"type":"Point","coordinates":[79.8611281,6.8753916]}},
{"type":"Feature","properties":{"osm_id":"10303785258","code":2512,"fclass":"clothes","name":"Kasmins"},"geometry":{"type":"Point","coordinates":[79.8613381,6.875421]}},
{"type":"Feature","properties":{"osm_id":"10303785260","code":2520,"fclass":"jeweller","name":"Ambrita Jewellery"},"geometry":{"type":"Point","coordinates":[79.8611879,6.8751955]}},
{"type":"Feature","properties":{"osm_id":"10303785261","code":2512,"fclass":"clothes","name":"Peter Stores"},"geometry":{"type":"Point","coordinates":[79.8612514,6.8750044]}},
{"type":"Feature","properties":{"osm_id":"10303785263","code":2517,"fclass":"shoe_shop","name":"Bata"},"geometry":{"type":"Point","coordinates":[79.8612226,6.8751299]}},
{"type":"Feature","properties":{"osm_id":"10303785265","code":2520,"fclass":"jeweller","name":"Kalpana Stores"},"geometry":{"type":"Point","coordinates":[79.8613517,6.8746993]}},
{"type":"Feature","properties":{"osm_id":"10303785267","code":2513,"fclass":"florist","name":null},"geometry":{"type":"Point","coordinates":[79.8613849,6.8746419]}},
{"type":"Feature","properties":{"osm_id":"10303785268","code":2016,"fclass":"market_place","name":"Wellawatte Market"},"geometry":{"type":"Point","coordinates":[79.8616721,6.8745265]}},
{"type":"Feature","properties":{"osm_id":"10303785269","code":2515,"fclass":"bookshop","name":"Daniels Bookshop"},"geometry":{"type":"Point","coordinates":[79.8617288,6.8731783]}},
{"type":"Feature","properties":{"osm_id":"10303785270","code":2512,"fclass":"clothes","name":"Abhiruca"},"geometry":{"type":"Point","coordinates":[79.8617262,6.8731508]}},
{"type":"Feature","properties":{"osm_id":"10303785271","code":2101,"fclass":"pharmacy","name":"Vaigee Pharmacy"},"geometry":{"type":"Point","coordinates":[79.8617335,6.8731251]}},
{"type":"Feature","properties":{"osm_id":"10303785275","code":2520,"fclass":"jeweller","name":"Ambiga Jewellers"},"geometry":{"type":"Point","coordinates":[79.8617456,6.8730658]}},
{"type":"Feature","properties":{"osm_id":"10542484908","code":2517,"fclass":"shoe_shop","name":"DSI"},"geometry":{"type":"Point","coordinates":[79.8763681,6.8923398]}},
{"type":"Feature","properties":{"osm_id":"10565231431","code":2501,"fclass":"supermarket","name":"Cargills Food City"},"geometry":{"type":"Point","coordinates":[79.8646309,6.8591951]}},
{"type":"Feature","properties":{"osm_id":"10565406761","code":2529,"fclass":"beauty_shop","name":"Hemys Bridal & Beauty Care"},"geometry":{"type":"Point","coordinates":[79.8652904,6.8764366]}},
{"type":"Feature","properties":{"osm_id":"10609583705","code":2563,"fclass":"car_rental","name":null},"geometry":{"type":"Point","coordinates":[79.8672748,7.1673624]}},
{"type":"Feature","properties":{"osm_id":"10680950625","code":2542,"fclass":"bicycle_shop","name":"Ratna Cycle"},"geometry":{"type":"Point","coordinates":[80.0882995,6.4287851]}},
{"type":"Feature","properties":{"osm_id":"10681199834","code":2520,"fclass":"jeweller","name":"Careems"},"geometry":{"type":"Point","coordinates":[79.8448248,6.9325042]}},
{"type":"Feature","properties":{"osm_id":"10684623547","code":2101,"fclass":"pharmacy","name":null},"geometry":{"type":"Point","coordinates":[80.0811072,6.4113665]}},
{"type":"Feature","properties":{"osm_id":"10688691228","code":2101,"fclass":"pharmacy","name":"New Bambalapitiya Pharmacy"},"geometry":{"type":"Point","coordinates":[79.8553949,6.8943043]}},
{"type":"Feature","properties":{"osm_id":"10702093739","code":2501,"fclass":"supermarket","name":"Cargills Food City"},"geometry":{"type":"Point","coordinates":[79.868635,6.9018094]}},
{"type":"Feature","properties":{"osm_id":"10716243300","code":2501,"fclass":"supermarket","name":"Cargills Food City"},"geometry":{"type":"Point","coordinates":[79.8572459,7.2625275]}},
{"type":"Feature","properties":{"osm_id":"10727373744","code":2515,"fclass":"bookshop","name":"Sarasavi book shop"},"geometry":{"type":"Point","coordinates":[79.8760754,6.9081261]}},
{"type":"Feature","properties":{"osm_id":"10770166226","code":2512,"fclass":"clothes","name":"Emmee collection"},"geometry":{"type":"Point","coordinates":[79.8598204,6.878956]}},
{"type":"Feature","properties":{"osm_id":"10778341551","code":2522,"fclass":"sports_shop","name":"Glory swim shop"},"geometry":{"type":"Point","coordinates":[79.8622761,6.904401]}},
{"type":"Feature","properties":{"osm_id":"10931141947","code":2529,"fclass":"beauty_shop","name":"#shop"},"geometry":{"type":"Point","coordinates":[80.0909158,6.8587043]}},
{"type":"Feature","properties":{"osm_id":"10931153811","code":2101,"fclass":"pharmacy","name":"#pharmacy"},"geometry":{"type":"Point","coordinates":[80.0856874,6.8841447]}},
{"type":"Feature","properties":{"osm_id":"10936355625","code":2501,"fclass":"supermarket","name":"Market Place, Pitipana."},"geometry":{"type":"Point","coordinates":[80.0241488,6.8356972]}},
{"type":"Feature","properties":{"osm_id":"10936355626","code":2501,"fclass":"supermarket","name":"Sudu Araliya, Food City, Pitipana,"},"geometry":{"type":"Point","coordinates":[80.0237584,6.836777]}},
{"type":"Feature","properties":{"osm_id":"10946071767","code":2501,"fclass":"supermarket","name":"Keels"},"geometry":{"type":"Point","coordinates":[79.8446099,6.9272713]}},
{"type":"Feature","properties":{"osm_id":"10963749627","code":2101,"fclass":"pharmacy","name":null},"geometry":{"type":"Point","coordinates":[79.9199456,6.8763204]}},
{"type":"Feature","properties":{"osm_id":"11012619375","code":2501,"fclass":"supermarket","name":"Laky Grocery"},"geometry":{"type":"Point","coordinates":[80.0771075,6.4057791]}},
{"type":"Feature","properties":{"osm_id":"11012619376","code":2501,"fclass":"supermarket","name":"Tharindu Grocery"},"geometry":{"type":"Point","coordinates":[80.0749572,6.4048058]}},
{"type":"Feature","properties":{"osm_id":"11012619377","code":2501,"fclass":"supermarket","name":"Supper Fashion"},"geometry":{"type":"Point","coordinates":[80.0727947,6.4035469]}},
{"type":"Feature","properties":{"osm_id":"11012619385","code":2520,"fclass":"jeweller","name":"Dihansa Gold House"},"geometry":{"type":"Point","coordinates":[80.0815267,6.4121503]}},
{"type":"Feature","properties":{"osm_id":"11012619388","code":2515,"fclass":"bookshop","name":"Ama Book Shop"},"geometry":{"type":"Point","coordinates":[80.0812358,6.4119706]}},
{"type":"Feature","properties":{"osm_id":"11018976668","code":2520,"fclass":"jeweller","name":"Balage Juwellers"},"geometry":{"type":"Point","coordinates":[79.9079656,6.7141318]}},
{"type":"Feature","properties":{"osm_id":"11018993431","code":2512,"fclass":"clothes","name":"Ard selections (Pvt) Ltd"},"geometry":{"type":"Point","coordinates":[79.9081674,6.714122]}},
{"type":"Feature","properties":{"osm_id":"11018993494","code":2517,"fclass":"shoe_shop","name":"Beta Shoes"},"geometry":{"type":"Point","coordinates":[79.9076898,6.7156306]}},
{"type":"Feature","properties":{"osm_id":"11020614265","code":2101,"fclass":"pharmacy","name":"Rajya Osusala"},"geometry":{"type":"Point","coordinates":[79.9079937,6.7182845]}},
{"type":"Feature","properties":{"osm_id":"11020663125","code":2101,"fclass":"pharmacy","name":"Care Pharmacy"},"geometry":{"type":"Point","coordinates":[79.9077859,6.7168706]}},
{"type":"Feature","properties":{"osm_id":"11068258756","code":2501,"fclass":"supermarket","name":null},"geometry":{"type":"Point","coordinates":[79.9229029,6.8499862]}},
{"type":"Feature","properties":{"osm_id":"11068264176","code":2501,"fclass":"supermarket","name":null},"geometry":{"type":"Point","coordinates":[80.0730867,6.6250642]}},
{"type":"Feature","properties":{"osm_id":"11068267247","code":2501,"fclass":"supermarket","name":"Yagoda stores"},"geometry":{"type":"Point","coordinates":[79.9914105,7.0927699]}},
{"type":"Feature","properties":{"osm_id":"11068305581","code":2501,"fclass":"supermarket","name":"Ranjan Lanka Pvt Ltd"},"geometry":{"type":"Point","coordinates":[79.9941904,7.0935209]}},
{"type":"Feature","properties":{"osm_id":"11068775508","code":2501,"fclass":"supermarket","name":"Gelanigama Stores"},"geometry":{"type":"Point","coordinates":[80.0013111,6.7192345]}},
{"type":"Feature","properties":{"osm_id":"11330642723","code":2501,"fclass":"supermarket","name":"Greenware Premium"},"geometry":{"type":"Point","coordinates":[79.8566922,6.8894497]}},
{"type":"Feature","properties":{"osm_id":"11381176152","code":2501,"fclass":"supermarket","name":"CO OP City"},"geometry":{"type":"Point","coordinates":[79.909411,7.0020865]}},
{"type":"Feature","properties":{"osm_id":"11633710831","code":2101,"fclass":"pharmacy","name":null},"geometry":{"type":"Point","coordinates":[79.9039694,6.8538002]}},
{"type":"Feature","properties":{"osm_id":"11659183867","code":2529,"fclass":"beauty_shop","name":"Srina Palace"},"geometry":{"type":"Point","coordinates":[79.877504,6.9161041]}},
{"type":"Feature","properties":{"osm_id":"11668743943","code":2501,"fclass":"supermarket","name":"Cargills Food City"},"geometry":{"type":"Point","coordinates":[79.8983589,6.8687898]}},
{"type":"Feature","properties":{"osm_id":"11668950866","code":2515,"fclass":"bookshop","name":"Sarasavi Book Shop - Nugegoda"},"geometry":{"type":"Point","coordinates":[79.888864,6.8703058]}},
{"type":"Feature","properties":{"osm_id":"11694410998","code":2101,"fclass":"pharmacy","name":"The Hope Pharmacy"},"geometry":{"type":"Point","coordinates":[79.8411995,7.231584]}},
{"type":"Feature","properties":{"osm_id":"11700802138","code":2512,"fclass":"clothes","name":"Thilakavarthana"},"geometry":{"type":"Point","coordinates":[80.0937086,7.1390177]}},
{"type":"Feature","properties":{"osm_id":"11703356563","code":2520,"fclass":"jeweller","name":"Attidiya Jewellery"},"geometry":{"type":"Point","coordinates":[79.8846532,6.8394945]}},
{"type":"Feature","properties":{"osm_id":"11703356566","code":2512,"fclass":"clothes","name":"Sanath Tailors Aunty Tex"},"geometry":{"type":"Point","coordinates":[79.8843976,6.8396339]}},
{"type":"Feature","properties":{"osm_id":"11704123565","code":2512,"fclass":"clothes","name":"Lal Tailors & Textiles"},"geometry":{"type":"Point","coordinates":[79.8856971,6.8326735]}},
{"type":"Feature","properties":{"osm_id":"11704167171","code":2563,"fclass":"car_rental","name":"Ishara Enterprise"},"geometry":{"type":"Point","coordinates":[79.8851138,6.8348571]}},
{"type":"Feature","properties":{"osm_id":"11724785254","code":2513,"fclass":"florist","name":"Shinepetal - Fresh Flower Shop"},"geometry":{"type":"Point","coordinates":[79.8882914,6.8557192]}},
{"type":"Feature","properties":{"osm_id":"11746965803","code":2501,"fclass":"supermarket","name":"OnMore Supermarket"},"geometry":{"type":"Point","coordinates":[79.9159781,7.2309326]}},
{"type":"Feature","properties":{"osm_id":"11775194357","code":2501,"fclass":"supermarket","name":"Cargills"},"geometry":{"type":"Point","coordinates":[80.0641254,6.8562771]}},
{"type":"Feature","properties":{"osm_id":"11775238000","code":2101,"fclass":"pharmacy","name":"Jeewaka Pharmacy"},"geometry":{"type":"Point","coordinates":[79.9594735,6.8804831]}},
{"type":"Feature","properties":{"osm_id":"11775242596","code":2513,"fclass":"florist","name":null},"geometry":{"type":"Point","coordinates":[79.9478263,6.8801848]}},
{"type":"Feature","properties":{"osm_id":"11794957331","code":2101,"fclass":"pharmacy","name":null},"geometry":{"type":"Point","coordinates":[79.9422161,6.8787386]}},
{"type":"Feature","properties":{"osm_id":"11841744278","code":2529,"fclass":"beauty_shop","name":null},"geometry":{"type":"Point","coordinates":[79.8721013,6.8208397]}},
{"type":"Feature","properties":{"osm_id":"11842721271","code":2529,"fclass":"beauty_shop","name":null},"geometry":{"type":"Point","coordinates":[79.8657189,6.8510487]}},
{"type":"Feature","properties":{"osm_id":"11842763172","code":2101,"fclass":"pharmacy","name":"no place"},"geometry":{"type":"Point","coordinates":[79.8653421,6.848993]}},
{"type":"Feature","properties":{"osm_id":"11842771071","code":2512,"fclass":"clothes","name":null},"geometry":{"type":"Point","coordinates":[79.8651479,6.8515535]}},
{"type":"Feature","properties":{"osm_id":"11842860079","code":2501,"fclass":"supermarket","name":null},"geometry":{"type":"Point","coordinates":[79.8626682,6.8510681]}},
{"type":"Feature","properties":{"osm_id":"11842860293","code":2501,"fclass":"supermarket","name":null},"geometry":{"type":"Point","coordinates":[79.8630749,6.851907]}},
{"type":"Feature","properties":{"osm_id":"11842861789","code":2501,"fclass":"supermarket","name":null},"geometry":{"type":"Point","coordinates":[79.8645289,6.849665]}},
{"type":"Feature","properties":{"osm_id":"11842871786","code":2501,"fclass":"supermarket","name":null},"geometry":{"type":"Point","coordinates":[79.8627274,6.85108]}},
{"type":"Feature","properties":{"osm_id":"11842908869","code":2529,"fclass":"beauty_shop","name":null},"geometry":{"type":"Point","coordinates":[79.8653551,6.8525189]}},
{"type":"Feature","properties":{"osm_id":"11842911170","code":2501,"fclass":"supermarket","name":null},"geometry":{"type":"Point","coordinates":[79.8624579,6.8508443]}},
{"type":"Feature","properties":{"osm_id":"11842911270","code":2512,"fclass":"clothes","name":null},"geometry":{"type":"Point","coordinates":[79.8644026,6.8512726]}},
{"type":"Feature","properties":{"osm_id":"11842924271","code":2520,"fclass":"jeweller","name":null},"geometry":{"type":"Point","coordinates":[79.8657483,6.8511817]}},
{"type":"Feature","properties":{"osm_id":"11842929769","code":2517,"fclass":"shoe_shop","name":null},"geometry":{"type":"Point","coordinates":[79.8658646,6.8505786]}},
{"type":"Feature","properties":{"osm_id":"11842943376","code":2512,"fclass":"clothes","name":null},"geometry":{"type":"Point","coordinates":[79.8660492,6.8519019]}},
{"type":"Feature","properties":{"osm_id":"11842944369","code":2512,"fclass":"clothes","name":null},"geometry":{"type":"Point","coordinates":[79.8655324,6.8541527]}},
{"type":"Feature","properties":{"osm_id":"11842944470","code":2512,"fclass":"clothes","name":null},"geometry":{"type":"Point","coordinates":[79.8655609,6.8542146]}},
{"type":"Feature","properties":{"osm_id":"11842945098","code":2512,"fclass":"clothes","name":null},"geometry":{"type":"Point","coordinates":[79.8670626,6.8510538]}},
{"type":"Feature","properties":{"osm_id":"11842956540","code":2520,"fclass":"jeweller","name":null},"geometry":{"type":"Point","coordinates":[79.8660978,6.8520239]}},
{"type":"Feature","properties":{"osm_id":"11842960670","code":2501,"fclass":"supermarket","name":null},"geometry":{"type":"Point","coordinates":[79.8663984,6.8514184]}},
{"type":"Feature","properties":{"osm_id":"11842962869","code":2512,"fclass":"clothes","name":null},"geometry":{"type":"Point","coordinates":[79.8660457,6.8518888]}},
{"type":"Feature","properties":{"osm_id":"11842965669","code":2512,"fclass":"clothes","name":null},"geometry":{"type":"Point","coordinates":[79.8660471,6.8519877]}},
{"type":"Feature","properties":{"osm_id":"11843054575","code":2501,"fclass":"supermarket","name":null},"geometry":{"type":"Point","coordinates":[79.8665595,6.8513189]}},
{"type":"Feature","properties":{"osm_id":"11843066869","code":2501,"fclass":"supermarket","name":null},"geometry":{"type":"Point","coordinates":[79.8663687,6.8513461]}},
{"type":"Feature","properties":{"osm_id":"11862652088","code":2512,"fclass":"clothes","name":null},"geometry":{"type":"Point","coordinates":[79.8660287,6.8519657]}},
{"type":"Feature","properties":{"osm_id":"11862652089","code":2520,"fclass":"jeweller","name":null},"geometry":{"type":"Point","coordinates":[79.8660588,6.8519751]}},
{"type":"Feature","properties":{"osm_id":"11862652289","code":2512,"fclass":"clothes","name":null},"geometry":{"type":"Point","coordinates":[79.8661821,6.8515005]}},
{"type":"Feature","properties":{"osm_id":"11862652296","code":2512,"fclass":"clothes","name":null},"geometry":{"type":"Point","coordinates":[79.8660736,6.851806]}},
{"type":"Feature","properties":{"osm_id":"11862652389","code":2501,"fclass":"supermarket","name":null},"geometry":{"type":"Point","coordinates":[79.8667531,6.8513132]}},
{"type":"Feature","properties":{"osm_id":"11862652575","code":2517,"fclass":"shoe_shop","name":null},"geometry":{"type":"Point","coordinates":[79.8660958,6.851719]}},
{"type":"Feature","properties":{"osm_id":"11982351398","code":2512,"fclass":"clothes","name":"CIB Accessories"},"geometry":{"type":"Point","coordinates":[79.9277711,6.8546175]}},
{"type":"Feature","properties":{"osm_id":"12002014227","code":2520,"fclass":"jeweller","name":"Arujina Jewellery"},"geometry":{"type":"Point","coordinates":[79.8658266,6.8509071]}},
{"type":"Feature","properties":{"osm_id":"12002014231","code":2520,"fclass":"jeweller","name":"Dehiwala Gold House"},"geometry":{"type":"Point","coordinates":[79.8657808,6.8490173]}},
{"type":"Feature","properties":{"osm_id":"12002014234","code":2501,"fclass":"supermarket","name":"Piyasena"},"geometry":{"type":"Point","coordinates":[79.8660824,6.8492954]}},
{"type":"Feature","properties":{"osm_id":"12002014235","code":2512,"fclass":"clothes","name":"Odika Fashion"},"geometry":{"type":"Point","coordinates":[79.8661883,6.84958]}},
{"type":"Feature","properties":{"osm_id":"12014318032","code":2520,"fclass":"jeweller","name":"Sun Jewelles"},"geometry":{"type":"Point","coordinates":[79.8662821,6.8511602]}},
{"type":"Feature","properties":{"osm_id":"12022124693","code":2504,"fclass":"mall","name":"Reliable Centre"},"geometry":{"type":"Point","coordinates":[79.888258,6.9758203]}},
{"type":"Feature","properties":{"osm_id":"12023879293","code":2501,"fclass":"supermarket","name":null},"geometry":{"type":"Point","coordinates":[79.8919344,6.971746]}},
{"type":"Feature","properties":{"osm_id":"12023884369","code":2526,"fclass":"toy_shop","name":"Fine Toy"},"geometry":{"type":"Point","coordinates":[79.8920296,6.971577]}},
{"type":"Feature","properties":{"osm_id":"12023893291","code":2515,"fclass":"bookshop","name":"Uranus Book Shop"},"geometry":{"type":"Point","coordinates":[79.890663,6.9753242]}},
{"type":"Feature","properties":{"osm_id":"12023894417","code":2512,"fclass":"clothes","name":"Sumithra Garments (Pte) Ltd- Clothing Supply"},"geometry":{"type":"Point","coordinates":[79.8905497,6.9757662]}},
{"type":"Feature","properties":{"osm_id":"12024063420","code":2512,"fclass":"clothes","name":"Wattala Texttile"},"geometry":{"type":"Point","coordinates":[79.8906134,6.97549]}},
{"type":"Feature","properties":{"osm_id":"12024078606","code":2101,"fclass":"pharmacy","name":"Pure Life Pharmacy"},"geometry":{"type":"Point","coordinates":[79.8907194,6.9751685]}},
{"type":"Feature","properties":{"osm_id":"12024095148","code":2512,"fclass":"clothes","name":"Evolution Trendz"},"geometry":{"type":"Point","coordinates":[79.8911492,6.9740616]}},
{"type":"Feature","properties":{"osm_id":"12024105609","code":2529,"fclass":"beauty_shop","name":"Salon Glamour"},"geometry":{"type":"Point","coordinates":[79.8907006,6.9752144]}},
{"type":"Feature","properties":{"osm_id":"12024871929","code":2504,"fclass":"mall","name":"Trend cosmetics"},"geometry":{"type":"Point","coordinates":[79.8922925,6.9714126]}},
{"type":"Feature","properties":{"osm_id":"12099877809","code":2522,"fclass":"sports_shop","name":"GS Sports"},"geometry":{"type":"Point","coordinates":[79.8538573,6.8988503]}},
{"type":"Feature","properties":{"osm_id":"12099877810","code":2520,"fclass":"jeweller","name":"Colombo Jewellery Stores"},"geometry":{"type":"Point","coordinates":[79.8538148,6.8991318]}},
{"type":"Feature","properties":{"osm_id":"12100573136","code":2501,"fclass":"supermarket","name":"Cargills Food City"},"geometry":{"type":"Point","coordinates":[79.8782064,6.9286469]}},
{"type":"Feature","properties":{"osm_id":"12100573139","code":2517,"fclass":"shoe_shop","name":"DSI"},"geometry":{"type":"Point","coordinates":[79.8782139,6.9303487]}},
{"type":"Feature","properties":{"osm_id":"12100573141","code":2501,"fclass":"supermarket","name":"Cargills Food City Express"},"geometry":{"type":"Point","coordinates":[79.9085229,7.0243761]}},
{"type":"Feature","properties":{"osm_id":"12100573142","code":2501,"fclass":"supermarket","name":"Keells"},"geometry":{"type":"Point","coordinates":[79.9176643,7.0271473]}},
{"type":"Feature","properties":{"osm_id":"12100573151","code":2501,"fclass":"supermarket","name":"Cargills Food City"},"geometry":{"type":"Point","coordinates":[79.9235432,7.0276351]}},
{"type":"Feature","properties":{"osm_id":"12100573155","code":2101,"fclass":"pharmacy","name":"Sampath Pharmacy and Grocery"},"geometry":{"type":"Point","coordinates":[79.9080656,7.0241112]}},
{"type":"Feature","properties":{"osm_id":"12100573156","code":2529,"fclass":"beauty_shop","name":"Salon Dia"},"geometry":{"type":"Point","coordinates":[79.9055568,7.0220136]}},
{"type":"Feature","properties":{"osm_id":"12100573159","code":2563,"fclass":"car_rental","name":"Perera Enterprise"},"geometry":{"type":"Point","coordinates":[79.8998502,7.0217999]}},
{"type":"Feature","properties":{"osm_id":"12100585600","code":2501,"fclass":"supermarket","name":"Arpico Superstore"},"geometry":{"type":"Point","coordinates":[79.8889872,6.977953]}},
{"type":"Feature","properties":{"osm_id":"12100587580","code":2101,"fclass":"pharmacy","name":"Mabola Osu Sala"},"geometry":{"type":"Point","coordinates":[79.8978635,7.0021721]}},
{"type":"Feature","properties":{"osm_id":"12100587581","code":2515,"fclass":"bookshop","name":"Sarasavi Book Shop"},"geometry":{"type":"Point","coordinates":[79.8932663,6.9892016]}},
{"type":"Feature","properties":{"osm_id":"12100587584","code":2101,"fclass":"pharmacy","name":"Health and Glow"},"geometry":{"type":"Point","coordinates":[79.8878945,6.9819866]}},
{"type":"Feature","properties":{"osm_id":"12100845597","code":2512,"fclass":"clothes","name":"Mimosa"},"geometry":{"type":"Point","coordinates":[79.8552968,6.9008451]}},
{"type":"Feature","properties":{"osm_id":"12101797454","code":2512,"fclass":"clothes","name":"Fashion Bug"},"geometry":{"type":"Point","coordinates":[79.8558856,6.8993472]}},
{"type":"Feature","properties":{"osm_id":"12101797455","code":2512,"fclass":"clothes","name":"Will by Zac"},"geometry":{"type":"Point","coordinates":[79.8560045,6.8990665]}},
{"type":"Feature","properties":{"osm_id":"12105508717","code":2515,"fclass":"bookshop","name":"Colombo Cathelic Bookshop"},"geometry":{"type":"Point","coordinates":[79.8728209,6.9190906]}},
{"type":"Feature","properties":{"osm_id":"12105592897","code":2101,"fclass":"pharmacy","name":"United Pharma"},"geometry":{"type":"Point","coordinates":[79.8733053,6.9192384]}},
{"type":"Feature","properties":{"osm_id":"12105611064","code":2501,"fclass":"supermarket","name":"Cargills Food City"},"geometry":{"type":"Point","coordinates":[79.854571,6.9024987]}},
{"type":"Feature","properties":{"osm_id":"12107888169","code":2501,"fclass":"supermarket","name":"ULife Supermarket"},"geometry":{"type":"Point","coordinates":[79.8584861,6.9202407]}},
{"type":"Feature","properties":{"osm_id":"12131522426","code":2520,"fclass":"jeweller","name":"Mallika Hemachandra Jewellers"},"geometry":{"type":"Point","coordinates":[79.8717179,6.9116656]}},
{"type":"Feature","properties":{"osm_id":"12144914470","code":2504,"fclass":"mall","name":"Glamour Gate"},"geometry":{"type":"Point","coordinates":[79.9976012,6.4343953]}},
{"type":"Feature","properties":{"osm_id":"12223406473","code":2101,"fclass":"pharmacy","name":"New Piersons Pharmacy"},"geometry":{"type":"Point","coordinates":[79.8584129,6.9034839]}},
{"type":"Feature","properties":{"osm_id":"12270944611","code":2501,"fclass":"supermarket","name":"Kumara Super"},"geometry":{"type":"Point","coordinates":[80.093595,7.0019165]}},
{"type":"Feature","properties":{"osm_id":"12309627001","code":2501,"fclass":"supermarket","name":"Spar"},"geometry":{"type":"Point","coordinates":[79.889113,6.9842239]}},
{"type":"Feature","properties":{"osm_id":"12343239226","code":2101,"fclass":"pharmacy","name":null},"geometry":{"type":"Point","coordinates":[79.9037861,7.1272384]}},
{"type":"Feature","properties":{"osm_id":"12343239228","code":2515,"fclass":"bookshop","name":null},"geometry":{"type":"Point","coordinates":[79.9046457,7.1266483]}},
{"type":"Feature","properties":{"osm_id":"12343239235","code":2501,"fclass":"supermarket","name":null},"geometry":{"type":"Point","coordinates":[79.9054495,7.1297691]}},
{"type":"Feature","properties":{"osm_id":"12411461582","code":2542,"fclass":"bicycle_shop","name":"Borella Cycle Bazaar"},"geometry":{"type":"Point","coordinates":[79.8777693,6.9162035]}},
{"type":"Feature","properties":{"osm_id":"12411461583","code":2520,"fclass":"jeweller","name":"Ramya Jewellery"},"geometry":{"type":"Point","coordinates":[79.8777764,6.9155774]}},
{"type":"Feature","properties":{"osm_id":"12411461585","code":2542,"fclass":"bicycle_shop","name":"Bicycle Bazaar"},"geometry":{"type":"Point","coordinates":[79.8777829,6.9165838]}},
{"type":"Feature","properties":{"osm_id":"12460385528","code":2501,"fclass":"supermarket","name":"Cargills Food City"},"geometry":{"type":"Point","coordinates":[79.849425,6.9256622]}},
{"type":"Feature","properties":{"osm_id":"12467117483","code":2501,"fclass":"supermarket","name":"Cargills Food City"},"geometry":{"type":"Point","coordinates":[79.9067727,6.832939]}},
{"type":"Feature","properties":{"osm_id":"12495138658","code":2101,"fclass":"pharmacy","name":"Keystone Pharmacy"},"geometry":{"type":"Point","coordinates":[79.9052693,6.8345116]}},
{"type":"Feature","properties":{"osm_id":"12495328649","code":2101,"fclass":"pharmacy","name":null},"geometry":{"type":"Point","coordinates":[79.9067979,6.833098]}},
{"type":"Feature","properties":{"osm_id":"12495328650","code":2101,"fclass":"pharmacy","name":"Sameera Pharmacy"},"geometry":{"type":"Point","coordinates":[79.9072394,6.833168]}},
{"type":"Feature","properties":{"osm_id":"12495408527","code":2101,"fclass":"pharmacy","name":"Gagana Pharmacy"},"geometry":{"type":"Point","coordinates":[79.9087727,6.8422574]}},
{"type":"Feature","properties":{"osm_id":"12495410559","code":2101,"fclass":"pharmacy","name":"Twister Pharmacy"},"geometry":{"type":"Point","coordinates":[79.9036255,6.8371751]}},
{"type":"Feature","properties":{"osm_id":"12495446228","code":2501,"fclass":"supermarket","name":"Cargills Food City Express"},"geometry":{"type":"Point","coordinates":[79.9064489,6.8417932]}},
{"type":"Feature","properties":{"osm_id":"12495451660","code":2101,"fclass":"pharmacy","name":"S H G Hela Osu"},"geometry":{"type":"Point","coordinates":[79.9026755,6.8394586]}},
{"type":"Feature","properties":{"osm_id":"12496003104","code":2501,"fclass":"supermarket","name":"Samantha Super"},"geometry":{"type":"Point","coordinates":[80.0940376,7.0016508]}},
{"type":"Feature","properties":{"osm_id":"12496003105","code":2501,"fclass":"supermarket","name":"Sewmini Super"},"geometry":{"type":"Point","coordinates":[80.0927972,7.0005741]}},
{"type":"Feature","properties":{"osm_id":"12504638650","code":2101,"fclass":"pharmacy","name":null},"geometry":{"type":"Point","coordinates":[79.900909,6.8404133]}},
{"type":"Feature","properties":{"osm_id":"12520124827","code":2501,"fclass":"supermarket","name":"Keells Super - Raththanapitiya"},"geometry":{"type":"Point","coordinates":[79.895943,6.8490693]}},
{"type":"Feature","properties":{"osm_id":"12525696976","code":2501,"fclass":"supermarket","name":"Cargills Food City"},"geometry":{"type":"Point","coordinates":[79.8936691,6.9017707]}},
{"type":"Feature","properties":{"osm_id":"12538911981","code":2517,"fclass":"shoe_shop","name":null},"geometry":{"type":"Point","coordinates":[79.9086688,6.8399486]}},
{"type":"Feature","properties":{"osm_id":"12538987951","code":2101,"fclass":"pharmacy","name":"Redwin Chemists"},"geometry":{"type":"Point","coordinates":[79.9120087,6.8426747]}},
{"type":"Feature","properties":{"osm_id":"12555065901","code":2101,"fclass":"pharmacy","name":null},"geometry":{"type":"Point","coordinates":[79.8528697,6.902067]}},
{"type":"Feature","properties":{"osm_id":"12566711750","code":2501,"fclass":"supermarket","name":"Cargills Food City"},"geometry":{"type":"Point","coordinates":[79.8676665,6.8825931]}},
{"type":"Feature","properties":{"osm_id":"12566754093","code":2101,"fclass":"pharmacy","name":"Healthguard Pharmacy"},"geometry":{"type":"Point","coordinates":[79.8677007,6.8825351]}},
{"type":"Feature","properties":{"osm_id":"12581881596","code":2101,"fclass":"pharmacy","name":null},"geometry":{"type":"Point","coordinates":[79.8850911,7.1656958]}},
{"type":"Feature","properties":{"osm_id":"12581896891","code":2101,"fclass":"pharmacy","name":null},"geometry":{"type":"Point","coordinates":[79.8831706,7.1652225]}},
{"type":"Feature","properties":{"osm_id":"12581915582","code":2016,"fclass":"market_place","name":null},"geometry":{"type":"Point","coordinates":[79.8830098,7.1643073]}},
{"type":"Feature","properties":{"osm_id":"12581915583","code":2101,"fclass":"pharmacy","name":null},"geometry":{"type":"Point","coordinates":[79.883166,7.1655552]}},
{"type":"Feature","properties":{"osm_id":"12581920086","code":2501,"fclass":"supermarket","name":"Lanka Sathosa Mega"},"geometry":{"type":"Point","coordinates":[79.8834677,7.1658961]}},
{"type":"Feature","properties":{"osm_id":"12581920571","code":2512,"fclass":"clothes","name":null},"geometry":{"type":"Point","coordinates":[79.8829961,7.164786]}},
{"type":"Feature","properties":{"osm_id":"12581936193","code":2501,"fclass":"supermarket","name":"Cargills - Food City"},"geometry":{"type":"Point","coordinates":[79.8835081,7.1634812]}},
{"type":"Feature","properties":{"osm_id":"12581943207","code":2016,"fclass":"market_place","name":null},"geometry":{"type":"Point","coordinates":[79.8830584,7.1633963]}},
{"type":"Feature","properties":{"osm_id":"12581950220","code":2513,"fclass":"florist","name":null},"geometry":{"type":"Point","coordinates":[79.8749953,7.1592922]}},
{"type":"Feature","properties":{"osm_id":"12581951302","code":2101,"fclass":"pharmacy","name":null},"geometry":{"type":"Point","coordinates":[79.8833275,7.1623013]}},
{"type":"Feature","properties":{"osm_id":"12581953608","code":2512,"fclass":"clothes","name":null},"geometry":{"type":"Point","coordinates":[79.8829916,7.1649623]}}
]
}
